year,date,gt_z_multisession_raw,gt_z_q25_raw,gt_z_q75_raw,gt_z_min_raw,gt_z_max_raw,n_acquisition_dates,aggregate_year_mean,aggregate_year_sd,gt_z,gt_z_q25,gt_z_q75,gt_z_min,gt_z_max
2021,2021-05-01,-0.963062747295593,-0.9671851282376918,-0.9579930731712858,-0.972190302247142,-0.95255497162946,10,0.001363779957318519,0.9984053910674102,-0.9659668666470527,-0.9700958316736652,-0.9608890954634585,-0.9751089997256718,-0.9554423084263695
2021,2021-05-02,-0.963062747295593,-0.9671851282376918,-0.9579930731712858,-0.972190302247142,-0.95255497162946,10,0.001363779957318519,0.9984053910674102,-0.9659668666470527,-0.9700958316736652,-0.9608890954634585,-0.9751089997256718,-0.9554423084263695
2021,2021-05-03,-0.789429065908805,-0.9223638615492883,-0.7657345042066608,-0.967228736633145,-0.7301701922648216,10,0.001363779957318519,0.9984053910674102,-0.7920558652239197,-0.9252029784404867,-0.768323459615801,-0.9701395097185189,-0.7327023459278862
2021,2021-05-04,-0.7361014896635147,-0.7521558377630672,-0.6932499876532507,-0.9645119795741118,-0.6686984173359953,10,0.001363779957318519,0.9984053910674102,-0.7386431165324518,-0.7547231059267283,-0.6957231739984369,-0.9674184135752693,-0.6711323909989511
2021,2021-05-05,-0.9576698108777919,-0.9607511927944119,-0.8016800592644475,-0.972190302247142,-0.7655816313766003,10,0.001363779957318519,0.9984053910674102,-0.9605653168697268,-0.963651620233259,-0.8043264253243062,-0.9751089997256718,-0.7681703426240176
2021,2021-05-06,-0.57217020889753,-0.6063995024494505,-0.5403155298949706,-0.7210747019912929,-0.5189225442611657,10,0.001363779957318519,0.9984053910674102,-0.5744500119752706,-0.6087339750409402,-0.5425444560882945,-0.7235923287395729,-0.5211173025240161
2021,2021-05-07,-0.6170652522113502,-0.6232432541267652,-0.6099155641774796,-0.6449864952738421,-0.5940658375117079,10,0.001363779957318519,0.9984053910674102,-0.619416759666629,-0.6256046288134591,-0.612255652467251,-0.6473825973036241,-0.5963806113190592
2021,2021-05-08,-0.7393664325977285,-0.7542621774947176,-0.6994965277872549,-0.9645119795741118,-0.6458780992435419,10,0.001363779957318519,0.9984053910674102,-0.7419132740891164,-0.7568328098110378,-0.7019796908300676,-0.9674184135752693,-0.6482756253037499
2021,2021-05-09,-0.2843494337105548,-0.3021688863756504,-0.2602739230136738,-0.379989953783195,-0.2222757352392701,10,0.001363779957318519,0.9984053910674102,-0.2861695421760624,-0.30401745528282614,-0.2620555791383213,-0.38196281505732105,-0.22399670233900906
2021,2021-05-10,-0.42265171482465097,-0.4495648439711679,-0.40700024582703986,-0.4910251511707507,-0.32783674043960304,10,0.001363779957318519,0.9984053910674102,-0.42469271357664456,-0.45164882718270566,-0.40901624674499226,-0.49317535295121834,-0.3297263049080377
2021,2021-05-11,-0.6285640909423933,-0.6445779137915943,-0.61441848710842,-0.8136206580406175,-0.5646638535494761,10,0.001363779957318519,0.9984053910674102,-0.6309339638343163,-0.646973363253104,-0.6167657672675388,-0.816286095096726,-0.5669316678084501
2021,2021-05-12,-0.5744385339261066,-0.5931528998630509,-0.5488606237903693,-0.601979958655348,-0.43994478825022076,10,0.001363779957318519,0.9984053910674102,-0.576721959872258,-0.5954662155667676,-0.5511031978297258,-0.6043073725469598,-0.44201340673424216
2021,2021-05-13,-0.6150694205924727,-0.6731734290998976,-0.5812587402617349,-0.696730974233011,-0.5441040863714978,10,0.001363779957318519,0.9984053910674102,-0.6174177403937625,-0.6756145500537194,-0.5835530591397978,-0.6992097202560034,-0.5463390634796637
2021,2021-05-14,-0.4098064297680582,-0.4194914573962374,-0.3765614650509687,-0.4778469099667047,-0.3192015122870583,10,0.001363779957318519,0.9984053910674102,-0.41182691259888776,-0.42152740872483996,-0.3785288504945287,-0.4799760640431757,-0.32107728495101134
2021,2021-05-15,-0.36795436970012974,-0.38913768756653994,-0.3448666783618258,-0.4696782044712289,-0.303509088252717,10,0.001363779957318519,0.9984053910674102,-0.36990800827167475,-0.3911251591964737,-0.34678344229390035,-0.47179431185257253,-0.3053597976710556
2021,2021-05-16,-0.7426134594238658,-0.7521558377630672,-0.7217054866449342,-0.958164226126425,-0.6934968967056694,10,0.001363779957318519,0.9984053910674102,-0.7451654869228892,-0.7547231059267283,-0.7242241208545643,-0.9610605217765278,-0.6959704774030736
2021,2021-05-17,-0.22564465627902963,-0.2446535026931281,-0.19973311633304525,-0.32783674043960304,-0.11248150803424546,10,0.001363779957318519,0.9984053910674102,-0.2273710040704508,-0.24641021057330814,-0.20141807935889453,-0.3297263049080377,-0.11402711665033206
2021,2021-05-18,-0.5525914121092437,-0.5681301847487413,-0.5208921415918846,-0.5959999445924312,-0.453842454355728,10,0.001363779957318519,0.9984053910674102,-0.5548399447986958,-0.5704035352785959,-0.5230900456084792,-0.598317807470069,-0.45593326957737945
2021,2021-05-19,-0.5751169988439311,-0.5962207720819701,-0.564603952775885,-0.6189433641198037,-0.5018513655776815,10,0.001363779957318519,0.9984053910674102,-0.5774015084042418,-0.5985389876555073,-0.5668716713639926,-0.6212978712123565,-0.5040188585089721
2021,2021-05-20,-0.6128448783678322,-0.6383585321395704,-0.5999147145819475,-0.8123249664398152,-0.5263248799250377,10,0.001363779957318519,0.9984053910674102,-0.615189645228669,-0.6407440482797796,-0.6022388299570679,-0.8149883340746056,-0.5285314608710159
2021,2021-05-21,-0.5788861007442299,-0.5970186836642317,-0.5417596420565137,-0.6934968967056694,-0.5084932885289181,10,0.001363779957318519,0.9984053910674102,-0.5811766301473938,-0.5993381736268577,-0.5439908747219111,-0.6959704774030736,-0.5106713896457837
2021,2021-05-22,-0.9580501241563322,-0.9656941060427677,-0.9537671286144311,-0.972190302247142,-0.7697621575078567,10,0.001363779957318519,0.9984053910674102,-0.9609462375678148,-0.9686024280840372,-0.956656401414865,-0.9751089997256718,-0.7723575457067122
2021,2021-05-23,-0.5715751804462207,-0.5777093022032057,-0.5629511076681314,-0.6447484206490504,-0.4910251511707507,10,0.001363779957318519,0.9984053910674102,-0.573854033170836,-0.5799979520757881,-0.5652161864051358,-0.6471441424365714,-0.49317535295121834
2021,2021-05-24,-0.31345984101367474,-0.3212432224127072,-0.30367232016414475,-0.3432029869120205,-0.2858112650788909,10,0.001363779957318519,0.9984053910674102,-0.3153264433342158,-0.32312225600577105,-0.3055232902892728,-0.3451170936696941,-0.2876337083168053
2021,2021-05-25,-0.2529990829760878,-0.271534162276611,-0.24561722368084138,-0.3751861895219534,-0.2303863741677884,10,0.001363779957318519,0.9984053910674102,-0.25476912004798286,-0.27333380275738517,-0.247375470773559,-0.3771513784362649,-0.23212029522130218
2021,2021-05-26,-0.4408781019321326,-0.4777893574758604,-0.4114179431366136,-0.4985029924791932,-0.35591878561706447,10,0.001363779957318519,0.9984053910674102,-0.44294821106348764,-0.4799184196320385,-0.41344099980532056,-0.5006651375370647,-0.35785320148602845
2021,2021-05-27,-0.5918386291339399,-0.5989843444053096,-0.5739559107758415,-0.6092429405920712,-0.4985029924791932,10,0.001363779957318519,0.9984053910674102,-0.5941498457425763,-0.6013069738343328,-0.5762385658976431,-0.6115819545972011,-0.5006651375370647
2021,2021-05-28,-0.5519303700710517,-0.5825462015535412,-0.5417596420565137,-0.6196487127024938,-0.5155713852969925,10,0.001363779957318519,0.9984053910674102,-0.5541778469733973,-0.5848425767078369,-0.5439908747219111,-0.6220043463466063,-0.5177607912369623
2021,2021-05-29,-0.49786107715879474,-0.5349465289892809,-0.47672597687197615,-0.601979958655348,-0.4641302385847708,10,0.001363779957318519,0.9984053910674102,-0.5000221969779074,-0.5371668800518213,-0.47885334064368557,-0.6043073725469598,-0.46623748500037915
2021,2021-05-30,-0.6026214425922511,-0.617190881823279,-0.5812587402617349,-0.7659003772984255,-0.5727147112309384,10,0.001363779957318519,0.9984053910674102,-0.604949881033635,-0.6195425899286174,-0.5835530591397978,-0.7684895976327315,-0.5749953839637234
2021,2021-05-31,-0.22920982615870839,-0.24313034974909076,-0.21781217314840892,-0.2618068094679141,-0.19602541178217503,10,0.001363779957318519,0.9984053910674102,-0.23094186808177908,-0.24488462491675542,-0.21952601124419324,-0.26359091385100897,-0.19770445302630205
2021,2021-06-01,-0.1615263235534335,-0.17944366595735253,-0.14115747358097838,-0.20985641906737304,-0.11476421956902665,10,0.001363779957318519,0.9984053910674102,-0.16315026437968624,-0.18109622357043473,-0.14274888218093984,-0.2115575505846106,-0.11631347403101558
2021,2021-06-02,-0.46911883225586526,-0.49594759161674296,-0.4527533756833564,-0.5155713852969925,-0.4040805484641629,10,0.001363779957318519,0.9984053910674102,-0.47123404623264675,-0.4981056553013785,-0.4548424514767207,-0.5177607912369623,-0.4060918861706213
2021,2021-06-03,-0.3750615340311698,-0.41150647389335493,-0.35548070804722626,-0.42894996889191017,-0.3318087644212592,10,0.001363779957318519,0.9984053910674102,-0.3770265238512448,-0.41352967195947093,-0.35741442423807124,-0.43100102693673736,-0.33370467283072053
2021,2021-06-04,-0.5492421966748027,-0.57995908108051,-0.5244192235234191,-0.6954666287817778,-0.4985029924791932,10,0.001363779957318519,0.9984053910674102,-0.5514853801454939,-0.5822513242004107,-0.526622760839277,-0.6979433554481356,-0.5006651375370647
2021,2021-06-05,-0.6525804916297986,-0.6675541915216306,-0.6290214670370845,-0.7455564232541539,-0.601979958655348,10,0.001363779957318519,0.9984053910674102,-0.6549887224546889,-0.6699863376777232,-0.6313920704298769,-0.748113151124844,-0.6043073725469598
2021,2021-06-06,-0.48943131157407216,-0.5188835774578164,-0.4776897957980316,-0.5472514685358122,-0.46647891704450895,10,0.001363779957318519,0.9984053910674102,-0.4915789677444292,-0.521078273484612,-0.4798186989387014,-0.5494914725035668,-0.4685899146654745
2021,2021-06-07,-4.986395457351927e-4,-0.02014461553224144,0.005627438152907709,-0.024646702772156977,0.03773024414361638,10,0.001363779957318519,0.9984053910674102,-0.0018653940771118744,-0.02154274774755073,0.004270467921883765,-0.02605202552208507,0.036424547094460226
2021,2021-06-08,0.6884927819618128,0.6519400687109542,0.7029564916725893,0.6178303247142115,0.7223758705821319,10,0.001363779957318519,0.9984053910674102,0.6882264540557763,0.6516153604279868,0.7027132645639939,0.6174511378567571,0.7221636592466398
2021,2021-06-09,0.8907493970337301,0.8585381992409011,0.913297401055858,0.8344714916463052,0.9234632855821363,10,0.001363779957318519,0.9984053910674102,0.8908061044477695,0.8585434603544804,0.913390121144656,0.83443831447895,0.9235722421720773
2021,2021-06-10,1.0446030255082634,1.0073876231538903,1.059274411652864,0.9152028131627594,1.0803611521215675,10,0.001363779957318519,0.9984053910674102,1.0449054611329793,1.007630619983949,1.059600279766636,0.9152985764915009,1.0807206990445801
2021,2021-06-11,0.5745706969176105,0.5319261776083506,0.5857178942381361,0.463180860050682,0.6178303247142115,10,0.001363779957318519,0.9984053910674102,0.5741224176959501,0.5314097884465546,0.5852874188270116,0.4625546739081886,0.6174511378567571
2021,2021-06-12,-0.013154966983764026,-0.03505842495092591,0.003267602915844324,-0.17192410752960763,0.01957876810623057,10,0.001363779957318519,0.9984053910674102,-0.014541935641553712,-0.036480376843022556,0.0019068636603518329,-0.1735646552365482,0.018244080322360974
2021,2021-06-13,-0.016961367811600854,-0.0567227535580465,-0.006209569649490294,-0.08780327295998348,0.07762738090687886,10,0.001363779957318519,0.9984053910674102,-0.01835441588444117,-0.058179306757612584,-0.0075854454258425345,-0.08930946659049203,0.07638540579996846
2021,2021-06-14,-0.2798110707908301,-0.30133039134020634,-0.27168764700805764,-0.36783329159917366,-0.2618068094679141,10,0.001363779957318519,0.9984053910674102,-0.28162393078380754,-0.30317762104019685,-0.27348753262785647,-0.36978673679013097,-0.26359091385100897
2021,2021-06-15,-0.09893189445815578,-0.11419354168533134,-0.07801346036486076,-0.13454660802319846,-0.0353924699413122,10,0.001363779957318519,0.9984053910674102,-0.10045586223071842,-0.11574188468584469,-0.0795040181396816,-0.13612745804108,-0.03681495535529316
2021,2021-06-16,-0.34377168264825364,-0.3770439943431524,-0.32285617829050484,-0.5194332576874204,-0.2791348502244075,10,0.001363779957318519,0.9984053910674102,-0.3456866977016046,-0.3790121504611563,-0.324737788025358,-0.5216288316391672,-0.28094663018780447
2021,2021-06-17,-0.31382218746157736,-0.32625754239871685,-0.28806647036989824,-0.41819637581983765,-0.2791348502244075,10,0.001363779957318519,0.9984053910674102,-0.3156893685058389,-0.3281445846418863,-0.289892515521959,-0.420230258701426,-0.28094663018780447
2021,2021-06-18,-0.4732031850036032,-0.49430675136645075,-0.45393561657805787,-0.5084932885289181,-0.3673884372465706,10,0.001363779957318519,0.9984053910674102,-0.4753249223279484,-0.49646219437361055,-0.4560265805942904,-0.5106713896457837,-0.36934117193583116
2021,2021-06-19,-0.6342650228854956,-0.6615400528561253,-0.6017357994742742,-0.7655816313766003,-0.5409092613101795,10,0.001363779957318519,0.9984053910674102,-0.6366440010537742,-0.6639625934959379,-0.6040628234056408,-0.7681703426240176,-0.5431391357850599
2021,2021-06-20,-0.42277879596857815,-0.4431950798808737,-0.39447635379791135,-0.4985029924791932,-0.35591878561706447,10,0.001363779957318519,0.9984053910674102,-0.42481999768895423,-0.44526888958693184,-0.39647235210942844,-0.5006651375370647,-0.35785320148602845
2021,2021-06-21,-0.16915253112306256,-0.18571946772168685,-0.1598859534221062,-0.2791348502244075,-0.1390840069735159,10,0.001363779957318519,0.9984053910674102,-0.1707886521907494,-0.18738204876777742,-0.1615072743217364,-0.28094663018780447,-0.1406721039243183
2021,2021-06-22,-0.18357529471013023,-0.20610369124583922,-0.17575111169923086,-0.24192558104751352,-0.06977116458010027,10,0.001363779957318519,0.9984053910674102,-0.18523445117792042,-0.20779882907217792,-0.1773977717279683,-0.2436779320118932,-0.07124855812463848
2021,2021-06-23,-0.4267757107696978,-0.45769225042210204,-0.40800377480518063,-0.5401176194232343,-0.3452905714307498,10,0.001363779957318519,0.9984053910674102,-0.4288232961856165,-0.4597892143677598,-0.4100213785152323,-0.5423462295227062,-0.3472080123860859
2021,2021-06-24,-0.4482777063194343,-0.4563561449108677,-0.4194685811344913,-0.5551955644025163,-0.39800171156529474,10,0.001363779957318519,0.9984053910674102,-0.45035963377164295,-0.45845097488789693,-0.4215044959261404,-0.5574482563288333,-0.40000334042231644
2021,2021-06-25,-0.4954903330942305,-0.5093357145278552,-0.47225813666967836,-0.5199957340568716,-0.46130929588161884,10,0.001363779957318519,0.9984053910674102,-0.4976476664657778,-0.5115151611302672,-0.47437836460462274,-0.5221922063709981,-0.46341203681230786
2021,2021-06-26,-0.5050961000039482,-0.5179653710986549,-0.47194691972272773,-0.5667397901542583,-0.2215508774708947,10,0.001363779957318519,0.9984053910674102,-0.5072687752815546,-0.5201586006068646,-0.4740666505957291,-0.5690109200073618,-0.2232706868598654
2021,2021-06-27,-0.5293518866486256,-0.5436556318701825,-0.5157981894322048,-0.5641464290938806,-0.5113344084265964,10,0.001363779957318519,0.9984053910674102,-0.5315633021958626,-0.5458898927266534,-0.5179879576137081,-0.5664134169453989,-0.5135170472545041
2021,2021-06-28,-0.26642341264323993,-0.2722684902697697,-0.23927826001919877,-0.29389844996173653,-0.2285246083889633,10,0.001363779957318519,0.9984053910674102,-0.2682148904607407,-0.27406930358673626,-0.2410263827995192,-0.29573380969366136,-0.23025555591251834
2021,2021-06-29,-0.1522190559346117,-0.16969283514596056,-0.11888618841779727,-0.1891335125579555,-0.0803919369217673,10,0.001363779957318519,0.9984053910674102,-0.15382813160467063,-0.17132981916333592,-0.12044202630612276,-0.19080154636546032,-0.08188629349414826
2021,2021-06-30,-0.44831017194454903,-0.4585805904826498,-0.43803616005112994,-0.5023589081779314,-0.4132233999085878,10,0.001363779957318519,0.9984053910674102,-0.45039215124941817,-0.4606789732457623,-0.4401017301586076,-0.5045272117338152,-0.4152493401729982
2021,2021-07-01,-0.43694686306709574,-0.44482390182914117,-0.4132281693156626,-0.46170937096750136,-0.3841534966221954,10,0.001363779957318519,0.9984053910674102,-0.4390106933976085,-0.44690031301757466,-0.415254117197559,-0.46381275088042284,-0.3861330077227964
2021,2021-07-02,-0.5952025819948159,-0.6110963889948695,-0.567232341503263,-0.6194550372905782,-0.5026693012584956,10,0.001363779957318519,0.9984053910674102,-0.597519171360179,-0.613438363245813,-0.5695042580375962,-0.6218103616048887,-0.5048381005604795
2021,2021-07-03,-0.7043570113247153,-0.7313360463052834,-0.6817203955116504,-0.7787293083150103,-0.6393397616320223,10,0.001363779957318519,0.9984053910674102,-0.7068479373168619,-0.7338700620188574,-0.6841751673022052,-0.781339018450531,-0.6417268449485785
2021,2021-07-04,-0.6542282078123356,-0.6713320562642531,-0.6204559135695964,-0.6963557347614482,-0.6075727624470866,10,0.001363779957318519,0.9984053910674102,-0.6566390702966366,-0.673770236258823,-0.6228128364392325,-0.6988338814685529,-0.6099091089175529
2021,2021-07-05,-0.45032194821921434,-0.5032936334875748,-0.4478772472546115,-0.5199957340568716,-0.3936805521093488,10,0.001363779957318519,0.9984053910674102,-0.4524071406441714,-0.5054634299453817,-0.4499585351113135,-0.5221922063709981,-0.3956752794016061
2021,2021-07-06,-0.00991138228398356,-0.06973721025244199,-0.0026683589185777356,-0.15201413460218566,0.012359950340833566,10,0.001363779957318519,0.9984053910674102,-0.011293170431749806,-0.07121454956662983,-0.004038578829773178,-0.1536228829809558,0.011013732980506922
2021,2021-07-07,-0.12204858191697213,-0.14136493595672076,-0.10640860815369987,-0.2383555821690645,-0.09470614450397238,10,0.001363779957318519,0.9984053910674102,-0.12360947064032642,-0.14295667590641298,-0.10794451740269283,-0.24010223128913138,-0.096223363095607
2021,2021-07-08,-0.35656457441115064,-0.37264801144213566,-0.343330928194395,-0.39485372947514064,-0.28094448749477297,10,0.001363779957318519,0.9984053910674102,-0.35850002170541423,-0.37460914649067806,-0.3452452392942262,-0.3968503305143986,-0.28275915773078053
2021,2021-07-09,-0.3326342707646903,-0.34500376706622593,-0.32928439753403843,-0.39485372947514064,-0.29389844996173653,10,0.001363779957318519,0.9984053910674102,-0.3345314976363724,-0.34692074995031597,-0.3311762741363566,-0.3968503305143986,-0.29573380969366136
2021,2021-07-10,1.4638904479553958,1.4348215644181692,1.5014331437937283,1.3979078282439934,1.527470593854511,10,0.001363779957318519,0.9984053910674102,1.4648625509067694,1.4357472398344318,1.502465208278436,1.3987745466734796,1.5285442442028572
2021,2021-07-11,0.6189278790011844,0.6062903944836193,0.6271921981563644,0.5756944339294526,0.644577192778474,10,0.001363779957318519,0.9984053910674102,0.6185504451088939,0.605892776559995,0.6268279636691098,0.5752479494908462,0.6442407248357167
2021,2021-07-12,1.1747954495372475,1.1519453072661054,1.1889436365287436,1.1477376007753617,1.2207573558615332,10,0.001363779957318519,0.9984053910674102,1.1753058227434003,1.1524191852356516,1.1894766065934055,1.1482047583822015,1.2213411373916387
2021,2021-07-13,0.3870713765491832,0.3499150741862195,0.4077354491711112,0.28445254272691406,0.4332171250621443,10,0.001363779957318519,0.9984053910674102,0.3863236317058534,0.3491079849401249,0.4070207080706311,0.2835408996208856,0.43254308216737986
2021,2021-07-14,0.09311526894309674,0.06783432234441067,0.11228959226752513,0.04739513809672497,0.1239258201324612,10,0.001363779957318519,0.9984053910674102,0.09189803040595095,0.06657670619749707,0.1111029781115406,0.04610487738872647,0.12275779084496904
2021,2021-07-15,0.36534615083305433,0.34217389845621193,0.40393739586777955,0.32478366063723085,0.4190100197180505,10,0.001363779957318519,0.9984053910674102,0.3645637074200859,0.34135444534662235,0.4032165886845458,0.32393643260894184,0.4183132858629901
2021,2021-07-16,1.2835639295006662,1.2767327001854027,1.3118910418938232,1.2532994549277183,1.3504155114980203,10,0.001363779957318519,0.9984053910674102,1.2842480229123445,1.277405883059754,1.3126203781165486,1.2539352112591626,1.3512063772997163
2021,2021-07-17,1.4690946742645241,1.4294456361022214,1.4957698354665343,1.3648370967106,1.51063905705464,10,0.001363779957318519,0.9984053910674102,1.4700750891759833,1.4303627253235474,1.4967928547656617,1.3656509960303516,1.5116858248168437
2021,2021-07-18,2.5845740130721104,2.5648195631341006,2.6661885947716106,2.5086105142055874,2.681576014106162,10,0.001363779957318519,0.9984053910674102,2.587336022247479,2.5675500213757387,2.669080955147175,2.5112511978403216,2.6844929505873245
2021,2021-07-19,4.720071732644268,4.6804907901567026,4.733168529617217,4.63982214407692,4.800163017476565,10,0.001363779957318519,0.9984053910674102,4.726244464327369,4.68660030490907,4.73936217892519,4.645866704666484,4.806463667417478
2021,2021-07-20,3.187384681918105,3.159140526595638,3.2244022869723965,3.0315119310046175,3.30744482465514,10,0.001363779957318519,0.9984053910674102,3.191109473632312,3.1628202079941623,3.2281862015681613,3.0349877696550913,3.311361371119241
2021,2021-07-21,2.3648902788568398,2.3402530675595923,2.392041329250107,2.263706018774267,2.419892660529239,10,0.001363779957318519,0.9984053910674102,2.3673014188882124,2.3426248581267495,2.3944958337383166,2.265955551780669,2.4223916479319434
2021,2021-07-22,2.267540108539902,2.2287448266096344,2.2832283277073895,2.1662529525843497,2.3400269957508586,10,0.001363779957318519,0.9984053910674102,2.2697957651849014,2.230938521146194,2.285509040882176,2.1683468378636412,2.3423984252461216
2021,2021-07-23,2.220446476210806,2.189766601599021,2.265945807563008,2.1484125188332537,2.4761809315308816,10,0.001363779957318519,0.9984053910674102,2.2226269169891326,2.191898041838544,2.268198917861001,2.1504779101608142,2.478769820070481
2021,2021-07-24,1.77550241337007,1.7681241168000827,1.7967892372074385,1.6295917690986925,1.8181056475080684,10,0.001363779957318519,0.9984053910674102,1.7769722091704585,1.769582128311521,1.7982930313813748,1.630828522871467,1.8196434873097427
2021,2021-07-25,1.5311798053790504,1.4927773400417874,1.567944804267735,1.4781542344099672,1.678147795820924,10,0.001363779957318519,0.9984053910674102,1.5322593799159905,1.4937955798595761,1.5690830982348374,1.4791491188501995,1.6794621011320168
2021,2021-07-26,0.8563989662614304,0.8283444617283359,0.8900773199997931,0.8191897472576243,0.9762558610219374,10,0.001363779957318519,0.9984053910674102,0.85640081068671,0.8283014987397853,0.8901329540021189,0.8191321627640209,0.9764491355784318
2021,2021-07-27,0.4540515852936975,0.4228910106746307,0.5020098266510575,0.4047027190683794,0.5503443498345131,10,0.001363779957318519,0.9984053910674102,0.45341081827733687,0.42220047536667554,0.5014456564166694,0.4039831342255125,0.5498573773627876
2021,2021-07-28,0.8816410367416405,0.8641885679269187,0.8972533535212662,0.8060666699056377,1.02506108051356,10,0.001363779957318519,0.9984053910674102,0.881683196685471,0.8642028535594557,0.8973204487669469,0.8059881258133024,1.0253323046080425
2021,2021-07-29,0.8488516860930873,0.8072385813286319,0.8587134314242701,0.7195148667324749,0.8768105230740423,10,0.001363779957318519,0.9984053910674102,0.8488414763362873,0.8071619089613894,0.8587189724109424,0.7192980859281721,0.8768449679350895
2021,2021-07-30,0.8519011610138886,0.8064017007651386,0.919072177158893,0.7709570363869752,0.9682271147628151,10,0.001363779957318519,0.9984053910674102,0.8518958217435583,0.8063236917692742,0.9191741204646728,0.7708224167408321,0.9684075661608843
2021,2021-07-31,1.0084688791596883,0.9604154261793402,1.031004463673918,0.9169060859370947,1.1634505980366796,10,0.001363779957318519,0.9984053910674102,1.0087136029240173,0.9605834010939035,1.0312851802771168,0.9170045696577781,1.1639428517477821
2021,2021-08-01,1.5701024259996217,1.558299982570359,1.595626556276962,1.5192803245029496,1.600282895115036,10,0.001363779957318519,0.9984053910674102,1.5712441660247258,1.559422872254823,1.5968090623140498,1.520340893715331,1.601472838050573
2021,2021-08-02,2.110021913722373,2.0934239495861813,2.1155688483632074,2.05122453141771,2.1856593465148095,10,0.001363779957318519,0.9984053910674102,2.1120259892734112,2.0954015156030055,2.117581783232921,2.0531346983902545,2.18778422682817
2021,2021-08-03,2.183729666543579,2.167002836081564,2.216687872268817,2.0447399229068024,2.2984396911134506,10,0.001363779957318519,0.9984053910674102,2.1858514648574365,2.169097919041611,2.2188623099711653,2.046639732949438,2.300744699205093
2021,2021-08-04,2.903970219187591,2.8963729345032414,2.916367529723574,2.8139105575407393,2.955467018420348,10,0.001363779957318519,0.9984053910674102,2.907242353856936,2.8996329351255055,2.919659464828992,2.81703885290171,2.9588214014997987
2021,2021-08-05,2.2118213704630962,2.187929404016774,2.2240605834530744,2.1580570606061698,2.263706018774267,10,0.001363779957318519,0.9984053910674102,2.2139880356039985,2.1900579099655753,2.226246796523642,2.160137855769286,2.265955551780669
2021,2021-08-06,1.7004904374642176,1.6719392291014126,1.7293669249483838,1.6481299409590175,1.7668357973595736,10,0.001363779957318519,0.9984053910674102,1.7018404274543601,1.6732436183643367,1.730763035187171,1.649396303079971,1.768291751224182
2021,2021-08-07,0.5654820245801311,0.5475923383275576,0.5852881234252658,0.46150739479669006,0.6358774787893379,10,0.001363779957318519,0.9984053910674102,0.565019229332992,0.5471009704647708,0.5848569616032071,0.46087853586950794,0.6355271160481728
2021,2021-08-08,0.18171508535163455,0.1378957832113357,0.22223306462699757,0.0992229714399485,0.23437287641155202,10,0.001363779957318519,0.9984053910674102,0.18063935452261506,0.1367500661310019,0.2212220473224252,0.09801548785509585,0.23338124827743567
2021,2021-08-09,0.812628208581631,0.7983811328625501,0.847939369096105,0.7759050390317951,0.972468861257804,10,0.001363779957318519,0.9984053910674102,0.8125601442886616,0.7982903137703697,0.8479277022269479,0.7757783221166332,0.9726560873857686
2021,2021-08-10,1.9967760745846435,1.9896729948425311,2.0205331301741003,1.8601787689807194,2.072879001916168,10,0.001363779957318519,0.9984053910674102,1.9985992788901106,1.9914848544231931,2.0223942781980146,1.8617838061111769,2.0748237544512467
2021,2021-08-11,1.077498123092747,1.0517186130245717,1.0892066401032894,0.9954775194231181,1.1382028213118658,10,0.001363779957318519,0.9984053910674102,1.0778530973124223,1.0520324133509567,1.0895803146484833,0.9957014939622648,1.1386547503906561
2021,2021-08-12,0.013990827876138048,0.006736194412705971,0.051796097413708164,-0.013557373158692652,0.06404303375472475,10,0.001363779957318519,0.9984053910674102,0.012647215281279444,0.005380995038141494,0.0505128657232827,-0.014944984521827092,0.06277936232935892
2021,2021-08-13,-0.4048586694144318,-0.44952967787580556,-0.39052204440500854,-0.5060880965199887,-0.3354403146990179,10,0.001363779957318519,0.9984053910674102,-0.40687124990125684,-0.4516136049216111,-0.39251172706845666,-0.5082623561705558,-0.33734202325996465
2021,2021-08-14,-0.6191527266552788,-0.6275827625300201,-0.6175104559115195,-0.7429467014047424,-0.5631396602692201,10,0.001363779957318519,0.9984053910674102,-0.6215075681324134,-0.6299510680876056,-0.6198626744264575,-0.7454992611431188,-0.5654050401540996
2021,2021-08-15,-0.7352480897388727,-0.7764413099982446,-0.7277055799675132,-0.7885387865644152,-0.6867267275926248,10,0.001363779957318519,0.9984053910674102,-0.7377883535951948,-0.7790473658440485,-0.7302337972608227,-0.7911641639647369,-0.6891894952753564
2021,2021-08-16,-0.6199805639519478,-0.6305210463401771,-0.5667195192398896,-0.6759622445611293,-0.5037231084346998,10,0.001363779957318519,0.9984053910674102,-0.6223367276141986,-0.6328940447947081,-0.5689906167171851,-0.6784078196876605,-0.5058935908308971
2021,2021-08-17,-0.3828303383219286,-0.3896043276413822,-0.35329755076511205,-0.3916006288921049,-0.3298448819615687,10,0.001363779957318519,0.9984053910674102,-0.3848077361326138,-0.39159254456820475,-0.35522778011370393,-0.39359203422299155,-0.33173765374482506
2021,2021-08-18,-0.07389173021578377,-0.10379500678470348,-0.0575857137763172,-0.15512954187290248,-0.04805659498079325,10,0.001363779957318519,0.9984053910674102,-0.07537570494550866,-0.10532674170518568,-0.05904364525777643,-0.15674326604237546,-0.04949930697517138
2021,2021-08-19,0.09251451219961776,0.06207512727847371,0.11720057103788777,0.05609777508202039,0.13872692934343,10,0.001363779957318519,0.9984053910674102,0.09129631416037189,0.06080831279992166,0.11602180047998978,0.05482141384090979,0.13758253973293802
2021,2021-08-20,0.009597908635294371,0.0021133126066071586,0.0322977131100018,-0.05825748887486432,0.061847995386780485,10,0.001363779957318519,0.9984053910674102,0.008247279864116741,7.507297696853409e-4,0.030983339462551725,-0.05971649328579932,0.06058081814321674
2021,2021-08-21,-0.05827584085847833,-0.09898551448360488,-0.05015338917439636,-0.1202555473981283,-0.0056504264142877535,10,0.001363779957318519,0.9984053910674102,-0.05973487458038987,-0.10050956789570062,-0.05159945007572234,-0.1218135723660524,-0.007025409151794822
2021,2021-08-22,0.09984151128116901,0.08415886006123924,0.1149966240371446,0.05609777508202039,0.15984928402228182,10,0.001363779957318519,0.9984053910674102,0.09863501560079364,0.08292731674395633,0.11381433343257441,0.05482141384090979,0.15873863010247177
2021,2021-08-23,-0.274599401970357,-0.29388030555506206,-0.2529561490664618,-0.34070756413776143,-0.21557874925218334,10,0.001363779957318519,0.9984053910674102,-0.2764039381163989,-0.29571563630754305,-0.2547261175662153,-0.34261768531654896,-0.2172890202221017
2021,2021-08-24,-0.05827584085847833,-0.08975165369748053,-0.04168476744056017,-0.12086471392364469,0.013017487944425277,10,0.001363779957318519,0.9984053910674102,-0.05973487458038987,-0.09126095919552896,-0.04311730263380773,-0.1224237118254008,0.011672320774077155
2021,2021-08-25,0.26581067113260126,0.23206982041781238,0.2854296767476489,0.2137309275396791,0.3638368998371791,10,0.001363779957318519,0.9984053910674102,0.26486925405376527,0.23107451394452364,0.2845195942768611,0.21270633099778805,0.36305204591527207
2021,2021-08-26,1.3291297233394332,1.3098461555378902,1.3515905064139597,1.3043990485538128,1.3931275223610948,10,0.001363779957318519,0.9984053910674102,1.3298865924217218,1.3105722257585704,1.352383248865567,1.3051164188961357,1.3939866058974508
2021,2021-08-27,0.9655438913529863,0.9530772313930653,0.990920696178756,0.9385898583091282,1.0306306174235496,10,0.001363779957318519,0.9984053910674102,0.9657200572253004,0.9532334860674737,0.9911373927613585,0.9387229743920025,1.030910736936052
2021,2021-08-28,1.146161694110921,1.1337701078946563,1.1604222454851,1.1073097173944455,1.1799769658429353,10,0.001363779957318519,0.9984053910674102,1.1466263347493364,1.134214957239629,1.160909662445447,1.107712305374016,1.1804956147377608
2021,2021-08-29,0.16537372479258738,0.14526009698088585,0.17326501609857714,0.07315453960017011,0.23419769662790538,10,0.001363779957318519,0.9984053910674102,0.16427189426523767,0.14412614185679187,0.17217578919268098,0.07190542066895192,0.23320578870438652
2021,2021-08-30,0.4924094403431549,0.466569916895764,0.5027133204641934,0.42481671611169014,0.5320241964289614,10,0.001363779957318519,0.9984053910674102,0.49182993679636694,0.46594914360497053,0.502150273819009,0.4241292564552879,0.5315079638184904
2021,2021-08-31,-0.27330036237279387,-0.27915644148092944,-0.2668196435364143,-0.34766672014231453,-0.18314930605278829,10,0.001363779957318519,0.9984053910674102,-0.2751028237502452,-0.2809682559289264,-0.26861175419637295,-0.3495879561772791,-0.18480778215033583
2021,2021-09-01,-0.6291611936625069,-0.6325694245489659,-0.6171192656113385,-0.6798478623150874,-0.5791565315226819,10,0.001363779957318519,0.9984053910674102,-0.6315320202204855,-0.6349456945825752,-0.6194708593344307,-0.6822996433784401,-0.5814474928459245
2021,2021-09-02,-0.7317810371543293,-0.7517661910903909,-0.707705546270512,-0.7869094127991105,-0.6829180216370858,10,0.001363779957318519,0.9984053910674102,-0.7343157635876061,-0.75433283692762,-0.7102018203945731,-0.789532187835719,-0.6853747062231188
2021,2021-09-03,-0.7376799315142573,-0.7518028018451367,-0.6929509130863045,-0.7872335780779043,-0.6696968573029625,10,0.001363779957318519,0.9984053910674102,-0.7402240794007062,-0.7543695061554441,-0.6954236217628199,-0.7898568708569587,-0.6721324256300739
2021,2021-09-04,-0.7684564954974535,-0.9628679902271438,-0.7331309643974087,-0.9720246956103222,-0.7214169015904381,10,0.001363779957318519,0.9984053910674102,-0.7710497983506936,-0.9657717985212275,-0.7356678468747728,-0.9749431285892562,-0.7239350748847829
2021,2021-09-05,-0.868446273977387,-0.9578029165320157,-0.7616693148809781,-0.9720246956103222,-0.680308524700379,10,0.001363779957318519,0.9984053910674102,-0.8711992760824123,-0.9606986351144144,-0.7642517775495247,-0.9749431285892562,-0.6827610415133188
2021,2021-09-06,-0.7976159781081671,-0.9185324374495133,-0.7887960883667573,-0.9720246956103222,-0.7706010114260312,10,0.001363779957318519,0.9984053910674102,-0.8002558531973514,-0.9213654349595979,-0.7914218767181376,-0.9749431285892562,-0.7731977394052636
2021,2021-09-07,-0.7320454922537782,-0.7564118366275155,-0.7301943168576774,-0.7858924447902148,-0.7200223086891263,10,0.001363779957318519,0.9984053910674102,-0.7345806410630434,-0.7589859022843264,-0.7327265090514747,-0.7885135955704985,-0.72253825460137
2021,2021-09-08,-0.7762217401565863,-0.7778418642135873,-0.7582576028766403,-0.9670543030513322,-0.6742036928852725,10,0.001363779957318519,0.9984053910674102,-0.7788274453151505,-0.7804501569626395,-0.7608346165096687,-0.9699647975391043,-0.6766464593308452
2021,2021-09-09,-0.8004288391436223,-0.8091511942893324,-0.7889596072913339,-0.9645119795741118,-0.722409362280318,10,0.001363779957318519,0.9984053910674102,-0.8030732068100436,-0.8118094929156153,-0.7915856568079082,-0.9674184135752693,-0.7249291206889816
2021,2021-09-10,-0.6575165993745673,-0.703014529342427,-0.6406267527039433,-0.7548639757854717,-0.5596571533756379,10,0.001363779957318519,0.9984053910674102,-0.6599327139324307,-0.7055033111817276,-0.6430158915457178,-0.7574355692674053,-0.5619169711545332
2021,2021-09-11,-0.6960691587035777,-0.7255056681797527,-0.6836080612785063,-0.754873684542843,-0.641352784211327,10,0.001363779957318519,0.9984053910674102,-0.6985468477040775,-0.7280303718712537,-0.6860658479653351,-0.7574452935311744,-0.6437430826385138
2021,2021-09-12,-0.755895883013501,-0.7730193552791216,-0.7543911388259906,-0.7858924447902148,-0.6993948013454039,10,0.001363779957318519,0.9984053910674102,-0.7584691246120193,-0.7756199457301962,-0.7569619771136453,-0.7885135955704985,-0.701877801915243
2021,2021-09-13,-0.675425745971518,-0.6946122932608119,-0.6605046384566934,-0.7160307482438673,-0.6161696607665154,10,0.001363779957318519,0.9984053910674102,-0.6778704642262305,-0.6970876554202616,-0.6629255253784221,-0.7185403190123087,-0.6185197378227492
2021,2021-09-14,-0.7544001679990686,-0.767789094235855,-0.711682444273814,-0.7779686447859249,-0.6645223327279177,10,0.001363779957318519,0.9984053910674102,-0.7569710207077193,-0.7703813311453181,-0.7141850701234737,-0.7805771400232999,-0.6669496365332397
2021,2021-09-15,-0.6729182621450626,-0.6843970413151059,-0.6641049876605594,-0.7102330096171295,-0.6596810873814122,10,0.001363779957318519,0.9984053910674102,-0.6753589755575098,-0.6868560881259538,-0.6665316249007983,-0.712733320493862,-0.6621006589637879
2021,2021-09-16,-0.7886727449376377,-0.8089467346818602,-0.7785452787278763,-0.958164226126425,-0.729914307034125,10,0.001363779957318519,0.9984053910674102,-0.7912983362903483,-0.811604706754301,-0.7811546949394798,-0.9610605217765278,-0.7324460520086166
2021,2021-09-17,-0.9577839128478848,-0.9637873634348524,-0.840855671056813,-0.972190302247142,-0.7996444031987833,10,0.001363779957318519,0.9984053910674102,-0.9606796010784397,-0.966692640111161,-0.843564606671146,-0.9751089997256718,-0.8022875179988079
2021,2021-09-18,-0.963062747295593,-0.9671851282376918,-0.9575937562086146,-0.972190302247142,-0.7996444031987833,10,0.001363779957318519,0.9984053910674102,-0.9659668666470527,-0.9700958316736652,-0.9604891407293957,-0.9751089997256718,-0.8022875179988079
2021,2021-09-19,-0.7083999631695272,-0.7417313478674541,-0.6700364898121598,-0.7887502323949068,-0.5940587786053364,10,0.001363779957318519,0.9984053910674102,-0.7108973463855465,-0.744281966496914,-0.6724726005852935,-0.7913759475071569,-0.5963735411385146
2021,2021-09-20,-0.6613292878140807,-0.6804520651907298,-0.6442744673264762,-0.7914530450850606,-0.5763073551511719,10,0.001363779957318519,0.9984053910674102,-0.66375149182929,-0.6829048112601923,-0.6466694321367127,-0.794083077010198,-0.5785937658959288
2021,2021-09-21,-0.7180265284664968,-0.7487063011687012,-0.7013374454542036,-0.7569277902415301,-0.6645223327279177,10,0.001363779957318519,0.9984053910674102,-0.7205392868068394,-0.7512680598850818,-0.7038235487292929,-0.7595026799566333,-0.6669496365332397
2021,2021-09-22,-0.7031954558443105,-0.7095964029637866,-0.6861053372974246,-0.762605212608099,-0.6161696607665154,10,0.001363779957318519,0.9984053910674102,-0.7056845266514178,-0.7120956970805284,-0.6885671125230599,-0.765189170051102,-0.6185197378227492
2021,2021-09-23,-0.4903575697526335,-0.5375440215174117,-0.47270218530316405,-0.5710866075796028,-0.40671693555852667,10,0.001363779957318519,0.9984053910674102,-0.4925067053015863,-0.5397685211801347,-0.4748231224529462,-0.5733646799772445,-0.4087324839858486
2021,2021-09-24,-0.6155694890368878,-0.625973731757201,-0.6027874566048677,-0.6400031206568036,-0.5843219966708328,10,0.001363779957318519,0.9984053910674102,-0.6179186075253797,-0.6283394674420012,-0.60511616019649,-0.6423912634610548,-0.5866212080465489
2021,2021-09-25,-0.9576698108777919,-0.9607511927944119,-0.845023500636613,-0.967228736633145,-0.7200223086891263,10,0.001363779957318519,0.9984053910674102,-0.9605653168697268,-0.963651620233259,-0.8477390929240137,-0.9701395097185189,-0.72253825460137
2021,2021-09-26,-0.963062747295593,-0.9671851282376918,-0.9579930731712858,-0.972190302247142,-0.95255497162946,10,0.001363779957318519,0.9984053910674102,-0.9659668666470527,-0.9700958316736652,-0.9608890954634585,-0.9751089997256718,-0.9554423084263695
2021,2021-09-27,-0.8023501035839994,-0.9213669017138879,-0.7889596072913339,-0.9616135150170741,-0.7684384841501465,10,0.001363779957318519,0.9984053910674102,-0.8049975398090101,-0.9242044263049313,-0.7915856568079082,-0.964515319718836,-0.7710317582364593
2021,2021-09-28,-0.963062747295593,-0.9671851282376918,-0.9579930731712858,-0.972190302247142,-0.95255497162946,10,0.001363779957318519,0.9984053910674102,-0.9659668666470527,-0.9700958316736652,-0.9608890954634585,-0.9751089997256718,-0.9554423084263695
2021,2021-09-29,-0.963062747295593,-0.9671851282376918,-0.9579930731712858,-0.972190302247142,-0.95255497162946,10,0.001363779957318519,0.9984053910674102,-0.9659668666470527,-0.9700958316736652,-0.9608890954634585,-0.9751089997256718,-0.9554423084263695
2021,2021-09-30,-0.963062747295593,-0.9671851282376918,-0.9579930731712858,-0.972190302247142,-0.95255497162946,10,0.001363779957318519,0.9984053910674102,-0.9659668666470527,-0.9700958316736652,-0.9608890954634585,-0.9751089997256718,-0.9554423084263695
2022,2022-05-01,-0.7427020785587277,-0.7675809812604737,-0.7148431047811579,-0.7707021331557301,-0.713782909426328,10,-9.522610325147219e-5,0.9997979174931689,-0.7427569506420282,-0.7676408819509929,-0.7148923459152833,-0.7707626647039337,-0.7138319362702141
2022,2022-05-02,-0.6621199666451283,-0.7151612145949936,-0.6590349308729144,-0.7168948885915327,-0.6583072555995814,10,-9.522610325147219e-5,0.9997979174931689,-0.6621585512018232,-0.715210520026541,-0.6590728918718368,-0.7169445444390803,-0.6583450695183379
2022,2022-05-03,-0.6633511377508223,-0.7129756155118421,-0.6601664549912429,-0.716086468999376,-0.6577552911055734,10,-9.522610325147219e-5,0.9997979174931689,-0.6633899711559486,-0.7130244791827757,-0.6602046446976134,-0.7161359614464454,-0.6577929934594161
2022,2022-05-04,-0.6595567029075933,-0.6621409833823961,-0.6583282536541244,-0.6640284971127208,-0.6050847197310835,10,-9.522610325147219e-5,0.9997979174931689,-0.6595947693688284,-0.6621795721870645,-0.6583660718170782,-0.6640674674279922,-0.6051117761324658
2022,2022-05-05,-0.552809653173686,-0.6059226382223257,-0.5497668583405099,-0.6096684487661057,-0.5489706344643436,10,-9.522610325147219e-5,0.9997979174931689,-0.5528261435633676,-0.6059498639866026,-0.549782733710299,-0.6096964316461672,-0.5489863488986936
2022,2022-05-06,-0.6056742076208945,-0.6075891830712985,-0.6038907724224145,-0.6096684487661057,-0.6031251308293004,10,-9.522610325147219e-5,0.9997979174931689,-0.6057013831715453,-0.6076167456832072,-0.6039175874991642,-0.6096964316461672,-0.6031517911520046
2022,2022-05-07,-0.6598226253781209,-0.6621409833823961,-0.6585189282727278,-0.6640284971127208,-0.6577552911055734,10,-9.522610325147219e-5,0.9997979174931689,-0.6598607455884973,-0.6621795721870645,-0.6585567849754748,-0.6640674674279922,-0.6577929934594161
2022,2022-05-08,-0.6598226253781209,-0.6621409833823961,-0.6585189282727278,-0.7727485938059513,-0.6577552911055734,10,-9.522610325147219e-5,0.9997979174931689,-0.6598607455884973,-0.6621795721870645,-0.6585567849754748,-0.7728095389916422,-0.6577929934594161
2022,2022-05-09,-0.6589125311982298,-0.6611559626766503,-0.6578932822290754,-0.6640284971127208,-0.6039363020509971,10,-9.522610325147219e-5,0.9997979174931689,-0.6589504674573196,-0.6611943523856314,-0.6579310124741465,-0.6640674674279922,-0.603963126330348
2022,2022-05-10,-0.6608411205102789,-0.6625964278489064,-0.6586518895079917,-0.7138676372243042,-0.6577552911055734,10,-9.522610325147219e-5,0.9997979174931689,-0.6608794465823058,-0.6626351087095371,-0.6586897730853093,-0.7139166811936568,-0.6577929934594161
2022,2022-05-11,-0.6056742076208945,-0.6075891830712985,-0.6038907724224145,-0.6096684487661057,-0.6031251308293004,10,-9.522610325147219e-5,0.9997979174931689,-0.6057013831715453,-0.6076167456832072,-0.6039175874991642,-0.6096964316461672,-0.6031517911520046
2022,2022-05-12,-0.6589125311982298,-0.6621409833823961,-0.6578932822290754,-0.6640284971127208,-0.6039363020509971,10,-9.522610325147219e-5,0.9997979174931689,-0.6589504674573196,-0.6621795721870645,-0.6579310124741465,-0.6640674674279922,-0.603963126330348
2022,2022-05-13,-0.6583492517086675,-0.6593008533434421,-0.6216901593509726,-0.6626737783889238,-0.6062636955107056,10,-9.522610325147219e-5,0.9997979174931689,-0.6583870741158185,-0.6593388680915057,-0.6217205720994794,-0.6627124748839051,-0.6062909902106249
2022,2022-05-14,-0.6073445022764214,-0.6590141837104228,-0.6045181504159243,-0.6640284971127208,-0.6037279800595874,10,-9.522610325147219e-5,0.9997979174931689,-0.6073720154326276,-0.659052140515859,-0.6045450923004172,-0.6640674674279922,-0.6037547622321989
2022,2022-05-15,-0.7140134070343352,-0.7166927836934935,-0.7128178153836867,-0.7681320042739502,-0.6626737783889238,10,-9.522610325147219e-5,0.9997979174931689,-0.7140624804671706,-0.7167423986909216,-0.7128666471595294,-0.7681920163390882,-0.6627124748839051
2022,2022-05-16,-0.661917590535938,-0.6636898174317716,-0.6590349308729144,-0.7141591768443663,-0.6583072555995814,10,-9.522610325147219e-5,0.9997979174931689,-0.6619561341876954,-0.6637287192919703,-0.6590728918718368,-0.7142082797406842,-0.6583450695183379
2022,2022-05-17,-0.6056742076208945,-0.6075891830712985,-0.6038907724224145,-0.6096684487661057,-0.6031251308293004,10,-9.522610325147219e-5,0.9997979174931689,-0.6057013831715453,-0.6076167456832072,-0.6039175874991642,-0.6096964316461672,-0.6031517911520046
2022,2022-05-18,-0.5537195337493248,-0.5917793266431205,-0.5497668583405099,-0.6078338638661754,-0.5484949705530274,10,-9.522610325147219e-5,0.9997979174931689,-0.5537362080471185,-0.5918036937138466,-0.549782733710299,-0.6078614759337867,-0.548510588844593
2022,2022-05-19,-0.5522777156870943,-0.5552620784783114,-0.5497668583405099,-0.6078338638661754,-0.5484949705530274,10,-9.522610325147219e-5,0.9997979174931689,-0.5522940985597877,-0.5552790645604171,-0.549782733710299,-0.6078614759337867,-0.548510588844593
2022,2022-05-20,-0.5542132320791356,-0.6038386919245621,-0.5522585961087039,-0.6096684487661057,-0.5484949705530274,10,-9.522610325147219e-5,0.9997979174931689,-0.5542300061648909,-0.603865496474627,-0.5522749751168841,-0.6096964316461672,-0.548510588844593
2022,2022-05-21,-0.6608411205102789,-0.6625964278489064,-0.6590349308729144,-0.7677177833340861,-0.6577552911055734,10,-9.522610325147219e-5,0.9997979174931689,-0.6608794465823058,-0.6626351087095371,-0.6590728918718368,-0.767777711675499,-0.6577929934594161
2022,2022-05-22,-0.6045105108910402,-0.607441321777308,-0.603764884014579,-0.6096684487661057,-0.5522394765303134,10,-9.522610325147219e-5,0.9997979174931689,-0.6045374512314068,-0.6074688545029963,-0.6037916736463416,-0.6096964316461672,-0.5522558516739803
2022,2022-05-23,-0.5492543242304735,-0.5526614198484879,-0.5486138865308564,-0.5553084004194905,-0.4976238123739591,10,-9.522610325147219e-5,0.9997979174931689,-0.54927009600515,-0.5526778802767528,-0.5486295288581181,-0.5553253958643422,-0.4976291484164918
2022,2022-05-24,-0.44708037532344247,-0.4947254098988123,-0.44258865808569753,-0.49836821417704485,-0.43903929929103647,10,-9.522610325147219e-5,0.9997979174931689,-0.4470754953570355,-0.4947301601065201,-0.4425828702383443,-0.4983737006805656,-0.4390327940353847
2022,2022-05-25,-0.4998605956068467,-0.5504127027024774,-0.49539313695170245,-0.5551231126547744,-0.49386481027675433,10,-9.522610325147219e-5,0.9997979174931689,-0.49986638375550513,-0.5504287086124942,-0.49539802212264067,-0.555140070648642,-0.49386938653718143
2022,2022-05-26,-0.4425227917029109,-0.44437593682719573,-0.4399487867686842,-0.5013477797876997,-0.43903929929103647,10,-9.522610325147219e-5,0.9997979174931689,-0.4425169905424236,-0.44437051023061347,-0.43994246534169046,-0.5013538685310104,-0.4390327940353847
2022,2022-05-27,-0.4413090259538438,-0.4440673921870621,-0.43936053169663314,-0.447572446920625,-0.3897118144154608,10,-9.522610325147219e-5,0.9997979174931689,-0.4413029794629542,-0.4440619032264028,-0.4393540913695521,-0.44756766641337886,-0.38969533892319935
2022,2022-05-28,-0.22369973471577412,-0.22575047194500067,-0.22080678310964788,-0.22914811033979915,-0.17869578258525134,10,-9.522610325147219e-5,0.9997979174931689,-0.22364970430542072,-0.22570085603653098,-0.22075616796621744,-0.22909918117339215,-0.17863665582522095
2022,2022-05-29,0.26237332935821034,0.2528551990531548,0.26702209118441655,0.21015170298325006,0.27095743359106794,10,-9.522610325147219e-5,0.9997979174931689,0.26252160648579775,0.25300155234433613,0.26717130793532895,0.2102894249006455,0.27110744576658047
2022,2022-05-30,-7.536631940526808e-4,-0.004453512899376763,0.039933281589205755,-0.007998227876710368,0.047104418440383315,10,-9.522610325147219e-5,0.9997979174931689,-6.585701763133623e-4,-0.004359167707663353,0.04003659838862459,-0.007904599154671567,0.04720918469402321
2022,2022-05-31,-0.41641820667229335,-0.4402441250397233,-0.39091161347744935,-0.4430081482176049,-0.38507490902692254,10,-9.522610325147219e-5,0.9997979174931689,-0.416407129165566,-0.440237863307491,-0.39089538049259653,-0.4430024451590035,-0.38505749630779906
2022,2022-06-01,-0.3887000773780277,-0.3917893747455796,-0.384990606543017,-0.43973817678508875,-0.33377681990489655,10,-9.522610325147219e-5,0.9997979174931689,-0.38868339739008445,-0.39177331917677694,-0.3849731767843928,-0.43973181278889906,-0.3337490386440267
2022,2022-06-02,-0.2765170055349888,-0.27911840447274433,-0.2744427646912225,-0.28257725150972357,-0.22914811033979915,10,-9.522610325147219e-5,0.9997979174931689,-0.2764776507284793,-0.27907957546970913,-0.2744029906321999,-0.28253912162044703,-0.22909918117339215
2022,2022-06-03,-0.38804041220092267,-0.39028250323640334,-0.38534342102005265,-0.3937971140535502,-0.3840736317043829,10,-9.522610325147219e-5,0.9997979174931689,-0.3880235988792423,-0.3902661430936795,-0.38532606257347335,-0.39378146429574723,-0.3840560166037303
2022,2022-06-04,-0.4970051712048991,-0.4986716828998748,-0.4941040862940812,-0.549443936159526,-0.447572446920625,10,-9.522610325147219e-5,0.9997979174931689,-0.49701038220560484,-0.49867723074151116,-0.4941087109177791,-0.5494597462592014,-0.44756766641337886
2022,2022-06-05,-0.5487798414272242,-0.5522968352654847,-0.5010482090015813,-0.6050847197310835,-0.49400496687768997,10,-9.522610325147219e-5,0.9997979174931689,-0.5487955172978459,-0.5523132220026914,-0.5010542371946404,-0.6051117761324658,-0.4940095714670391
2022,2022-06-06,-0.5515257898636683,-0.5546681723669551,-0.5491595182659473,-0.6068551406866675,-0.5484949705530274,10,-9.522610325147219e-5,0.9997979174931689,-0.5515420207545936,-0.5546850384067665,-0.5491752708781245,-0.6068825549314686,-0.548510588844593
2022,2022-06-07,-0.6056742076208945,-0.6075891830712985,-0.6038907724224145,-0.6096684487661057,-0.6031251308293004,10,-9.522610325147219e-5,0.9997979174931689,-0.6057013831715453,-0.6076167456832072,-0.6039175874991642,-0.6096964316461672,-0.6031517911520046
2022,2022-06-08,-0.5500897805214937,-0.5522968352654847,-0.548994153923613,-0.5553084004194905,-0.49386481027675433,10,-9.522610325147219e-5,0.9997979174931689,-0.5501057211613966,-0.5523132220026914,-0.5490098731117948,-0.5553253958643422,-0.49386938653718143
2022,2022-06-09,-0.5514875507068873,-0.5530565023385914,-0.5491595182659473,-0.5553084004194905,-0.5484949705530274,10,-9.522610325147219e-5,0.9997979174931689,-0.5515037738687859,-0.5530730426222537,-0.5491752708781245,-0.5553253958643422,-0.548510588844593
2022,2022-06-10,-0.5499001685924412,-0.5522968352654847,-0.5486138865308564,-0.5551231126547744,-0.4950122764394983,10,-9.522610325147219e-5,0.9997979174931689,-0.5499160709073453,-0.5523132220026914,-0.5486295288581181,-0.555140070648642,-0.495017084629633
2022,2022-06-11,-0.6591678921081783,-0.6621409833823961,-0.6579142802836184,-0.6640284971127208,-0.6038755958795536,10,-9.522610325147219e-5,0.9997979174931689,-0.6592058799816712,-0.6621795721870645,-0.6579520147728868,-0.6640674674279922,-0.6039024078887696
2022,2022-06-12,-0.5522777156870943,-0.5546681723669551,-0.5497668583405099,-0.6039363020509971,-0.5484949705530274,10,-9.522610325147219e-5,0.9997979174931689,-0.5522940985597877,-0.5546850384067665,-0.549782733710299,-0.603963126330348,-0.548510588844593
2022,2022-06-13,-0.4956994032376687,-0.4981821137262734,-0.4941040862940812,-0.5013477797876997,-0.44424232677813946,10,-9.522610325147219e-5,0.9997979174931689,-0.4957043503121754,-0.49818756261454716,-0.4941087109177791,-0.5013538685310104,-0.44423687317584615
2022,2022-06-14,-0.6039059489652754,-0.606707279392677,-0.6032758431368721,-0.6088984455218491,-0.5507356248834613,10,-9.522610325147219e-5,0.9997979174931689,-0.6039327671095588,-0.6067346637512576,-0.6033025339220531,-0.6089262727662735,-0.5507516960635918
2022,2022-06-15,-0.552809653173686,-0.5916230851495632,-0.5511115877951742,-0.6088984455218491,-0.5484949705530274,10,-9.522610325147219e-5,0.9997979174931689,-0.5528261435633676,-0.5916474206402348,-0.5511277349661888,-0.6089262727662735,-0.548510588844593
2022,2022-06-16,-0.5499001685924412,-0.5522968352654847,-0.5128350066929133,-0.5551231126547744,-0.49400496687768997,10,-9.522610325147219e-5,0.9997979174931689,-0.5499160709073453,-0.5523132220026914,-0.5128434172730361,-0.555140070648642,-0.4940095714670391
2022,2022-06-17,-0.2308096128960626,-0.2753468542657115,-0.226747585706292,-0.2791611557485424,-0.22071400889538925,10,-9.522610325147219e-5,0.9997979174931689,-0.23076101955812234,-0.2753072629443046,-0.2266981713377985,-0.27912233538653836,-0.22066337500012362
2022,2022-06-18,-0.4425227917029109,-0.44437593682719573,-0.4399487867686842,-0.49400496687768997,-0.3922282553796448,10,-9.522610325147219e-5,0.9997979174931689,-0.4425169905424236,-0.44437051023061347,-0.43994246534169046,-0.4940095714670391,-0.39221228851886714
2022,2022-06-19,0.05076777689959282,0.047461521127683176,0.05484797986312798,0.03640554888304758,0.10106279684864693,10,-9.522610325147219e-5,0.9997979174931689,0.05087328360352562,0.04756635956011539,0.05495431127136234,0.03650815264530539,0.1011784693506221
2022,2022-06-20,0.2584962399691588,0.22828825389944107,0.2646159499102302,0.21237982165864533,0.27095743359106794,10,-9.522610325147219e-5,0.9997979174931689,0.2586437334464413,0.22842964163730914,0.2647646803238018,0.21251799393085705,0.27110744576658047
2022,2022-06-21,-0.061146135188993395,-0.06518315903481237,-0.057711226528263077,-0.07114511685110188,-0.054279626184461714,10,-9.522610325147219e-5,0.9997979174931689,-0.061063248900154916,-0.06510108872276743,-0.05762764596417082,-0.07106425158995779,-0.05419535201380378
2022,2022-06-22,-0.1651474049884425,-0.1707979032533928,-0.11818726200640672,-0.17478806199318392,-0.11175857023609131,10,-9.522610325147219e-5,0.9997979174931689,-0.16508553978491233,-0.17073718014751482,-0.11811590506134667,-0.1747281453915671,-0.11168591390229894
2022,2022-06-23,-0.14247249543350066,-0.16783770074427834,-0.11790144286319292,-0.17869578258525134,-0.11175857023609131,10,-9.522610325147219e-5,0.9997979174931689,-0.1424060471012353,-0.16777637931234535,-0.11783002814740945,-0.17863665582522095,-0.11168591390229894
2022,2022-06-24,0.7577261801716624,0.7540892248948021,0.7627975044403076,0.6949727115526595,0.7892602090220937,10,-9.522610325147219e-5,0.9997979174931689,0.7579745796780895,0.7543368892876361,0.7630469289797971,0.6952084271176331,0.7895149822921476
2022,2022-06-25,2.0231008686486023,2.015803194721702,2.036485633400079,2.008844070681774,2.0580209278024064,10,-9.522610325147219e-5,0.9997979174931689,2.023605029929138,2.0163058809719185,2.036992500054138,2.0093453503305096,2.058532147242365
2022,2022-06-26,2.1991657820164026,2.184928722596677,2.225195085257732,2.1283828829843507,2.271414113604501,10,-9.522610325147219e-5,0.9997979174931689,2.1997055301274724,2.1854655930655684,2.225740094498834,2.128908324218574,2.2719684647905587
2022,2022-06-27,3.102243643513872,3.0807762793920244,3.1523293230577005,3.047824189439232,3.1700781511674174,10,-9.522610325147219e-5,0.9997979174931689,3.1029659247498085,3.0814942215723566,3.153061727779095,3.048535471232674,3.1708141433414507
2022,2022-06-28,3.6025286434728914,3.5797953524574697,3.6226509859207976,3.5329305428425486,3.6393528509770543,10,-9.522610325147219e-5,0.9997979174931689,3.6033520439901876,3.580614158045774,3.6234784536334077,3.533739875958423,3.6401836945266215
2022,2022-06-29,4.197204264454848,4.158391142890574,4.222364133932668,4.123111110401208,4.240542119202908,10,-9.522610325147219e-5,0.9997979174931689,4.198147862802263,4.159326896199739,4.223312817677248,4.124039732791933,4.24149447714281
2022,2022-06-30,4.6788106161383904,4.664136550763747,4.694716382596809,4.6073088425844,4.7277334538543965,10,-9.522610325147219e-5,0.9997979174931689,4.679851558376156,4.665174527030225,4.695760539761414,4.608335332643991,4.728784284540131
2022,2022-07-01,3.7265108050650886,3.7103310511258583,3.7458883545530766,3.6847753706164967,3.762397991821668,10,-9.522610325147219e-5,0.9997979174931689,3.7273592652725265,3.7111762410271885,3.7467407314157786,3.685615395118009,3.7632537056676023
2022,2022-07-02,2.6589424792241783,2.6359341713820377,2.6685627509945737,2.584072417974908,2.6760680854303867,10,-9.522610325147219e-5,0.9997979174931689,2.659575158942655,2.6365622005841995,2.6691973751946314,2.5846899647056083,2.676704226633802
2022,2022-07-03,1.5887465658411033,1.5788488892310304,1.6031678043790571,1.5647334850985029,1.6278224526415803,10,-9.522610325147219e-5,0.9997979174931689,1.5891629339738151,1.5792632568121645,1.6035870873808484,1.565144999626833,1.6282467189235312
2022,2022-07-04,0.9196156792850236,0.9134821627049252,0.9257285017996129,0.8718891966300711,0.9505862076233178,10,-9.522610325147219e-5,0.9997979174931689,0.9198968004397339,0.9137620441327021,0.9260108584985025,0.8721606711481077,0.9508735886450421
2022,2022-07-05,0.7032025182334716,0.6996947756684158,0.7081425135526147,0.6817095432879442,0.7424298211600527,10,-9.522610325147219e-5,0.9997979174931689,0.7034398972345612,0.6999314456728187,0.7083808910421192,0.6819425780568843,0.7426751289151166
2022,2022-07-06,0.4535097969575327,0.434854462651308,0.47632216808112426,0.4282458710247188,0.48475759852099953,10,-9.522610325147219e-5,0.9997979174931689,0.4536967072287219,0.4350376022437867,0.4765136892652418,0.42842767486650307,0.4849508247025967
2022,2022-07-07,0.4841172629139069,0.47862368292998936,0.4895225500018429,0.46660821181964535,0.5391892582410271,10,-9.522610325147219e-5,0.9997979174931689,0.4843103596687245,0.47881566930400377,0.4897167392914075,0.466797769586358,0.539393486332165
2022,2022-07-08,0.0185457951426197,-0.004453512899376763,0.042266396667772314,-0.007998227876710368,0.05243679248597584,10,-9.522610325147219e-5,0.9997979174931689,0.018644789031578013,-0.004359167707663353,0.04237018504423242,-0.007904599154671567,0.05254263653693421
2022,2022-07-09,0.32032373283013904,0.3128483950386812,0.3245634663647673,0.27095743359106794,0.3688124214729682,10,-9.522610325147219e-5,0.9997979174931689,0.3204837230875506,0.31300687435575786,0.32472431357133424,0.27110744576658047,0.36898221242668294
2022,2022-07-10,0.5472716800653153,0.5410824136906862,0.5848361109344623,0.5203835446867201,0.5918374081127546,10,-9.522610325147219e-5,0.9997979174931689,0.5474775418026481,0.5412870244327502,0.5850495653204942,0.5205839717039896,0.5920522776244436
2022,2022-07-11,0.5941551943570897,0.590905877215643,0.6222777540294973,0.5805865991595618,0.6535271783782359,10,-9.522610325147219e-5,0.9997979174931689,0.5943705323475046,0.5911205584431841,0.6224987762459518,0.5807991946200276,0.6537545168331013
2022,2022-07-12,0.10239938866472642,0.09139989460211392,0.10702383977083005,0.04265213139327693,0.15776415750229114,10,-9.522610325147219e-5,0.9997979174931689,0.10251533132312028,0.09151361400589288,0.1071407171387846,0.0427559977357329,0.15789129067336868
2022,2022-07-13,-0.11050193200360328,-0.11498328705943603,-0.06468283439231723,-0.12073402950923252,-0.0568235280665702,10,-9.522610325147219e-5,0.9997979174931689,-0.11042902167387858,-0.11491128251621861,-0.064600662952978255,-0.120663187325358,-0.05673976807788892
2022,2022-07-14,-0.28304270509806895,-0.31904235916580165,-0.27953356423393266,-0.3333392454929724,-0.27414229653107586,10,-9.522610325147219e-5,0.9997979174931689,-0.2830046692878321,-0.3190115997263311,-0.2794948191443802,-0.3333113757880955,-0.27410246174042147
2022,2022-07-15,-0.3869186486700188,-0.3893819818269083,-0.3847220945498869,-0.3922282553796448,-0.3291079641177294,10,-9.522610325147219e-5,0.9997979174931689,-0.38690160861373296,-0.3893654396677783,-0.3847046105187185,-0.39221228851886714,-0.3290792391720759
2022,2022-07-16,-0.4413090259538438,-0.44437593682719584,-0.43936053169663314,-0.4475724469206251,-0.3883924840612507,10,-9.522610325147219e-5,0.9997979174931689,-0.4413029794629542,-0.4443705102306136,-0.4393540913695521,-0.447567666413379,-0.3883757419015151
2022,2022-07-17,-0.0037796868395041264,-0.00695421604712205,0.03993328158920566,-0.01170791695333828,0.055651708988845354,10,-9.522610325147219e-5,0.9997979174931689,-0.003685205451808543,-0.006860376305912281,0.04003659838862449,-0.011615038046092102,0.05575820284950505
2022,2022-07-18,0.3748048188714922,0.36990906298625537,0.3802160255045617,0.3590575460854957,0.43084247828406214,10,-9.522610325147219e-5,0.9997979174931689,0.3749758210286582,0.3700790755968292,0.38038812139295297,0.35922536535109467,0.43102480696081064
2022,2022-07-19,0.09261890745410548,0.05324052161169322,0.10034317990097721,0.04653228448596827,0.10689450079657362,10,-9.522610325147219e-5,0.9997979174931689,0.09273287324884871,0.053346528115076924,0.10045870695156246,0.046636935097975264,0.10701135202210109
2022,2022-07-20,0.2689576318559806,0.26523962190626205,0.2743751428993616,0.2600923247797378,0.31084789582540995,10,-9.522610325147219e-5,0.9997979174931689,0.26910723982486223,0.2653884783785083,0.27452584587373713,0.26024014086303293,0.31100597079487907
2022,2022-07-21,0.26457756588377757,0.25769819756386914,0.26702209118441655,0.21632727331479487,0.2755143793354595,10,-9.522610325147219e-5,0.9997979174931689,0.26472628853904107,0.2578455297381453,0.26717130793532895,0.21646624345916887,0.27566531257612276
2022,2022-07-22,0.21126576232094768,0.204745266262313,0.21531560221489487,0.16558304416215244,0.2600923247797378,10,-9.522610325147219e-5,0.9997979174931689,0.21140370941575126,0.20488189541259375,0.2154543678769146,0.1657117577128139,0.26024014086303293
2022,2022-07-23,0.5912163875146802,0.5757658079552364,0.5977261641248107,0.5318925665128139,0.7081904461364021,10,-9.522610325147219e-5,0.9997979174931689,0.5914311315036039,0.5759774290212226,0.5979422238916065,0.5320953197721581,0.7084288333142013
2022,2022-07-24,0.6850958118905831,0.6552138968941855,0.6982133453470526,0.6493051349094788,0.7024842374011101,10,-9.522610325147219e-5,0.9997979174931689,0.6853295311034854,0.6554415762742518,0.6984497159197927,0.6495316199907641,0.7027214712208699
2022,2022-07-25,0.5386903511734233,0.5329809929018563,0.544177540889536,0.48475759852099953,0.5741588775537947,10,-9.522610325147219e-5,0.9997979174931689,0.5388944784237921,0.5331839661575911,0.5443827772290856,0.4849508247025967,0.574370173821621
2022,2022-07-26,-0.06429835276967125,-0.07005540984892705,-0.0598438737902392,-0.11594286610248342,-0.0568235280665702,10,-9.522610325147219e-5,0.9997979174931689,-0.06421610361761775,-0.06997432433255052,-0.05976072428396107,-0.1158710555125991,-0.05673976807788892
2022,2022-07-27,0.32352510661412875,0.3189336310837113,0.37193449711715487,0.31084789582540995,0.3854457145087666,10,-9.522610325147219e-5,0.9997979174931689,0.3236857439439419,0.31909334036909764,0.37210491911526533,0.31100597079487907,0.3856188674394316
2022,2022-07-28,0.39452984654013923,0.3742600887667662,0.43302295640835,0.3647956364922403,0.4404113820954201,10,-9.522610325147219e-5,0.9997979174931689,0.39470483558602426,0.37443098082125725,0.4332057258106468,0.3649646155599087,0.44059564487108593
2022,2022-07-29,0.6534478669516075,0.6483657169881816,0.6814300734804252,0.6279342104208694,0.7008984328381119,10,-9.522610325147219e-5,0.9997979174931689,0.6536751893757814,0.6485920121911672,0.6816630517619908,0.6281563759392527,0.7011353461297373
2022,2022-07-30,1.1698496427931557,1.147863706331778,1.189808069744714,1.1340863153928282,1.1954617764730207,10,-9.522610325147219e-5,0.9997979174931689,1.1701813420754608,1.1481909617428991,1.1901438030911835,1.1344107860715051,1.1957986525656477
2022,2022-07-31,1.7842245660246296,1.761549776588786,1.7914108680191796,1.7459717610504395,1.810991533496513,10,-9.522610325147219e-5,0.9997979174931689,1.7846804448260638,1.762001072285764,1.7918681993400645,1.7464199080666927,1.811452822527147
2022,2022-08-01,2.139357304598301,2.128646014200444,2.1697777916092105,2.003671832954784,2.199312744868333,10,-9.522610325147219e-5,0.9997979174931689,2.139884964019412,2.129171508619631,2.1703115997211384,2.004172067173491,2.1998525226840275
2022,2022-08-02,2.8765039883594783,2.847387077882981,2.8880350716995027,2.827588414982579,2.913866423494829,10,-9.522610325147219e-5,0.9997979174931689,2.87718064233954,2.8480578466554847,2.888714056380786,2.8282551819829638,2.914550629295535
2022,2022-08-03,1.9215133030828642,1.901793631239188,1.9412603966011872,1.8561190690578933,2.1283828829843507,10,-9.522610325147219e-5,0.9997979174931689,1.9219969311440828,1.902273273494225,1.9417480160111484,1.8565894794173015,2.128908324218574
2022,2022-08-04,0.15348276864891647,0.11895208608592339,0.15757638218453213,0.09505693315808872,0.16169711303852186,10,-9.522610325147219e-5,0.9997979174931689,0.15360903645132593,0.11907137443101169,0.15770347740183294,0.09517139173476055,0.1618250411517573
2022,2022-08-05,-0.11562851469098161,-0.11958582338544343,-0.11152990881615525,-0.1249204497181767,-0.05955899867927706,10,-9.522610325147219e-5,0.9997979174931689,-0.11555664056333616,-0.11951474912229788,-0.11145720626455011,-0.12485045370758946,-0.05947579159308648
2022,2022-08-06,-0.061146135188993395,-0.06518315903481237,-0.057711226528263077,-0.07114511685110197,-0.054279626184461714,10,-9.522610325147219e-5,0.9997979174931689,-0.061063248900154916,-0.06510108872276743,-0.05762764596417082,-0.07106425158995788,-0.05419535201380378
2022,2022-08-07,0.1598627043777867,0.15613602128406695,0.1646115613812448,0.14900467382491894,0.21015170298325006,10,-9.522610325147219e-5,0.9997979174931689,0.15999026171419395,0.15626282537079386,0.16474007857254977,0.1491300364997901,0.2102894249006455
2022,2022-08-08,0.5941551943570897,0.590905877215643,0.5988325317772288,0.5805865991595616,0.6279342104208694,10,-9.522610325147219e-5,0.9997979174931689,0.5943705323475046,0.5911205584431841,0.5990488151667634,0.5807991946200274,0.6281563759392527
2022,2022-08-09,0.8152055818661698,0.8103064823828933,0.8232575368146797,0.8036928082458898,0.8503253024937133,10,-9.522610325147219e-5,0.9997979174931689,0.8154655993019627,0.8105655095962748,0.8235191817386005,0.803950498681283,0.8505924184451757
2022,2022-08-10,0.616621297638125,0.5949002872829676,0.6390930823611312,0.5905953669166057,0.6535271783782359,10,-9.522610325147219e-5,0.9997979174931689,0.6168411765526509,0.5951157758740625,0.6393175033481202,0.5908099853827642,0.6537545168331013
2022,2022-08-11,0.6312342751236306,0.6003808926503746,0.6438615121246821,0.5918374081127546,0.6535271783782359,10,-9.522610325147219e-5,0.9997979174931689,0.6314571076621548,0.6005974889997997,0.6440868969226808,0.5920522776244436,0.6537545168331013
2022,2022-08-12,0.07291629536948378,0.049457430151788925,0.09956133092600737,0.04265213139327693,0.10706695276224885,10,-9.522610325147219e-5,0.9997979174931689,0.07302627880622095,0.049562672004044225,0.0996766999466567,0.0427559977357329,0.10718383884434576
2022,2022-08-13,-0.33355803269893447,-0.336189069645611,-0.33073805527142097,-0.3937971140535503,-0.27414229653107586,10,-9.522610325147219e-5,0.9997979174931689,-0.33353020721606114,-0.3361617759567457,-0.3307096598052562,-0.3937814642957473,-0.27410246174042147
2022,2022-08-14,0.09903748829426953,0.09139989460211384,0.1027247483314541,0.052231233038407376,0.10706695276224885,10,-9.522610325147219e-5,0.9997979174931689,0.09915275143409,0.0915136140058928,0.10284075675263454,0.05233703554100108,0.10718383884434576
2022,2022-08-15,0.29039829627694025,0.2670043542714719,0.3168493934652234,0.2600923247797378,0.32558759386734093,10,-9.522610325147219e-5,0.9997979174931689,0.2905522379047929,0.26715356743734,0.31700868147751504,0.26024014086303293,0.325748648073992
2022,2022-08-16,0.2657658787358806,0.25769819756386914,0.2743568605193627,0.21632727331479487,0.32161114997135376,10,-9.522610325147219e-5,0.9997979174931689,0.2659148415769215,0.2578455297381453,0.2745075597984423,0.21646624345916887,0.32177140044583386
2022,2022-08-17,-0.1623326192729332,-0.16660464859320728,-0.13723159313824426,-0.18261658877245254,-0.12492044974869868,10,-9.522610325147219e-5,0.9997979174931689,-0.16227018513547783,-0.1665430779326398,-0.13716408549723727,-0.18255825449891291,-0.12485045373811761
2022,2022-08-18,-0.3317535425424019,-0.3355654575443424,-0.3272444603200652,-0.34156312159764096,-0.28866998224684676,10,-9.522610325147219e-5,0.9997979174931689,-0.3317253523299287,-0.33553803780890856,-0.32721535871677687,-0.3415369141301723,-0.2886330838407322
2022,2022-08-19,-0.28694748766582867,-0.2900351170051137,-0.2798817614423541,-0.2936852040687465,-0.24536634004690552,10,-9.522610325147219e-5,0.9997979174931689,-0.28691024110333485,-0.289998494524613,-0.2798430867315887,-0.29364931935607974,-0.24532068896345732
2022,2022-08-20,-0.3214100728989005,-0.33471895223261944,-0.2924571200731676,-0.3425147258033261,-0.22285325650822788,10,-9.522610325147219e-5,0.9997979174931689,-0.3213797920296672,-0.3346913613986941,-0.2924209871360466,-0.34248871067728964,-0.22280305500486142
2022,2022-08-21,-0.3261593183268726,-0.33315447773607854,-0.3215298851613369,-0.3417505758012739,-0.30237904820088857,10,-9.522610325147219e-5,0.9997979174931689,-0.32612999739104676,-0.3331265706853232,-0.3214996285089598,-0.34172440622267725,-0.30234492071714325
2022,2022-08-22,-0.29429014960804434,-0.29777544847748405,-0.289339238924555,-0.34156312159764096,-0.2867504663219523,10,-9.522610325147219e-5,0.9997979174931689,-0.29425438716899804,-0.2977403904987294,-0.2893024757908438,-0.3415369141301723,-0.286713179936844
2022,2022-08-23,-0.12552832500063577,-0.1592374994843586,-0.12076173871812183,-0.17295664666803048,-0.1090523625456382,10,-9.522610325147219e-5,0.9997979174931689,-0.12545845185583848,-0.15917443975091544,-0.12069090213492549,-0.1728963598946085,-0.10897915922407508
2022,2022-08-24,-0.22459762172243042,-0.229018300944978,-0.21930950785321296,-0.235725410556586,-0.17598931717835598,10,-9.522610325147219e-5,0.9997979174931689,-0.2245477727960089,-0.22896934554106094,-0.2192585900754882,-0.23567781081614872,-0.1759296433784643
2022,2022-08-25,-0.496311087878472,-0.5019385042207984,-0.4892904750780307,-0.5067253130866161,-0.4469837994505913,10,-9.522610325147219e-5,0.9997979174931689,-0.4963161585887289,-0.501944712363312,-0.4892941267584923,-0.5067324887549849,-0.44697889996394513
2022,2022-08-26,-0.48561830924770927,-0.49054610577434465,-0.4829847943352019,-0.49381923319973897,-0.44745000368015475,10,-9.522610325147219e-5,0.9997979174931689,-0.4856212186977026,-0.490550011247092,-0.4829871714903325,-0.49382380024797445,-0.4474451984242704
2022,2022-08-27,-0.1713901698262541,-0.17316931301032903,-0.15437872769173133,-0.20925228012435176,-0.13320077065456495,10,-9.522610325147219e-5,0.9997979174931689,-0.17132956643128136,-0.1731090692217411,-0.15431468588704478,-0.20919932954604234,-0.13313244829020454
2022,2022-08-28,-0.5518751174616132,-0.5573070468804715,-0.5483713256645508,-0.5966069935023014,-0.4932541558701501,10,-9.522610325147219e-5,0.9997979174931689,-0.5518914189598036,-0.5573244462984462,-0.548386918964597,-0.5966323363572374,-0.4932586087030613
2022,2022-08-29,-0.5487287371491207,-0.5500853883288072,-0.5465550924746736,-0.5540138601881851,-0.5099518330583352,10,-9.522610325147219e-5,0.9997979174931689,-0.5487444026903744,-0.5501013280809454,-0.5465703186715787,-0.5540305939762254,-0.5099596608817374
2022,2022-08-30,-0.6037861238319884,-0.6061291743987339,-0.6007943500687758,-0.6125934762244574,-0.558964782772516,10,-9.522610325147219e-5,0.9997979174931689,-0.6038129177568141,-0.6061564419087951,-0.6008205392862588,-0.6126220503208747,-0.5589825172576267
2022,2022-08-31,-0.4931525206351173,-0.4998642150901358,-0.4890127636771294,-0.5035843546949778,-0.4528385268715363,10,-9.522610325147219e-5,0.9997979174931689,-0.4931569529251741,-0.4998700039703763,-0.4890163592256317,-0.5035908955023066,-0.452834810762024
2022,2022-09-01,-0.5067586724926572,-0.5104848606271779,-0.5053037785233867,-0.5543211903878538,-0.4998080543303684,10,-9.522610325147219e-5,0.9997979174931689,-0.5067658549037409,-0.5104927961878992,-0.505310666866424,-0.5543379862945044,-0.4998138318592079
2022,2022-09-02,-0.6579800185958073,-0.6609677674827799,-0.6540789881424,-0.6636552813176292,-0.6173709041860511,10,-9.522610325147219e-5,0.9997979174931689,-0.6580177663723237,-0.6610061191531175,-0.6541159474295631,-0.6636941761972728,-0.617400443912224
2022,2022-09-03,-0.6081151719404185,-0.6119015524778184,-0.6039655623685222,-0.6519033207859298,-0.5992188856143219,10,-9.522610325147219e-5,0.9997979174931689,-0.6081428408669608,-0.6119299867202884,-0.6039923925620665,-0.6519398403199133,-0.5992447563936478
2022,2022-09-04,-0.5466483205981154,-0.5498011460863628,-0.5439753087874103,-0.5558417456829807,-0.508272764609145,10,-9.522610325147219e-5,0.9997979174931689,-0.5466635656386013,-0.549817028386506,-0.5439900135497879,-0.5558588489293651,-0.5082802530536032
2022,2022-09-05,-0.4433948026176453,-0.4445825396045583,-0.44165898579223284,-0.45065768088387514,-0.4012878461288567,10,-9.522610325147219e-5,0.9997979174931689,-0.44338917771092745,-0.444577154767222,-0.441653010036399,-0.4506535239744607,-0.4012737104229329
2022,2022-09-06,-0.3831228935451775,-0.3881522337583106,-0.37788580536381555,-0.3948163968980017,-0.3272728379582824,10,-9.522610325147219e-5,0.9997979174931689,-0.3831050862781408,-0.3881354430383783,-0.3778669395589587,-0.3948009531610643,-0.3272437420907774
2022,2022-09-07,-0.135628531202738,-0.14237392639696228,-0.1266752430928672,-0.15047196108293748,-0.11531228713389512,10,-9.522610325147219e-5,0.9997979174931689,-0.13556069954547845,-0.14230745814159282,-0.12660560176699967,-0.1504071296294868,-0.1152403490892757
2022,2022-09-08,-0.35056159130638787,-0.3560515698142072,-0.3406116286017684,-0.36373452707944776,-0.32621859687695315,10,-9.522610325147219e-5,0.9997979174931689,-0.3505372026397834,-0.3560282908004635,-0.3405852288153456,-0.363712800970783,-0.3261892879227065
2022,2022-09-09,-0.5636305760236238,-0.5688330835200097,-0.5557120300949651,-0.5876971536179013,-0.5397764214951697,10,-9.522610325147219e-5,0.9997979174931689,-0.563649253574508,-0.5688528126191502,-0.5557291071227999,-0.5877206955861304,-0.5397902775643714
2022,2022-09-10,-0.41368929716296576,-0.42707806199532905,-0.39725972188561104,-0.4411194070077084,-0.3755313057990259,10,-9.522610325147219e-5,0.9997979174931689,-0.4136776680798999,-0.42706913909429595,-0.3972447720017112,-0.4411133221904018,-0.37551196409482374
2022,2022-09-11,-0.5941505762090435,-0.59765621537754,-0.5905766597097282,-0.6283390509270853,-0.580639077809398,10,-9.522610325147219e-5,0.9997979174931689,-0.5941754225646813,-0.5976817703047189,-0.5906007836933818,-0.6283708075718474,-0.580661193175683
2022,2022-09-12,-0.5222073650842929,-0.5269836816716973,-0.515563750291359,-0.5557414624760403,-0.5064981892899796,10,-9.522610325147219e-5,0.9997979174931689,-0.5222176700369139,-0.5269949520294392,-0.5155727124142859,-0.5557585454528466,-0.5065053190513252
2022,2022-09-13,-0.5145237941295238,-0.5176919380485316,-0.510291136449769,-0.5428693084276821,-0.5046169565258629,10,-9.522610325147219e-5,0.9997979174931689,-0.5145325460530248,-0.5177013303279026,-0.5102990328543101,-0.5428837896415593,-0.5046237060461356
2022,2022-09-14,-0.5051333814839782,-0.508382045998935,-0.5031723485232259,-0.5404726422863416,-0.496266135945148,10,-9.522610325147219e-5,0.9997979174931689,-0.5051402353857947,-0.5083895565317141,-0.5031788060544862,-0.5404866390780236,-0.49627119756956944
2022,2022-09-15,-0.6306134861708954,-0.6410449537813249,-0.6235598593130656,-0.6547536339234727,-0.6174338122654301,10,-9.522610325147219e-5,0.9997979174931689,-0.6306457025321338,-0.6410792785857674,-0.6235906499715967,-0.6547907295723029,-0.617463364706795
2022,2022-09-16,-0.6273979375547181,-0.6403549339819622,-0.6229306456412229,-0.6751421921248941,-0.598019464572865,10,-9.522610325147219e-5,0.9997979174931689,-0.6274295039784903,-0.6403891193172897,-0.6229613091209774,-0.6751834087774591,-0.598045092921189
2022,2022-09-17,-0.5695695684785838,-0.5763114184720995,-0.5686238185073118,-0.5821135306834073,-0.5478695855083063,10,-9.522610325147219e-5,0.9997979174931689,-0.569589446438533,-0.5763326591173711,-0.5686435053091063,-0.5821359440710502,-0.5478850773949501
2022,2022-09-18,-0.6878988281632188,-0.692565249447789,-0.6858761256883986,-0.7046392790340147,-0.6658397577922366,10,-9.522610325147219e-5,0.9997979174931689,-0.6879426232298255,-0.6926099877071096,-0.6859195119196001,-0.7046864577366725,-0.6658790942055886
2022,2022-09-19,-0.6989251274192889,-0.7030732140659072,-0.6959028385386397,-0.7671705750396366,-0.6876343404830358,10,-9.522610325147219e-5,0.9997979174931689,-0.6989711511584661,-0.7031200762302635,-0.6959482514026563,-0.7672303927774745,-0.687678082090506
2022,2022-09-20,-0.7033629004100462,-0.7090789944644259,-0.6956550995383678,-0.7136872112872439,-0.6731086402159953,10,-9.522610325147219e-5,0.9997979174931689,-0.7034098211267776,-0.7091270705372503,-0.6957004623285472,-0.7137362187883012,-0.6731494458402311
2022,2022-09-21,-0.6984734975704072,-0.7004526280405841,-0.6975744965525594,-0.7063725630202486,-0.6519031327652971,10,-9.522610325147219e-5,0.9997979174931689,-0.6985194300246453,-0.7004989605233076,-0.6976202472976979,-0.7064200920600765,-0.6519396522612771
2022,2022-09-22,-0.7407605811931877,-0.768009633966919,-0.7010238943139994,-0.7714254009542114,-0.6967293603164292,10,-9.522610325147219e-5,0.9997979174931689,-0.7408150608545319,-0.7680696212981603,-0.7010703422629773,-0.7714860786917271,-0.6967749402397984
2022,2022-09-23,-0.7684826545424539,-0.7705827108975659,-0.7678150668783637,-0.7727485938059513,-0.6967293603164292,10,-9.522610325147219e-5,0.9997979174931689,-0.7685427374821996,-0.7706432183077424,-0.7678750148830527,-0.7728095389916422,-0.6967749402397984
2022,2022-09-24,-0.7684826545424539,-0.7705827108975659,-0.7674046606575267,-0.7727485938059513,-0.6541868115923771,10,-9.522610325147219e-5,0.9997979174931689,-0.7685427374821996,-0.7706432183077424,-0.7674645257095344,-0.7728095389916422,-0.6542237926731775
2022,2022-09-25,-0.677197207884018,-0.6820138382429954,-0.67257240224334,-0.6992410047452496,-0.6613572796725696,10,-9.522610325147219e-5,0.9997979174931689,-0.6772388399032575,-0.6820564438157105,-0.6726130994813592,-0.6992870923306109,-0.6613957100724168
2022,2022-09-26,-0.6296226553756997,-0.6379993807121606,-0.626988495038279,-0.6688961179458232,-0.6221313490136784,10,-9.522610325147219e-5,0.9997979174931689,-0.6296546714668961,-0.6380330899351643,-0.6270199787041572,-0.6689360721209355,-0.6221618509369189
2022,2022-09-27,-0.68360471337045,-0.6873094865768701,-0.6784306441829945,-0.7080341014974009,-0.6658397577922366,10,-9.522610325147219e-5,0.9997979174931689,-0.6836476404961791,-0.6873531625237796,-0.6784725255085138,-0.7080819663729558,-0.6658790942055886
2022,2022-09-28,-0.6870533937636647,-0.6960171239028486,-0.6741492212953082,-0.7681069175111965,-0.6303767107271403,10,-9.522610325147219e-5,0.9997979174931689,-0.6870970179482363,-0.6960625598666063,-0.6741902372452803,-0.7681669245057139,-0.6304088792305322
2022,2022-09-29,-0.6847604271106258,-0.692565249447789,-0.6803140234987104,-0.7046450212553589,-0.6587186948629058,10,-9.522610325147219e-5,0.9997979174931689,-0.6848035878330905,-0.6926099877071096,-0.6803562854991708,-0.7046922011186537,-0.6587565919431456
2022,2022-09-30,-0.6798332122556766,-0.6918411091545152,-0.6676061832930333,-0.6973351570079803,-0.6431183128053949,10,-9.522610325147219e-5,0.9997979174931689,-0.6798753770729568,-0.6918857010481722,-0.6676458767422293,-0.6973808593770077,-0.6431530566841142
2023,2023-05-01,-0.8840010657235668,-0.8848970250782608,-0.8829229245755121,-0.8857242805180839,-0.8792981942284521,10,-5.237425916551801e-4,0.9995806041972768,-0.8838480052755695,-0.8847443405495152,-0.8827694117699256,-0.8855719430823669,-0.8791431605883405
2023,2023-05-02,-0.9147170438447954,-0.9164642734174248,-0.8922821393968292,-0.9173808999657578,-0.8827623588075626,10,-5.237425916551801e-4,0.9995806041972768,-0.914576870954086,-0.9163248336149187,-0.8921325534535651,-0.9172418447538744,-0.8826087786331127
2023,2023-05-03,-0.8844531585345359,-0.9081301152817487,-0.8829664727341162,-0.9176632339387435,-0.8792981942284521,10,-5.237425916551801e-4,0.9995806041972768,-0.8843002877719192,-0.9079871787017675,-0.8828129782001077,-0.9175242971862247,-0.8791431605883405
2023,2023-05-04,-0.7221950884099712,-0.7254233233085097,-0.7201198439787316,-0.7545372448524001,-0.6923931245634433,10,-5.237425916551801e-4,0.9995806041972768,-0.721974138741779,-0.7252037281165458,-0.7198980235965615,-0.7543298650400114,-0.6921596708325495
2023,2023-05-05,-0.7529712571256051,-0.7555210705832199,-0.73168916181359,-0.7865935233411907,-0.6897648317468529,10,-5.237425916551801e-4,0.9995806041972768,-0.7527632202689751,-0.7553141035563339,-0.7314721955905742,-0.7863995934382867,-0.6895302752584916
2023,2023-05-06,-0.7233537638159788,-0.7555210705832199,-0.7201198439787316,-0.7579684668354459,-0.6904246878748189,10,-5.237425916551801e-4,0.9995806041972768,-0.7231333002952768,-0.7553141035563339,-0.7198980235965615,-0.7577625266669358,-0.6901904082434608
2023,2023-05-07,-0.8337589193144426,-0.8502766698723747,-0.8191264141947989,-0.8530986784222393,-0.7579684668354459,10,-5.237425916551801e-4,0.9995806041972768,-0.8335847786801798,-0.8501094596199394,-0.8189461341744729,-0.8529326522049244,-0.7577625266669358
2023,2023-05-08,-0.9168863082755319,-0.917592650445497,-0.9157904542269819,-0.9492634378619246,-0.911955716033065,10,-5.237425916551801e-4,0.9995806041972768,-0.916747045546938,-0.9174536840781371,-0.9156507317089658,-0.94913775966287806,-0.9118143845671599
2023,2023-05-09,-0.8665417606629383,-0.8833747005872237,-0.8520792800284311,-0.8852397891939986,-0.8489884385331823,10,-5.237425916551801e-4,0.9995806041972768,-0.8663813747834248,-0.8832213773340978,-0.8519128261003285,-0.8850872484793995,-0.8488206877752447
2023,2023-05-10,-0.8675582391099892,-0.8833747005872237,-0.8522771119573639,-0.8850350333924427,-0.8466406724238392,10,-5.237425916551801e-4,0.9995806041972768,-0.8673982797161363,-0.8832213773340978,-0.8521107410339537,-0.8848824067680896,-0.846471936609521
2023,2023-05-11,-0.8515261381250641,-0.8527939125256854,-0.8494178489795796,-0.8537853270974245,-0.8189741535914692,10,-5.237425916551801e-4,0.9995806041972768,-0.8513594521142342,-0.8526277584372041,-0.8492502783901428,-0.8536195889785092,-0.8187938096868924
2023,2023-05-12,-0.8847590167640791,-0.8856031576870625,-0.8834481700379649,-0.9168433773976404,-0.8792981942284521,10,-5.237425916551801e-4,0.9995806041972768,-0.8846062743309409,-0.885450769431625,-0.8832948776105465,-0.9167040966564621,-0.8791431605883405
2023,2023-05-13,-0.9481496507560279,-0.9491561531449758,-0.9449640724535826,-0.9496021873594029,-0.9148186372963532,10,-5.237425916551801e-4,0.9995806041972768,-0.9480235052433547,-0.9490304299322908,-0.9448365903621846,-0.9494766512900825,-0.914678507031388
2023,2023-05-14,-0.9490135997869846,-0.949457367518619,-0.948132738415999,-1.013480094200722,-0.9460165763012968,10,-5.237425916551801e-4,0.9995806041972768,-0.948887816762935,-0.9493317706869817,-0.9480065858073854,-1.0133813594977983,-0.9458895358108004
2023,2023-05-15,-0.8521553035877902,-0.8530630337663655,-0.851105885848948,-0.8792981942284521,-0.8489884385331823,10,-5.237425916551801e-4,0.9995806041972768,-0.8519888815570269,-0.8528969925935592,-0.8509390235121271,-0.8791431605883405,-0.8488206877752447
2023,2023-05-16,-0.6251115020218139,-0.6268863862508529,-0.6230820390789172,-0.6284035646428556,-0.5982736997321485,10,-5.237425916551801e-4,0.9995806041972768,-0.6248498188215047,-0.6266254477418601,-0.6228195043732503,-0.6281432626990853,-0.5980007561476469
2023,2023-05-17,0.2394532380588417,0.22177557998830788,0.2471972711426097,0.21470042116546129,0.26980657598069935,10,-5.237425916551801e-4,0.9995806041972768,0.24007766821687462,0.22239259310006598,0.24782495047830558,0.21531446574031354,0.27044374154243017
2023,2023-05-18,0.01784993863855564,0.013559158527149137,0.023141841268242692,-0.015740465547122023,0.03511241630070865,10,-5.237425916551801e-4,0.9995806041972768,0.018381390308154277,0.014088809906544488,0.023675513270790958,-0.015223107462841163,0.035651110818603574
2023,2023-05-19,-0.657472697484533,-0.6590321929449561,-0.655427974045522,-0.660482498236554,-0.618038019791549,10,-5.237425916551801e-4,0.9995806041972768,-0.6572245921282628,-0.6587847419089555,-0.6551790107810207,-0.6602356557077108,-0.617773368757785
2023,2023-05-20,-0.8214019706636225,-0.8496897283450389,-0.8203180675092374,-0.852003256469072,-0.7863378155844469,10,-5.237425916551801e-4,0.9995806041972768,-0.8212226454025504,-0.8495222718285084,-0.820138287473001,-0.8518367706436301,-0.786143778393787
2023,2023-05-21,-0.6272115169585812,-0.6297603810253198,-0.6246855621244636,-0.6592534541312652,-0.5928578403633906,10,-5.237425916551801e-4,0.9995806041972768,-0.6269507148652548,-0.6295006483633998,-0.624423700211798,-0.6590060959302122,-0.5925826244371911
2023,2023-05-22,-0.5954359737605083,-0.6160232455679756,-0.5926965396569467,-0.63021265315280794,-0.5527229761823232,10,-5.237425916551801e-4,0.9995806041972768,-0.5951618395462998,-0.6157577491918257,-0.5924212560535244,-0.6299531102515047,-0.5524309208001461
2023,2023-05-23,-0.8509912821856976,-0.8527178889663263,-0.847227613951175,-0.8537853270974245,-0.8186934176827516,10,-5.237425916551801e-4,0.9995806041972768,-0.850824371764415,-0.8525517029805056,-0.8470591244009519,-0.8536195889785092,-0.8185129559893128
2023,2023-05-24,-0.8019452854376659,-0.8189039696142898,-0.787576465875058,-0.820877166205046,-0.7843030133544392,10,-5.237425916551801e-4,0.9995806041972768,-0.8017577967007475,-0.8187235962624975,-0.7873829483870922,-0.8206976207508386,-0.7841081224182074
2023,2023-05-25,-0.7546401599643098,-0.7564516101849429,-0.7540790332818971,-0.7579684668354459,-0.7486681070100006,10,-5.237425916551801e-4,0.9995806041972768,-0.7544328233321967,-0.756245033586204,-0.753871461216869,-0.7577625266669358,-0.7484582646730628
2023,2023-05-26,-0.8521553035877902,-0.8530630337663655,-0.851105885848948,-0.8792981942284521,-0.8489884385331823,10,-5.237425916551801e-4,0.9995806041972768,-0.8519888815570269,-0.8528969925935592,-0.8509390235121271,-0.8791431605883405,-0.8488206877752447
2023,2023-05-27,-0.720622099781767,-0.7223775153247088,-0.6916701088112152,-0.7260295134147865,-0.6833530634007748,10,-5.237425916551801e-4,0.9995806041972768,-0.7204004901319528,-0.7221566421977,-0.691436351723323,-0.725810172563078,-0.6831158167154239
2023,2023-05-28,-0.785320414469443,-0.7870403074379566,-0.7638077573302379,-0.7887982326113476,-0.7545372448524001,10,-5.237425916551801e-4,0.9995806041972768,-0.7851259504059971,-0.7868465649930466,-0.7636042671631724,-0.7886052277422131,-0.7543298650400114
2023,2023-05-29,-0.7573438829265475,-0.7850847688919886,-0.7550024069118864,-0.7888164568787208,-0.7519603007650677,10,-5.237425916551801e-4,0.9995806041972768,-0.7571376807002616,-0.7848902059583109,-0.754795222268366,-0.7886234596559744,-0.7517518397396887
2023,2023-05-30,-0.7541758530776517,-0.7561408207933212,-0.7494911554487673,-0.7579684668354459,-0.7223230146119354,10,-5.237425916551801e-4,0.9995806041972768,-0.7539683216354767,-0.7559341137961274,-0.7492816584397192,-0.7577625266669358,-0.722102118617966
2023,2023-05-31,-0.8524796781339081,-0.8536136649286282,-0.851105885848948,-0.911955716033065,-0.8489884385331823,10,-5.237425916551801e-4,0.9995806041972768,-0.852313392201547,-0.853447854785113,-0.8509390235121271,-0.9118143845671599,-0.8488206877752447
2023,2023-06-01,-0.7224019904877724,-0.7246138329017637,-0.72173674909288,-0.7557804024188868,-0.7160105852053877,10,-5.237425916551801e-4,0.9995806041972768,-0.7221811276298511,-0.7243938980704776,-0.7215156071184495,-0.7555735442003179,-0.7157870406942434
2023,2023-06-02,-0.8511627519168397,-0.8527939125256854,-0.8494178489795796,-0.8537853270974245,-0.8195831960047879,10,-5.237425916551801e-4,0.9995806041972768,-0.8509959134394155,-0.8526277584372041,-0.8492502783901428,-0.8536195889785092,-0.8194031076372141
2023,2023-06-03,-0.8530273891104918,-0.8729199774456952,-0.8512875789530602,-0.8844830001357155,-0.8489884385331823,10,-5.237425916551801e-4,0.9995806041972768,-0.8528613329821942,-0.8727622676858826,-0.8511207928495365,-0.8843301418937921,-0.8488206877752447
2023,2023-06-04,-0.6901638210112351,-0.6925193550135501,-0.6848325498729644,-0.7236047529896796,-0.6549321629969532,10,-5.237425916551801e-4,0.9995806041972768,-0.6899294319275054,-0.6922859542453896,-0.6845959239383703,-0.7233843947769494,-0.654682991704133
2023,2023-06-05,-0.39858313378277993,-0.40190070078117957,-0.3966604943126837,-0.40663997920819145,-0.3717720958932685,10,-5.237425916551801e-4,0.9995806041972768,-0.3982264056741981,-0.4015453646300532,-0.3963029595188575,-0.40628663152450023,-0.3714041186300809
2023,2023-06-06,-0.6853139694935497,-0.6896413761325229,-0.6608997753207824,-0.6923931245634433,-0.6574828936833671,10,-5.237425916551801e-4,0.9995806041972768,-0.6850775455490377,-0.6894067678456711,-0.6606531078696237,-0.6921596708325495,-0.6572347926051342
2023,2023-06-07,-0.4263176796986248,-0.43331739198777564,-0.3979236286158883,-0.4359299630806653,-0.3657149883064867,10,-5.237425916551801e-4,0.9995806041972768,-0.4259725882225453,-0.43297523739336635,-0.3975666237975567,-0.435588904647332,-0.36534446965195166
2023,2023-06-08,-0.6203137350995653,-0.625999806477699,-0.5965457691191612,-0.6284035646428556,-0.5922042029946192,10,-5.237425916551801e-4,0.9995806041972768,-0.6200500388916996,-0.6257384959848622,-0.596272100543755,-0.6281432626990853,-0.5919287128206323
2023,2023-06-09,-0.7869174793354095,-0.7885876874205342,-0.784875640851127,-0.7899074202561055,-0.7539822134861424,10,-5.237425916551801e-4,0.9995806041972768,-0.7867236853552951,-0.7883945942125814,-0.7846809901732271,-0.7897148807707937,-0.7537746007982613
2023,2023-06-10,-0.7864656694628188,-0.7884031265441666,-0.7820699749495699,-0.8201317012773012,-0.7567192990176491,10,-5.237425916551801e-4,0.9995806041972768,-0.7862716859160369,-0.7882099558996803,-0.7818741470934635,-0.819951843047055,-0.7565128347335874
2023,2023-06-11,-0.8188119777107252,-0.8205536736549814,-0.8146487944503724,-0.8510490197810562,-0.787956051848094,10,-5.237425916551801e-4,0.9995806041972768,-0.8186315657617272,-0.8203739924724325,-0.8144666357472077,-0.8508821335848387,-0.7877626936236866
2023,2023-06-12,-0.785320414469443,-0.786652248183034,-0.7563274185230265,-0.7888164568787208,-0.7486681070100006,10,-5.237425916551801e-4,0.9995806041972768,-0.7851259504059971,-0.7864583429194159,-0.7561207898169723,-0.7886234596559744,-0.7484582646730628
2023,2023-06-13,-0.5588763130625766,-0.5617885579153015,-0.5315120905335349,-0.5642456974554588,-0.5200654543777103,10,-5.237425916551801e-4,0.9995806041972768,-0.5585868394468417,-0.5615003061952923,-0.5312111356625363,-0.5639584766818342,-0.5197596968213267
2023,2023-06-14,-0.6579256515346976,-0.6601752372102319,-0.6570521807148461,-0.6833530634007748,-0.6281109030199248,10,-5.237425916551801e-4,0.9995806041972768,-0.6576777362251597,-0.6599282657633362,-0.6568038989216108,-0.6831158167154239,-0.6278504782835994
2023,2023-06-15,-0.6919952676953625,-0.720553017957352,-0.6900333875794432,-0.7260295134147865,-0.6872748755863247,10,-5.237425916551801e-4,0.9995806041972768,-0.6917616470349586,-0.7203313793227546,-0.6897989437695279,-0.725810172563078,-0.6870392743826516
2023,2023-06-16,-0.4346193491769317,-0.4379166902418045,-0.43074339983943843,-0.4608758874607241,-0.40184825869760804,10,-5.237425916551801e-4,0.9995806041972768,-0.4342777408470039,-0.43757646538310147,-0.4304001652705891,-0.4605452956330214,-0.40149290054326386
2023,2023-06-17,-0.11363240287418244,-0.11817720560261231,-0.09970510664699304,-0.14062521390723356,-0.07392180532625187,10,-5.237425916551801e-4,0.9995806041972768,-0.11315611748325219,-0.11770282708260424,-0.09922297775574232,-0.1401602539377885,-0.073428858489646
2023,2023-06-18,0.32153743485606767,0.3044899892070573,0.3337896959604165,0.26980657598069935,0.346108257856215,10,-5.237425916551801e-4,0.9995806041972768,0.32219630522578746,0.305141706949843,0.33445370703300653,0.27044374154243017,0.34677743744961564
2023,2023-06-19,-0.2386312957324202,-0.24319666457855968,-0.23486320141326084,-0.27369306752054107,-0.20522987482954172,10,-5.237425916551801e-4,0.9995806041972768,-0.23820745634813478,-0.24277474069415883,-0.2344377810429748,-0.2732839390658818,-0.20479202115198888
2023,2023-06-20,-0.5010016497015288,-0.524187348074028,-0.49815906445286384,-0.5321667638617605,-0.462962530897662,10,-5.237425916551801e-4,0.9995806041972768,-0.5006878935108864,-0.5238833199478756,-0.4978441155936991,-0.5318660836732086,-0.4626328145666381
2023,2023-06-21,-0.5954359737605083,-0.5977864325614006,-0.5932073433746547,-0.6250628332190828,-0.5527229761823232,10,-5.237425916551801e-4,0.9995806041972768,-0.5951618395462998,-0.5975132845333501,-0.592932274090052,-0.624801129598718,-0.5524309208001461
2023,2023-06-22,-0.7546401599643098,-0.7564845748679585,-0.7524657789453364,-0.7899074202561055,-0.6897648317468529,10,-5.237425916551801e-4,0.9995806041972768,-0.7544328233321967,-0.75627801210027,-0.7522575300043319,-0.7897148807707937,-0.6895302752584916
2023,2023-06-23,-0.7888073447450342,-0.8177264028484085,-0.7869341554679166,-0.8218463736767649,-0.7843030133544392,10,-5.237425916551801e-4,0.9995806041972768,-0.7886143436990938,-0.8175455354228447,-0.7867403684846367,-0.8216672348746513,-0.7841081224182074
2023,2023-06-24,-0.6101538571578959,-0.6277486848453041,-0.5957770924836876,-0.6314147897836427,-0.5948622225041622,10,-5.237425916551801e-4,0.9995806041972768,-0.6098858981520657,-0.6274881081324584,-0.5955031013932653,-0.6311557512649326,-0.594587847560124
2023,2023-06-25,-0.2670850415673647,-0.279685218056836,-0.2629796890203813,-0.29294171502281835,-0.2493494853665634,10,-5.237425916551801e-4,0.9995806041972768,-0.26667314057156427,-0.2792786037393795,-0.2625660655345489,-0.29254066275724944,-0.24893014303206715
2023,2023-06-26,-0.1981535351064122,-0.2111905088760887,-0.19413766500126883,-0.2226258956841694,-0.1744902167748631,10,-5.237425916551801e-4,0.9995806041972768,-0.1977127123964811,-0.2107551561123093,-0.1936951573456122,-0.2221953408858664,-0.17403946560459066
2023,2023-06-27,-0.36840794260702187,-0.3710837554223707,-0.36589093722951865,-0.40116872847660773,-0.3444283855944494,10,-5.237425916551801e-4,0.9995806041972768,-0.36803855384008755,-0.37071548935095383,-0.3655204923981846,-0.4008130852105664,-0.3440489356823508
2023,2023-06-28,0.00658712903128129,-0.0046948019799853465,0.014353865973234589,-0.020033667561476756,0.01760170911356183,10,-5.237425916551801e-4,0.9995806041972768,0.007113855143925013,-0.004172809447097843,0.014883850789439218,-0.019518110783561287,0.018133056633059457
2023,2023-06-29,0.33042917873481803,0.3259731587295842,0.3364045414086384,0.3035789182509481,0.3470975443523766,10,-5.237425916551801e-4,0.9995806041972768,0.33109177982924975,0.326633890203818,0.3370696495965598,0.3042302537340808,0.34776713902246287
2023,2023-06-30,-0.32978099086846857,-0.33340921973889537,-0.29909739487032927,-0.37035686737581913,-0.2954660195114166,10,-5.237425916551801e-4,0.9995806041972768,-0.32939539532304823,-0.3330251464958819,-0.29869892535424564,-0.3699882963226984,-0.29506602637274837
2023,2023-07-01,-0.5592569134695113,-0.5610482388468255,-0.5559394950476063,-0.5948622225041622,-0.5221811378328074,10,-5.237425916551801e-4,0.9995806041972768,-0.5589675995429627,-0.5607596765098349,-0.5556487892259407,-0.594587847560124,-0.5218762679574744
2023,2023-07-02,0.04678794214252707,0.030278595536142486,0.05527582938378962,0.0011249499967169838,0.0872966903364396,10,-5.237425916551801e-4,0.9995806041972768,0.04733153538145768,0.03081526191930644,0.05582298390058819,0.0016493843332386017,0.08785727990252457
2023,2023-07-03,0.17380359305356335,0.17164500622159437,0.19112656550320647,0.15442739938334524,0.19894809951634027,10,-5.237425916551801e-4,0.9995806041972768,0.1744004784738834,0.17224098595981802,0.19173071915372783,0.15501615509980357,0.19955553486172664
2023,2023-07-04,-0.11130671781926643,-0.11929770503592071,-0.10482646320204983,-0.14210276925552653,-0.09024234500132677,10,-5.237425916551801e-4,0.9995806041972768,-0.11082945663654271,-0.11882379664584244,-0.10434648308743046,-0.14163842922659328,-0.08975624580242933
2023,2023-07-05,-0.37182522299256665,-0.38197639400671646,-0.36899785134168106,-0.40325270418993375,-0.3656472735203182,10,-5.237425916551801e-4,0.9995806041972768,-0.3714572680200101,-0.38161269817894344,-0.36862871008379833,-0.40289793530126977,-0.36527672645457054
2023,2023-07-06,-0.035003030745258394,-0.03945591471278783,-0.02739165017110313,-0.0531368913017932,-0.020792830360229424,10,-5.237425916551801e-4,0.9995806041972768,-0.034493754689540176,-0.03894850696147463,-0.02687918059497012,-0.05263522370203405,-0.020277592105592664
2023,2023-07-07,0.17410056956661296,0.17227475957107974,0.194944335695275,0.16772845415015783,0.22029157764397658,10,-5.237425916551801e-4,0.9995806041972768,0.17469757958989407,0.1728710035360305,0.19555009117439087,0.16832279061369906,0.22090796811024532
2023,2023-07-08,-0.17281472094370076,-0.17862258182544077,-0.1567343744217837,-0.2121908611529564,-0.13951333525258708,10,-5.237425916551801e-4,0.9995806041972768,-0.17236326678267788,-0.17817356447888427,-0.15627617340131866,-0.2117559281087518,-0.13904790877024756
2023,2023-07-09,0.5438298926862797,0.5382208956679106,0.5535446051777158,0.5288800225170127,0.5904957478686776,10,-5.237425916551801e-4,0.9995806041972768,0.5445820306958472,0.5389706803006749,0.5543008192063922,0.5296258879831016,0.5912674655536728
2023,2023-07-10,2.021669096373766,2.0032836822732385,2.0274416101217856,1.9557747392311142,2.0733154914137493,10,-5.237425916551801e-4,0.9995806041972768,2.0230412939928573,2.0046481658916053,2.028816229724684,1.9571192894381884,2.0747093584021887
2023,2023-07-11,2.201689809561933,2.193380029928731,2.2184035727462352,2.18309288153448,2.2610837515143127,10,-5.237425916551801e-4,0.9995806041972768,2.2031375387901786,2.1948242726080327,2.2198583145976727,2.1845328080167286,2.2625564007638728
2023,2023-07-12,1.7410973910860854,1.7328706566944803,1.760928851834881,1.7125149808960043,1.8096100284708683,10,-5.237425916551801e-4,0.9995806041972768,1.7423518687383563,1.7341216826412464,1.7621916502082273,1.7137574661758592,1.8108932520916303
2023,2023-07-13,0.42999308507657963,0.4124165165702098,0.4465455622137544,0.39828970778690503,0.45912614336060736,10,-5.237425916551801e-4,0.9995806041972768,0.4306974603753598,0.41311351723704237,0.44725688246465434,0.398980781243581,0.45984274206819864
2023,2023-07-14,0.15495771271074668,0.14862174024766117,0.16619902131604056,0.13843322499039323,0.19305484413581608,10,-5.237425916551801e-4,0.9995806041972768,0.15554669093170612,0.14920806007344364,0.16679271607274146,0.13901527000280203,0.19365980683761516
2023,2023-07-15,0.6324574828094895,0.6229191398718086,0.6473110931793702,0.586145210501505,0.6983006626263816,10,-5.237425916551801e-4,0.9995806041972768,0.6332468064538594,0.6237044614967553,0.6481066489793244,0.5869151028238394,0.6991176122102076
2023,2023-07-16,2.303023171649615,2.296013257784348,2.308640842994327,2.265548631223393,2.333720867084022,10,-5.237425916551801e-4,0.9995806041972768,2.3045134174958872,2.2975005624686564,2.3101334458569047,2.2670231538104324,2.3352239928166827
2023,2023-07-17,2.7046199112761666,2.686396112073445,2.717799591552189,2.6379850911691634,2.7353135990534474,10,-5.237425916551801e-4,0.9995806041972768,2.706278655777054,2.6880472103826563,2.7194638658748493,2.6396158775806775,2.7369852217592237
2023,2023-07-18,2.6672395798576476,2.6540414660301686,2.6801371320109846,2.6428063165472255,2.7140511471904496,10,-5.237425916551801e-4,0.9995806041972768,2.6688826406267423,2.6556789892432926,2.681785604228857,2.644439125808802,2.715713848771677
2023,2023-07-19,1.288041357801681,1.269521790218704,1.3115947474560312,1.2596104836917705,1.3224958571205794,10,-5.237425916551801e-4,0.9995806041972768,1.2891057459324464,1.2705784080617308,1.3126690179241685,1.2606629430303813,1.3235747013865866
2023,2023-07-20,0.45874269713690585,0.4496946998794265,0.47016497359463316,0.4318507258545287,0.5081355225731676,10,-5.237425916551801e-4,0.9995806041972768,0.4594591349612866,0.45040734141958877,0.47088620388375746,0.4325558805669369,0.5088726842327106
2023,2023-07-21,0.16165860629279982,0.15514944688257948,0.16801499072080056,0.12771622854654505,0.20013132394492578,10,-5.237425916551801e-4,0.9995806041972768,0.16225039601953578,0.15573850554978463,0.16860944740699774,0.12829377700979366,0.2007392557378792
2023,2023-07-22,0.0859308817115961,0.07977078363895673,0.09450631170738961,0.05173918644545399,0.13015606894143944,10,-5.237425916551801e-4,0.9995806041972768,0.08649089822293975,0.08032821554705259,0.09506992622706963,0.052284857086717325,0.1307346410928395
2023,2023-07-23,0.6412014645333126,0.6268827889637053,0.66172628275294465,0.6163552795597578,0.6846951075847233,10,-5.237425916551801e-4,0.9995806041972768,0.6419944569055656,0.6276697736239146,0.6625278867594939,0.6171378471742195,0.6855063486617473
2023,2023-07-24,0.8515911013104146,0.8390051382039025,0.8585747313202987,0.8055479866574085,0.8737974596836828,10,-5.237425916551801e-4,0.9995806041972768,0.8524723672348257,0.8398811234135038,0.8594589273787095,0.8064099341907376,0.8746880427691677
2023,2023-07-25,1.0163079866817346,1.0062702123764873,1.0303393727287045,0.9869949290810585,1.0453243099194198,10,-5.237425916551801e-4,0.9995806041972768,1.0172583631611847,1.0072163772892115,1.0312956363816248,0.9879330066290656,1.046286860828951
2023,2023-07-26,1.286024389843587,1.271812737786864,1.3063999970220128,1.2596104836917705,1.344862138807309,10,-5.237425916551801e-4,0.9995806041972768,1.2870879317115376,1.2728703168468156,1.3074720879195192,1.2606629430303813,1.3459503673336977
2023,2023-07-27,1.3309374519020085,1.3148102494336427,1.3469672140001152,1.306829110796666,1.362544463197374,10,-5.237425916551801e-4,0.9995806041972768,1.3320198380228745,1.315885869035634,1.3480563257566271,1.3079013817381981,1.3636401107278935
2023,2023-07-28,1.1572061527562878,1.1419862054484171,1.1687771411627308,1.126001217735521,1.1955262789594965,10,-5.237425916551801e-4,0.9995806041972768,1.1582156461285775,1.1429893129604853,1.1697914893950996,1.1269976183980113,1.1965518503749395
2023,2023-07-29,1.5725258026858464,1.555316410812956,1.578476699553866,1.545766853369105,1.6103719029229653,10,-5.237425916551801e-4,0.9995806041972768,1.573709552458508,1.55649294001062,1.5796629461548557,1.5469393758420555,1.6115715318508668
2023,2023-07-30,2.4472808608179353,2.424127885485247,2.4541623747637615,2.4142884158754785,2.5082823505362666,10,-5.237425916551801e-4,0.9995806041972768,2.448831633118096,2.425668943450581,2.4557160343529043,2.4158253454771392,2.509858717339402
2023,2023-07-31,1.8803590594416761,1.8573884324467678,1.8888136083968228,1.8392915029456653,1.909308019016747,10,-5.237425916551801e-4,0.9995806041972768,1.8816719673585434,1.8586917025370233,1.8901300636037544,1.84058718007519,1.9106330730998045
2023,2023-08-01,0.5812173563243741,0.5717745465596313,0.5868555367214354,0.5480588937228806,0.5975207725647804,10,-5.237425916551801e-4,0.9995806041972768,0.5819851810582123,0.5725384093570687,0.5876257270765988,0.5488128061018958,0.5982954377518171
2023,2023-08-02,2.3873556938116582,2.3736450454750857,2.4098521324027637,2.3453645618495673,2.423458636966599,10,-5.237425916551801e-4,0.9995806041972768,2.388881323203469,2.3751649222659146,2.4113872006651182,2.346872572947843,2.4249994141341484
2023,2023-08-03,2.3058169867993596,2.300533209592443,2.316561507572867,2.2576548110627357,2.341812651304891,10,-5.237425916551801e-4,0.9995806041972768,2.3073084048515975,2.3020224107209293,2.318057433722697,2.259126021625683,2.3433191721217748
2023,2023-08-04,2.5462913581960356,2.532861278842776,2.5664175274149574,2.5227753948469163,2.5761006862879023,10,-5.237425916551801e-4,0.9995806041972768,2.5478836725057668,2.5344479582703503,2.568018286097118,2.5243578425222966,2.5777055077501645
2023,2023-08-05,2.498037091336659,2.4909191343791606,2.508807229251587,2.484758582683418,2.5706047115493864,10,-5.237425916551801e-4,0.9995806041972768,2.499609159518265,2.4924882160669712,2.5103838162790137,2.4863250795776537,2.572207227055803
2023,2023-08-06,2.78102261023219,2.75703159137752,2.793892988549226,2.7338600025008404,2.8050637602698565,10,-5.237425916551801e-4,0.9995806041972768,2.7827134111486624,2.758712326339763,2.7955891895131013,2.7355310153185393,2.806764648174188
2023,2023-08-07,1.850498023505092,1.8402170432582772,1.8541572286306653,1.8079645107344027,1.8718283834038338,10,-5.237425916551801e-4,0.9995806041972768,1.8517984025742764,1.8415131087183885,1.8554591429990186,1.8092470439423767,1.873137712089862
2023,2023-08-08,0.7361594568997685,0.7242327797936565,0.7398237915990703,0.7099596794035204,0.7605999902863071,10,-5.237425916551801e-4,0.9995806041972768,0.7369922909648937,0.7250606097617658,0.7406581631155889,0.7107815207816447,0.7614430789092695
2023,2023-08-09,0.05233798102310841,0.049503519754991183,0.056603166579783745,0.035326238371080544,0.08216234704014493,10,-5.237425916551801e-4,0.9995806041972768,0.05288390290167217,0.05004825237362549,0.05715087800979818,0.03586502260267986,0.08272078238072857
2023,2023-08-10,0.05569946067316954,0.05199614706485263,0.07761845865944197,0.04368268410292749,0.12780524246673972,10,-5.237425916551801e-4,0.9995806041972768,0.056246792933697755,0.052541925519537694,0.07817498751273794,0.0442249744632481,0.12838282827771633
2023,2023-08-11,-0.061841036160792465,-0.06414580756157526,-0.057856993694011316,-0.06951478529444821,-0.033802183136861966,10,-5.237425916551801e-4,0.9995806041972768,-0.06134302057449259,-0.06364875899228999,-0.05735730651596444,-0.06901998939665,-0.03329240323938796
2023,2023-08-12,0.36086955015746935,0.35586367877829883,0.37862740326150884,0.34554260249592944,0.3957136266083827,10,-5.237425916551801e-4,0.9995806041972768,0.3615449231723989,0.35653695147091663,0.3793102269702853,0.3462115447563097,0.3964036192141206
2023,2023-08-13,0.4407010867500672,0.4238326352728232,0.4686509319839293,0.41829716361561853,0.47727250811998184,10,-5.237425916551801e-4,0.9995806041972768,0.4414099548240558,0.4245344258207791,0.4693715270239361,0.418996631635937,0.47799672052994274
2023,2023-08-14,-0.12237104169296652,-0.13991815002507432,-0.10182076848334094,-0.1520719396934862,-0.09513517683490542,10,-5.237425916551801e-4,0.9995806041972768,-0.12189842278818729,-0.13945289339158518,-0.10133952726407026,-0.1516117824470327,-0.09465113053011759
2023,2023-08-15,-0.2752242925093804,-0.29024255961444867,-0.257116056647154,-0.2975268020758089,-0.21443508092493643,10,-5.237425916551801e-4,0.9995806041972768,-0.274815806513499,-0.2898403748594693,-0.2566999729467118,-0.2971276735833275,-0.21400108949199237
2023,2023-08-16,-0.22373797770513107,-0.25031733013859125,-0.21684548206046572,-0.2598518565131023,-0.21443508092493643,10,-5.237425916551801e-4,0.9995806041972768,-0.22330788950504926,-0.24989839388443846,-0.21641250196379097,-0.2594369206770505,-0.21400108949199237
2023,2023-08-17,1.2709946467026565,1.25914353610858,1.2767011727555704,1.2509461398221973,1.3007391026143347,10,-5.237425916551801e-4,0.9995806041972768,1.2720518825146845,1.260195799529167,1.2777608028648313,1.2519949638467203,1.3018088183603582
2023,2023-08-18,1.5436228328566515,1.5266700018266122,1.5577751198607697,1.4933565735806433,1.570676937037802,10,-5.237425916551801e-4,0.9995806041972768,1.544794455759122,1.5278345117997718,1.5589526806633391,1.4945071061797703,1.5718599110786324
2023,2023-08-19,2.165463865947004,2.0752754040227295,2.2532202806234434,2.0667979746669958,2.3007879950022923,10,-5.237425916551801e-4,0.9995806041972768,2.1668963957919902,2.0766700933351703,2.2546896305826083,2.068189107089402,2.3022773030315435
2023,2023-08-20,2.0013039900924765,1.9827472767867007,2.0212879136955526,1.9650819717476555,2.0518054103906995,10,-5.237425916551801e-4,0.9995806041972768,2.0026676430878925,1.9841031439090813,2.0226599513811534,1.9664304270067445,2.053190252356385
2023,2023-08-21,1.6957236161411848,1.6886874886273504,1.699659231314035,1.6767234259097805,1.711308799415059,10,-5.237425916551801e-4,0.9995806041972768,1.6969590562384194,1.6899199765641146,1.7008963226842913,1.6779508940635814,1.7125507786152159
2023,2023-08-22,0.813515714624814,0.8034802891237712,0.8195395283588025,0.7925733076492097,0.8673660795357012,10,-5.237425916551801e-4,0.9995806041972768,0.8143810051918642,0.8043413691095876,0.8204073463480394,0.7934298113735104,0.8682539641956378
2023,2023-08-23,1.0783461040742106,1.06744770603212,1.0911450348480876,1.0593037914464822,1.1035178943530366,10,-5.237425916551801e-4,0.9995806041972768,1.0793225099963428,1.0684195392941025,1.0921268108402507,1.0602722077518125,1.1045048616477542
2023,2023-08-24,0.7333806470131755,0.7172776879394802,0.7409106195907278,0.7070861488489887,0.7514442150669087,10,-5.237425916551801e-4,0.9995806041972768,0.7342123151681199,0.7181025997473941,0.7417454471095898,0.7079067845748138,0.7522834621850625
2023,2023-08-25,0.10930315577176133,0.0940652569912961,0.12454416622086217,0.08310545480408019,0.15026668132305243,10,-5.237425916551801e-4,0.9995806041972768,0.10987297862948642,0.0946286864568685,0.12512038377630827,0.08366428584605703,0.15085369131967238
2023,2023-08-26,-0.1429746734977641,-0.14793989985495684,-0.13518564692839252,-0.17245666721694752,-0.11396620319312945,10,-5.237425916551801e-4,0.9995806041972768,-0.1425106992952365,-0.1474780089212372,-0.13471840467020557,-0.17200506282668898,-0.11349005785538964
2023,2023-08-27,-0.18405690046921253,-0.19109907341192856,-0.17876081673121286,-0.2067365229428015,-0.17245666721694752,10,-5.237425916551801e-4,0.9995806041972768,-0.18361016320934465,-0.1906552908490224,-0.17831185738412034,-0.20629930141226335,-0.17200506282668898
2023,2023-08-28,-0.1639242100294928,-0.17178054802810455,-0.1510115430993868,-0.1773255240287191,-0.14382603920583614,10,-5.237425916551801e-4,0.9995806041972768,-0.16346902566107513,-0.17132865995732166,-0.15055094094045807,-0.17687596247332785,-0.14336242221232504
2023,2023-08-29,0.8772257841327067,0.8621792122710923,0.8821245611320017,0.836803161340694,0.8898522505508684,10,-5.237425916551801e-4,0.9995806041972768,0.8781178056463464,0.8630649206679533,0.8830186380341748,0.8376782226629667,0.8907495697733641
2023,2023-08-30,0.39029600428586975,0.37694677650532366,0.4132202019582283,0.3538853609527501,0.43439863835938325,10,-5.237425916551801e-4,0.9995806041972768,0.390983723810224,0.3776288950705584,0.41391753982876117,0.3545578035990575,0.4351048621039493
2023,2023-08-31,-0.16469038562545063,-0.176021755564006,-0.14919675135041505,-0.17993807113750465,-0.13717989565767746,10,-5.237425916551801e-4,0.9995806041972768,-0.16423552272268338,-0.17557164698417319,-0.14873538775610118,-0.1794896057331264,-0.13671349012995843
2023,2023-09-01,-0.32433807619470145,-0.3294593341897339,-0.3138718519688645,-0.3347621252932752,-0.3014487228000275,10,-5.237425916551801e-4,0.9995806041972768,-0.32395019695594096,-0.3290736036862517,-0.31347958139788706,-0.33437861969123894,-0.3010512398347637
2023,2023-09-02,-0.18865270443501964,-0.20472757267583333,-0.17758022669499865,-0.2176011604388649,-0.17213451407181163,10,-5.237425916551801e-4,0.9995806041972768,-0.18820789544475333,-0.2042895082464771,-0.17713077200565575,-0.21716849740350444,-0.17168277451518799
2023,2023-09-03,-0.2536726366936859,-0.2568427817026653,-0.24822939895260232,-0.26146843095650923,-0.19465528969011547,10,-5.237425916551801e-4,0.9995806041972768,-0.2532551082314412,-0.25642658334377116,-0.24780958666146752,-0.26105417338945697,-0.1942129992151654
2023,2023-09-04,-0.33092916661167004,-0.3472060292525894,-0.32814506639643853,-0.36507413818325607,-0.32238560213446527,10,-5.237425916551801e-4,0.9995806041972768,-0.33054405280837784,-0.34682774476135514,-0.32775878446329293,-0.364703350646101,-0.32199690369270867
2023,2023-09-05,-0.29583466316252693,-0.30945694051979145,-0.2910429426561294,-0.3347621252932752,-0.25679027325180526,10,-5.237425916551801e-4,0.9995806041972768,-0.2954348246963277,-0.3090628175766057,-0.290641093719279,-0.33437861969123894,-0.2563740528618475
2023,2023-09-06,-0.6640069015668535,-0.6740624417935936,-0.6452464687506123,-0.6783082462002142,-0.6202034864037884,10,-5.237425916551801e-4,0.9995806041972768,-0.6637615377781515,-0.6738212970256965,-0.6449932336139197,-0.6780688828519844,-0.6199397439386823
2023,2023-09-07,-0.7578763240808054,-0.7632816726386754,-0.7518843450821592,-0.7672556165058445,-0.7476596979498441,10,-5.237425916551801e-4,0.9995806041972768,-0.7576703452517967,-0.7630779617413251,-0.75167585218792,-0.7670535729631539,-0.7474494325129326
2023,2023-09-08,-0.8511893051741519,-0.8585240202554012,-0.8480576508578825,-0.8859693230635594,-0.8252973156413123,10,-5.237425916551801e-4,0.9995806041972768,-0.851022477837725,-0.8583602703583586,-0.847889509567713,-0.8858170884407767,-0.8251196247570247
2023,2023-09-09,-0.7363760532552235,-0.7482814418630301,-0.7314142119937715,-0.7535133012811613,-0.7005524186461847,10,-5.237425916551801e-4,0.9995806041972768,-0.7361610535195426,-0.7480714372923124,-0.7311971304095733,-0.7533054918509567,-0.7003223883247459
2023,2023-09-10,-0.5508802561038897,-0.5573670254057633,-0.5451453635290006,-0.5824063443149813,-0.5153245355349816,10,-5.237425916551801e-4,0.9995806041972768,-0.5505874275683889,-0.5570769185355359,-0.5448501287944749,-0.5821267432360923,-0.5150167888228907
2023,2023-09-11,-0.5910252710598227,-0.6073318434836756,-0.5826240650012454,-0.6206179713445409,-0.5817060105106567,10,-5.237425916551801e-4,0.9995806041972768,-0.590749286239278,-0.607062700440575,-0.58234455527181,-0.6203544027856148,-0.5814261155914743
2023,2023-09-12,-0.6110772902379069,-0.6144695832106919,-0.5947487094286305,-0.6563406044616481,-0.5453348915879145,10,-5.237425916551801e-4,0.9995806041972768,-0.610809718678528,-0.6142034349616777,-0.5944742868577102,-0.6560920241111052,-0.5450397363740119
2023,2023-09-13,-0.5896716380209348,-0.6117275243375684,-0.5793876076572662,-0.6148967479984941,-0.5580706081491625,10,-5.237425916551801e-4,0.9995806041972768,-0.5893950852541808,-0.6114602255980612,-0.5791067400016964,-0.6146307789757659,-0.5577807964823916
2023,2023-09-14,-0.5828417856875094,-0.589967573818385,-0.5818655465516054,-0.6089918488294634,-0.5589389254419007,10,-5.237425916551801e-4,0.9995806041972768,-0.5825623673075275,-0.5896911452179373,-0.5815857185692419,-0.6087234022777429,-0.5586494780965527
2023,2023-09-15,-0.7198000158452496,-0.7285842330986544,-0.7147133196663253,-0.7325949727219485,-0.7055333224441971,10,-5.237425916551801e-4,0.9995806041972768,-0.7195780612722236,-0.7283659641352039,-0.7144892308591834,-0.7323783865516182,-0.7053053819693779
2023,2023-09-16,-0.4591746064863108,-0.46124025021240583,-0.44948430962967856,-0.4853887249369783,-0.4211608699412984,10,-5.237425916551801e-4,0.9995806041972768,-0.45884330084913943,-0.4609098112610275,-0.4491489382175094,-0.4850684180038676,-0.4208136148134248
2023,2023-09-17,-0.31755949861475363,-0.32773809464992054,-0.3050753823265828,-0.36262791501716374,-0.29698684829468236,10,-5.237425916551801e-4,0.9995806041972768,-0.3171687752762042,-0.32735164196291916,-0.3046794210052734,-0.3622561011138266,-0.2965874932528376
2023,2023-09-18,-0.3629605842234496,-0.3668541284094302,-0.3518209347390054,-0.3952016972058302,-0.3280303537063364,10,-5.237425916551801e-4,0.9995806041972768,-0.36258890989871995,-0.3664840877059238,-0.35144458653183147,-0.39484355034192076,-0.32764402364298445
2023,2023-09-19,-0.5167410739302578,-0.5243333332829655,-0.5145496735159408,-0.5515255777025526,-0.4831027083176905,10,-5.237425916551801e-4,0.9995806041972768,-0.5164339215576877,-0.5240293664080855,-0.5142416016936215,-0.5512330199257767,-0.48278144223654196
2023,2023-09-20,-0.6885867838526962,-0.7004220353567743,-0.6832979949217319,-0.705618462562047,-0.6747515779118931,10,-5.237425916551801e-4,0.9995806041972768,-0.6883517330886957,-0.7001919503301881,-0.6830607251312019,-0.7053905578096177,-0.6745107222860565
2023,2023-09-21,-0.7811907089132923,-0.7856626840577284,-0.7644357193977634,-0.8186608656584943,-0.736315066976501,10,-5.237425916551801e-4,0.9995806041972768,-0.7809945121419793,-0.7854683636009393,-0.7642324927058538,-0.8184803903071451,-0.7361000416526993
2023,2023-09-22,-0.8511893051741519,-0.855572355145272,-0.8480576508578825,-0.8594420451057168,-0.8288927704496423,10,-5.237425916551801e-4,0.9995806041972768,-0.851022477837725,-0.8554073668128765,-0.847889509567713,-0.859278680385985,-0.8287165881166902
2023,2023-09-23,-0.8886613336127878,-0.90790759555447,-0.8836604991397509,-0.917856956527763,-0.8804226479011941,10,-5.237425916551801e-4,0.9995806041972768,-0.8885102284816344,-0.9077645656114931,-0.8835072957996294,-0.9177181010557737,-0.8802680860500994
2023,2023-09-24,-0.8829365890281349,-0.8891601729944053,-0.8648891725414545,-0.917856956527763,-0.851143962501143,10,-5.237425916551801e-4,0.9995806041972768,-0.8827830819557669,-0.8890092771621739,-0.8647280932826188,-0.9177181010557737,-0.8509771161402104
2023,2023-09-25,-0.859576696263629,-0.8816542229906306,-0.8524755100389789,-0.8868134511161089,-0.814573274943714,10,-5.237425916551801e-4,0.9995806041972768,-0.8594133880397218,-0.8815001778736753,-0.8523092223578028,-0.8866615706656268,-0.8143910845546962
2023,2023-09-26,-0.853107115657442,-0.858631057982896,-0.8498239163272521,-0.8804226479011941,-0.8247264402928007,10,-5.237425916551801e-4,0.9995806041972768,-0.8529410929801529,-0.8584673529958621,-0.8496565161122107,-0.8802680860500994,-0.8245485098853331
2023,2023-09-27,-0.8250118779670566,-0.8288346529805848,-0.8200050130888922,-0.8493839009359551,-0.8140411729255191,10,-5.237425916551801e-4,0.9995806041972768,-0.8248340673211789,-0.8286584462631835,-0.8198251017038587,-0.8492163161028775,-0.8138587592815161
2023,2023-09-28,-0.7653756851004572,-0.7833994006724605,-0.7621676308775346,-0.7978785560411088,-0.7476596979498441,10,-5.237425916551801e-4,0.9995806041972768,-0.7651728527916205,-0.7832041306058568,-0.7619634525597114,-0.7976893610193421,-0.7474494325129326
2023,2023-09-29,-0.853107115657442,-0.8560910588869388,-0.8484976662491794,-0.8820647480204428,-0.8288927704496423,10,-5.237425916551801e-4,0.9995806041972768,-0.8529410929801529,-0.8559262881879901,-0.8483297095770462,-0.8819108751482007,-0.8287165881166902
2023,2023-09-30,-0.859576696263629,-0.8805990570153004,-0.8551771740269062,-0.8870988775875548,-0.7840222067669796,10,-5.237425916551801e-4,0.9995806041972768,-0.8594133880397218,-0.88044456918049,-0.8550120198876697,-0.8869471168939623,-0.783827198012231
2024,2024-05-01,-0.7394376288426987,-0.740966871530806,-0.7380199817510941,-0.7781843870732937,-0.7367734547101658,10,4.108964921213035e-4,0.9997122685600269,-0.7400614642856075,-0.741591147111557,-0.738643409174964,-0.778819374385486,-0.7373965233657863
2024,2024-05-02,-0.7381084514485692,-0.7396353605115302,-0.7373660002705806,-0.7411778774703186,-0.7367734547101658,10,4.108964921213035e-4,0.9997122685600269,-0.7387319043352789,-0.7402592528644316,-0.7379892394692591,-0.7418022137815865,-0.7373965233657863
2024,2024-05-03,-0.778762988354536,-0.779695987511454,-0.7781019045547155,-0.7822720998877236,-0.7403338537122679,10,4.108964921213035e-4,0.9997122685600269,-0.7793981421964238,-0.7803314098837973,-0.7787368681272632,-0.7829082637019267,-0.7409579471014682
2024,2024-05-04,-0.6154598296394305,-0.6176814612485286,-0.614253901836536,-0.6583599957939756,-0.6139021851953891,10,4.108964921213035e-4,0.9997122685600269,-0.6160479825046504,-0.618270253530991,-0.614841707618546,-0.6589604959384787,-0.6144898897483366
2024,2024-05-05,-0.6154598296394305,-0.61695150588436,-0.614253901836536,-0.6178952102181037,-0.6139021851953891,10,4.108964921213035e-4,0.9997122685600269,-0.6160479825046504,-0.6175400880752643,-0.614841707618546,-0.618484064020566,-0.6144898897483366
2024,2024-05-06,-0.7792425447072345,-0.7805299787205868,-0.7782236792645468,-0.7822720998877236,-0.777670663046341,10,4.108964921213035e-4,0.9997122685600269,-0.7798778365722759,-0.7811656411274872,-0.7788586778855917,-0.7829082637019267,-0.778305502501436
2024,2024-05-07,-0.7381084514485692,-0.7396353605115302,-0.7373660002705806,-0.7411778774703186,-0.7367734547101658,10,4.108964921213035e-4,0.9997122685600269,-0.7387319043352789,-0.7402592528644316,-0.7379892394692591,-0.7418022137815865,-0.7373965233657863
2024,2024-05-08,-0.7378038521581609,-0.7388529718396566,-0.7370891662988976,-0.7411778774703186,-0.6989021329001756,10,4.108964921213035e-4,0.9997122685600269,-0.7384272173768534,-0.7394766390099468,-0.7377123258208133,-0.7418022137815865,-0.6995143016495923
2024,2024-05-09,-0.7792425447072345,-0.7805299787205868,-0.7782236792645468,-0.7822720998877236,-0.777670663046341,10,4.108964921213035e-4,0.9997122685600269,-0.7798778365722759,-0.7811656411274872,-0.7788586778855917,-0.7829082637019267,-0.778305502501436
2024,2024-05-10,-0.7381084514485692,-0.7396353605115302,-0.7373660002705806,-0.7411778774703186,-0.7367734547101658,10,4.108964921213035e-4,0.9997122685600269,-0.7387319043352789,-0.7402592528644316,-0.7379892394692591,-0.7418022137815865,-0.7373965233657863
2024,2024-05-11,-0.7381084514485692,-0.7396353605115302,-0.7373660002705806,-0.7411778774703186,-0.7367734547101658,10,4.108964921213035e-4,0.9997122685600269,-0.7387319043352789,-0.7402592528644316,-0.7379892394692591,-0.7418022137815865,-0.7373965233657863
2024,2024-05-12,-0.7817964412795688,-0.8200135024845939,-0.7789471797438665,-0.8206133554963727,-0.777670663046341,10,4.108964921213035e-4,0.9997122685600269,-0.7824324681924448,-0.8206605288123995,-0.7795823865986615,-0.8212605544704249,-0.778305502501436
2024,2024-05-13,-0.7369024043977025,-0.739446166846151,-0.6973222641426666,-0.7411778774703186,-0.6963408188064528,10,4.108964921213035e-4,0.9997122685600269,-0.7375255101668811,-0.7400700047464189,-0.6979339781833368,-0.7418022137815865,-0.6969522503731665
2024,2024-05-14,-0.7381084514485692,-0.7396353605115302,-0.7373660002705806,-0.7411778774703186,-0.6958762463739904,10,4.108964921213035e-4,0.9997122685600269,-0.7387319043352789,-0.7402592528644316,-0.7379892394692591,-0.7418022137815865,-0.6964875442301364
2024,2024-05-15,-0.6971404709152176,-0.6987407423024734,-0.6964252649139575,-0.7000836550529136,-0.6958762463739904,10,4.108964921213035e-4,0.9997122685600269,-0.6977521326332058,-0.6993528646013758,-0.6970367207854645,-0.7006961638612463,-0.6964875442301364
2024,2024-05-16,-0.7378038521581609,-0.7396353605115302,-0.7370891662988976,-0.7411778774703186,-0.6972701131433353,10,4.108964921213035e-4,0.9997122685600269,-0.7384272173768534,-0.7402592528644316,-0.7377123258208133,-0.7418022137815865,-0.6978818121742045
2024,2024-05-17,-0.6568629054784251,-0.6582627902504791,-0.6554206996096055,-0.6970108286870998,-0.6549452414920058,10,4.108964921213035e-4,0.9997122685600269,-0.6574629747389971,-0.6588632624178412,-0.6560203537827723,-0.6976224530922069,-0.6555447588215497
2024,2024-05-18,-0.6549621397649105,-0.6560475501871947,-0.6175036026806481,-0.6579711736199894,-0.6144972505396118,10,4.108964921213035e-4,0.9997122685600269,-0.6555616619580181,-0.6566473847768924,-0.6180923437728795,-0.6585715618559288,-0.615085126360847
2024,2024-05-19,-0.7381084514485692,-0.7396353605115302,-0.7373660002705806,-0.7411778774703186,-0.7367734547101658,10,4.108964921213035e-4,0.9997122685600269,-0.7387319043352789,-0.7402592528644316,-0.7379892394692591,-0.7418022137815865,-0.7373965233657863
2024,2024-05-20,-0.7184285548815397,-0.7377064725615241,-0.6985291590703059,-0.7398330921803616,-0.6963408188064528,10,4.108964921213035e-4,0.9997122685600269,-0.7190463436135163,-0.7383298097529807,-0.6991412204725383,-0.7404570414432556,-0.6969522503731665
2024,2024-05-21,-0.656300150277324,-0.6578461240934167,-0.6554206996096055,-0.6589894326355086,-0.6549452414920058,10,4.108964921213035e-4,0.9997122685600269,-0.6569000575689281,-0.6584464763383201,-0.6560203537827723,-0.6595901139409062,-0.6555447588215497
2024,2024-05-22,-0.6983085189482285,-0.7284695478034426,-0.6965083212766146,-0.7398330921803616,-0.6958762463739904,10,4.108964921213035e-4,0.9997122685600269,-0.698920516847089,-0.7290902264762983,-0.6971198010529266,-0.7404570414432556,-0.6964875442301364
2024,2024-05-23,-0.656300150277324,-0.6578461240934167,-0.6554206996096055,-0.6589894326355086,-0.6140818297016398,10,4.108964921213035e-4,0.9997122685600269,-0.6569000575689281,-0.6584464763383201,-0.6560203537827723,-0.6595901139409062,-0.6146695859588367
2024,2024-05-24,-0.656300150277324,-0.6578461240934167,-0.6554206996096055,-0.6589894326355086,-0.6549452414920058,10,4.108964921213035e-4,0.9997122685600269,-0.6569000575689281,-0.6584464763383201,-0.6560203537827723,-0.6595901139409062,-0.6555447588215497
2024,2024-05-25,-0.7381084514485692,-0.7396353605115302,-0.7373660002705806,-0.7411778774703186,-0.7367734547101658,10,4.108964921213035e-4,0.9997122685600269,-0.7387319043352789,-0.7402592528644316,-0.7379892394692591,-0.7418022137815865,-0.7373965233657863
2024,2024-05-26,-0.6971404709152176,-0.6987407423024734,-0.6964252649139575,-0.7411778774703186,-0.6958762463739904,10,4.108964921213035e-4,0.9997122685600269,-0.6977521326332058,-0.6993528646013758,-0.6970367207854645,-0.7418022137815865,-0.6964875442301364
2024,2024-05-27,-0.7378038521581609,-0.7388529718396566,-0.7370891662988976,-0.7411778774703186,-0.6989021329001756,10,4.108964921213035e-4,0.9997122685600269,-0.7384272173768534,-0.7394766390099468,-0.7377123258208133,-0.7418022137815865,-0.6995143016495923
2024,2024-05-28,-0.6971404709152176,-0.6987407423024734,-0.6964252649139575,-0.7000836550529136,-0.6958762463739904,10,4.108964921213035e-4,0.9997122685600269,-0.6977521326332058,-0.6993528646013758,-0.6970367207854645,-0.7006961638612463,-0.6964875442301364
2024,2024-05-29,-0.6774328395047495,-0.6969277723244428,-0.6567811255308574,-0.6989021329001756,-0.6549452414920058,10,4.108964921213035e-4,0.9997122685600269,-0.6780388290855213,-0.6975393728247449,-0.6573811712539949,-0.6995143016495923,-0.6555447588215497
2024,2024-05-30,-0.6969743581899035,-0.6987407423024734,-0.6960764280430802,-0.7000836550529136,-0.6563454651114967,10,4.108964921213035e-4,0.9997122685600269,-0.6975859720982817,-0.6993528646013758,-0.6966877835143638,-0.7006961638612463,-0.656945385445356
2024,2024-05-31,-0.7390592415119405,-0.740966871530806,-0.7374298302183095,-0.7798277605007042,-0.7367734547101658,10,4.108964921213035e-4,0.9997122685600269,-0.7396829680495822,-0.741591147111557,-0.7380530877881567,-0.7804632207991922,-0.7373965233657863
2024,2024-06-01,-0.7386637781742775,-0.7402086633292914,-0.737740022210432,-0.7781843870732937,-0.7367734547101658,10,4.108964921213035e-4,0.9997122685600269,-0.7392873908919342,-0.7408327206869151,-0.7383633690579557,-0.778819374385486,-0.7373965233657863
2024,2024-06-02,-0.7795642145222037,-0.7811815998686975,-0.7785522720964211,-0.8185678713825163,-0.778074410381856,10,4.108964921213035e-4,0.9997122685600269,-0.7801995989684026,-0.7818174498214521,-0.7791873652911665,-0.8192144816370859,-0.7787093660411889
2024,2024-06-03,-0.6971404709152176,-0.6987407423024734,-0.6964252649139575,-0.7000836550529136,-0.6958762463739904,10,4.108964921213035e-4,0.9997122685600269,-0.6977521326332058,-0.6993528646013758,-0.6970367207854645,-0.7006961638612463,-0.6964875442301364
2024,2024-06-04,-0.677118121083983,-0.6962526885519952,-0.6566268427120472,-0.7000836550529136,-0.6554256944193246,10,4.108964921213035e-4,0.9997122685600269,-0.6777240200843074,-0.6968640947535655,-0.6572268440303903,-0.7006961638612463,-0.656025350030069
2024,2024-06-05,-0.6969743581899035,-0.6987407423024734,-0.6960764280430802,-0.7000836550529136,-0.6563454651114967,10,4.108964921213035e-4,0.9997122685600269,-0.6975859720982817,-0.6993528646013758,-0.6966877835143638,-0.7006961638612463,-0.656945385445356
2024,2024-06-06,-0.6985793517047714,-0.6998994724779657,-0.6967616595991288,-0.7382853908435193,-0.6958762463739904,10,4.108964921213035e-4,0.9997122685600269,-0.6991914275531594,-0.7005119282759281,-0.697373212289821,-0.7389088946559089,-0.6964875442301364
2024,2024-06-07,-0.6971404709152176,-0.6987407423024734,-0.6964252649139575,-0.7000836550529136,-0.6958762463739904,10,4.108964921213035e-4,0.9997122685600269,-0.6977521326332058,-0.6993528646013758,-0.6970367207854645,-0.7006961638612463,-0.6964875442301364
2024,2024-06-08,-0.656300150277324,-0.6578461240934167,-0.6554206996096055,-0.6589894326355086,-0.6549452414920058,10,4.108964921213035e-4,0.9997122685600269,-0.6569000575689281,-0.6584464763383201,-0.6560203537827723,-0.6595901139409062,-0.6555447588215497
2024,2024-06-09,-0.7378038521581609,-0.7388529718396566,-0.7370891662988976,-0.7411778774703186,-0.6989021329001756,10,4.108964921213035e-4,0.9997122685600269,-0.7384272173768534,-0.7394766390099468,-0.7377123258208133,-0.7418022137815865,-0.6995143016495923
2024,2024-06-10,-0.6582302040746038,-0.6959602849349645,-0.6562774928602377,-0.6993469247531218,-0.6554190346730323,10,4.108964921213035e-4,0.9997122685600269,-0.6588306668632,-0.6965716069786062,-0.6568773936307142,-0.6999592215199735,-0.6560186883670067
2024,2024-06-11,-0.5337791883636435,-0.5351622694662465,-0.5323789803401596,-0.5357067653832936,-0.5316669679678832,10,4.108964921213035e-4,0.9997122685600269,-0.5343438323760951,-0.5357273115491528,-0.5329432213527847,-0.5362719641798857,-0.532231004053199
2024,2024-06-12,-0.4929388677257499,-0.4943082807730798,-0.491475628054673,-0.4946125429658887,-0.49041405915073605,10,4.108964921213035e-4,0.9997122685600269,-0.4934917573118174,-0.49486156449574076,-0.4920280964995073,-0.4951659142595455,-0.49096622206090906
2024,2024-06-13,-0.574619509001537,-0.5760568876753032,-0.5729860629301389,-0.5768009878006987,-0.5326536822727709,10,4.108964921213035e-4,0.9997122685600269,-0.5751959074403727,-0.5766336998122085,-0.5735619912399135,-0.5773780141002258,-0.5332180023485276
2024,2024-06-14,-0.3702388836277687,-0.37145371726400295,-0.3687655711982132,-0.3719718105440194,-0.3666553326992947,10,4.108964921213035e-4,0.9997122685600269,-0.37075645840954746,-0.37197164169221747,-0.3692827219396753,-0.3724898840868644,-0.36717187608403923
2024,2024-06-15,-0.45316751222626994,-0.45349507816092405,-0.45090219724000524,-0.4907730163055388,-0.44916115033358894,10,4.108964921213035e-4,0.9997122685600269,-0.45370895504935627,-0.4540366152621552,-0.45144298807315053,-0.4913252825286973,-0.4497014400686191
2024,2024-06-16,-0.3717131346013529,-0.40939330778349237,-0.3697237919263859,-0.4124240981310787,-0.3676438474156886,10,4.108964921213035e-4,0.9997122685600269,-0.37223113369357463,-0.40992215176661834,-0.3702412184574313,-0.41295381441886514,-0.36816067530905805
2024,2024-06-17,-0.41236935079837533,-0.41243484106209377,-0.40995703971489383,-0.45049299635693857,-0.4079082415164418,10,4.108964921213035e-4,0.9997122685600269,-0.41289905132909904,-0.4129645604418488,-0.4104860459481046,-0.45103366941623735,-0.4084366580763292
2024,2024-06-18,-0.574619509001537,-0.5766280546154283,-0.5732823326256462,-0.6173730668348295,-0.5728591288987723,10,4.108964921213035e-4,0.9997122685600269,-0.5751959074403727,-0.5772050311423199,-0.573858346206062,-0.617961770356984,-0.5734350206751235
2024,2024-06-19,-0.4721580084204476,-0.4919928446550901,-0.45312032317467216,-0.4946125429658887,-0.44916115033358894,10,4.108964921213035e-4,0.9997122685600269,-0.47270491697901357,-0.492545461962234,-0.4536617524160768,-0.4951659142595455,-0.4497014400686191
2024,2024-06-20,-0.49396567365416455,-0.49456247721376423,-0.4918473547651166,-0.5351141905266933,-0.4907730163055388,10,4.108964921213035e-4,0.9997122685600269,-0.49451885876961343,-0.4951158340977839,-0.49239993019819644,-0.5356792187717955,-0.4913252825286973
2024,2024-06-21,-0.6971404709152176,-0.6987407423024734,-0.6964252649139575,-0.7000836550529136,-0.6958762463739904,10,4.108964921213035e-4,0.9997122685600269,-0.6977521326332058,-0.6993528646013758,-0.6970367207854645,-0.7006961638612463,-0.6964875442301364
2024,2024-06-22,-0.656300150277324,-0.6578461240934167,-0.6554206996096055,-0.6589894326355086,-0.6549452414920058,10,4.108964921213035e-4,0.9997122685600269,-0.6569000575689281,-0.6584464763383201,-0.6560203537827723,-0.6595901139409062,-0.6555447588215497
2024,2024-06-23,-0.656300150277324,-0.6582627902504791,-0.6549536906284581,-0.6982565705093673,-0.6141727856021775,10,4.108964921213035e-4,0.9997122685600269,-0.6569000575689281,-0.6588632624178412,-0.6555532103897839,-0.6988685534567266,-0.614760568037779
2024,2024-06-24,-0.1251472302671598,-0.1269108561718988,-0.12312100142245391,-0.1643576250719863,-0.11913787979641187,10,4.108964921213035e-4,0.9997122685600269,-0.12559426417776534,-0.127358397679177,-0.12356745215551773,-0.1648159442930896,-0.11958318413029956
2024,2024-06-25,-0.208927948170604,-0.24522936756900987,-0.20709068384388235,-0.24866158081812795,-0.1624285659326049,10,4.108964921213035e-4,0.9997122685600269,-0.20939909536596402,-0.2457109628302835,-0.20756130224838226,-0.24914416391929464,-0.16288632994299265
2024,2024-06-26,-0.3279230664770405,-0.3299257779942951,-0.32570201569137863,-0.3311862155483509,-0.2891414308788638,10,4.108964921213035e-4,0.9997122685600269,-0.32842846216350824,-0.3304317500896825,-0.3262067721277732,-0.3316925504156316,-0.2896356646578446
2024,2024-06-27,-0.4533708641086518,-0.45353683053863814,-0.45090219724000524,-0.4936840108090843,-0.44916115033358894,10,4.108964921213035e-4,0.9997122685600269,-0.45391236545930824,-0.4540783796567987,-0.45144298807315053,-0.4942371148579518,-0.4497014400686191
2024,2024-06-28,2.21276981745799,2.2076734456613814,2.2179530585990848,2.190229985180721,2.2487227538306316,10,4.108964921213035e-4,0.9997122685600269,2.212995669396478,2.2078978307914268,2.218180402348251,2.1904493498342155,2.2489589535366514
2024,2024-06-29,0.14091731727213888,0.12207465622762602,0.16251590763168014,0.11745532940400231,0.16963248192361807,10,4.108964921213035e-4,0.9997122685600269,0.14054686053058174,0.12169877629965237,0.16215166727227712,0.11707811996792872,0.1692702898157301
2024,2024-06-30,-0.574295102183241,-0.5760568876753032,-0.5729860629301389,-0.5768009878006987,-0.5332090023425995,10,4.108964921213035e-4,0.9997122685600269,-0.5748714072531707,-0.5766336998122085,-0.5735619912399135,-0.5773780141002258,-0.5337734822473873
2024,2024-07-01,1.3516210798652175,1.3426788422328255,1.3822809683830521,1.324713928803738,1.4307785871071252,10,4.108964921213035e-4,0.9997122685600269,1.3515990809229166,1.3426542695870787,1.3822677937936676,1.324684185599849,1.430779370823655
2024,2024-07-02,1.4342039333917795,1.4298254590289092,1.4532527380237608,1.3945090495660468,1.4729603100816235,10,4.108964921213035e-4,0.9997122685600269,1.434205702971792,1.4298259684215928,1.4532599901212524,1.3944993943927158,1.472973234299249
2024,2024-07-03,1.2679652424418122,1.2661353728521756,1.2736685585823673,1.2422081111694436,1.3124784941656789,10,4.108964921213035e-4,0.9997122685600269,1.2679191661571387,1.2660887699049528,1.2736241237933696,1.242154621615269,1.3124452294293072
2024,2024-07-04,2.1615000479501405,2.1394299662951193,2.169035661079901,2.127262286399562,2.190229985180721,10,4.108964921213035e-4,0.9997122685600269,2.161711143718207,2.1396347099791164,2.169248925704833,2.127463528051857,2.1904493498342155
2024,2024-07-05,2.00391821890644,1.9958298193015918,2.0105488650094925,1.9687229373686224,2.026013378695239,10,4.108964921213035e-4,0.9997122685600269,2.004083960378065,1.9959932328165253,2.0107165148755737,1.9688785491365763,2.0261854794687775
2024,2024-07-06,2.827786367402966,2.821695907069742,2.8390854877228824,2.7929252504265105,2.851071555038182,10,4.108964921213035e-4,0.9997122685600269,2.8281892298704716,2.822097016615955,2.8394916022382644,2.793318079367668,2.851481119314577
2024,2024-07-07,3.233774356663411,3.230309304923553,3.24315796653352,3.2068640745707993,3.2636006432096534,10,4.108964921213035e-4,0.9997122685600269,3.234294068260847,3.23082801922971,3.2436803788676225,3.2073760410054915,3.2641289392374766
2024,2024-07-08,3.0802788444242317,3.0692101259732554,3.095158751916796,3.054018169092133,3.1171507129737734,10,4.108964921213035e-4,0.9997122685600269,3.0807543778254454,3.0696824736395345,3.095638567967472,3.0544861442966877,3.117636858624297
2024,2024-07-09,1.5539137603236628,1.546788522566815,1.5588074754282495,1.5175548826665985,1.5802495315466745,10,4.108964921213035e-4,0.9997122685600269,1.5539499840981124,1.5468226955962807,1.5588451076836571,1.5175806418378286,1.5802933351314505
2024,2024-07-10,0.4067669624043372,0.4014541144840585,0.4084976092726112,0.3711311659234127,0.4101423847616317,10,4.108964921213035e-4,0.9997122685600269,0.40647302097985266,0.4011586439462175,0.40820416595296255,0.37082696800877746,0.4098494148318121
2024,2024-07-11,-0.04208418452307932,-0.043894103664593793,-0.041149480704090316,-0.0870303750530532,-0.036632062162117604,10,4.108964921213035e-4,0.9997122685600269,-0.04250731170520695,-0.044317751767247456,-0.04157233886513633,-0.08746643838944161,-0.03705362014571965
2024,2024-07-12,-0.4508357216495851,-0.45324194472266427,-0.4493033527524223,-0.45354300053535634,-0.4098883298725093,10,4.108964921213035e-4,0.9997122685600269,-0.451376493350108,-0.45378340896848396,-0.4498436834153354,-0.4540845514293299,-0.4104173163300481
2024,2024-07-13,-0.33035010870853765,-0.330897792224629,-0.32806672466467113,-0.3666553326992947,-0.32660079111907186,10,4.108964921213035e-4,0.9997122685600269,-0.3308562029323527,-0.3314040440795662,-0.32857216169801284,-0.36717187608403923,-0.32710580623584495
2024,2024-07-14,1.683945106285862,1.6775253762099667,1.7155567173577857,1.6615802586978807,1.737243016975209,10,4.108964921213035e-4,0.9997122685600269,1.6840187549350398,1.6775971771693272,1.7156394642791961,1.6616474704251525,1.7373320055227484
2024,2024-07-15,1.1471479104638902,1.1446398161675373,1.1575140290411448,1.1329305322150403,1.189432661065127,10,4.108964921213035e-4,0.9997122685600269,1.1470670612290421,1.1445582450674023,1.1574361633229733,1.1328455910160893,1.1893639819841941
2024,2024-07-16,-0.04208418452307932,-0.043894103664593793,-0.041149480704090316,-0.04636501147745009,-0.036632062162117604,10,4.108964921213035e-4,0.9997122685600269,-0.04250731170520695,-0.044317751767247456,-0.04157233886513633,-0.04678937074259059,-0.03705362014571965
2024,2024-07-17,-0.24712420090014303,-0.24861886216422452,-0.2460307306173745,-0.24969182935546566,-0.20164369743070612,10,4.108964921213035e-4,0.9997122685600269,-0.24760634152145677,-0.24910143297035375,-0.24651255652235543,-0.25017470897684574,-0.20211274811487945
2024,2024-07-18,8.666335068270674e-4,-6.587925684808059e-4,0.029546562271138676,-0.005699647901846978,0.03961234846037616,10,4.108964921213035e-4,0.9997122685600269,4.558681823142991e-4,-0.0010699969323602243,0.02914405143890454,-0.00611230309573957,0.039212734704876774
2024,2024-07-19,1.0867530426004504,1.0665320981973065,1.104182749660364,1.051599805063834,1.142991034708201,10,4.108964921213035e-4,0.9997122685600269,1.0866548108618121,1.066428046582656,1.1040895344398463,1.0514914557223871,1.1429089890652617
2024,2024-07-20,1.2022559177569812,1.1860541683584231,1.227502552645746,1.1839219939883872,1.2422081111694436,10,4.108964921213035e-4,0.9997122685600269,1.2021909293920965,1.185984516899135,1.2274448306222272,1.1838517288589252,1.242154621615269
2024,2024-07-21,2.1733818726808285,2.1664308468242117,2.190826256768051,2.127262286399562,2.2176061365828406,10,4.108964921213035e-4,0.9997122685600269,2.173596388207406,2.1666433617464738,2.191045793037007,2.127463528051857,2.217833380482906
2024,2024-07-22,2.6778512514719446,2.6626816019905837,2.695512569049235,2.6284992622373333,2.7188797116635617,10,4.108964921213035e-4,0.9997122685600269,2.6782109604760325,2.663036944953335,2.695877361232252,2.628844767035497,2.719251229243279
2024,2024-07-23,1.2732587127157535,1.2663141393110025,1.3019304765705972,1.2549266229418494,1.3124784941656789,10,4.108964921213035e-4,0.9997122685600269,1.2732141599672737,1.2662675878153145,1.301894175964419,1.254876793956642,1.3124452294293072
2024,2024-07-24,0.3668821992756227,0.3607586930534391,0.36875172246170584,0.3243718491044781,0.3758970260093537,10,4.108964921213035e-4,0.9997122685600269,0.36657677844782494,0.3604515097932711,0.3684468397093277,0.32405419319199325,0.37559419977717984
2024,2024-07-25,1.2076082308592713,1.190072568762782,1.2243860076414492,1.1839219939883872,1.231344798565121,10,4.108964921213035e-4,0.9997122685600269,1.207544782966385,1.1900040738564053,1.2243273886318575,1.1838517288589252,1.231288182394742
2024,2024-07-26,1.3084567829148754,1.2983727078453258,1.311612019185519,1.2594519892827198,1.3151214607455979,10,4.108964921213035e-4,0.9997122685600269,1.3084223606726835,1.2983353832625988,1.311578505065298,1.2594034627624464,1.3150889566926784
2024,2024-07-27,1.8437598874910046,1.8390506744707436,1.8484504281577605,1.8197488346095034,1.8817315815990387,10,4.108964921213035e-4,0.9997122685600269,1.8438795331120825,1.839168964713193,1.8485714237832975,1.8198615695073281,1.8818621560148985
2024,2024-07-28,2.153149850396272,2.135558915480506,2.1677043070779503,2.1085191963295333,2.1737993258695423,10,4.108964921213035e-4,0.9997122685600269,2.1533585428584656,2.135762545020904,2.167917188520224,2.1087150434533575,2.1740139615450977
2024,2024-07-29,2.2893389283601104,2.2624079771497145,2.3069069126639588,2.210725031346254,2.341197868161016,10,4.108964921213035e-4,0.9997122685600269,2.28958681798007,2.2626481156580636,2.3071598586002002,2.2109502947661546,2.341460683523005
2024,2024-07-30,1.5708146650359862,1.5558431660916325,1.592209752650887,1.5309784728894733,1.6011928003217657,10,4.108964921213035e-4,0.9997122685600269,1.5708557531317036,1.5558799451765621,1.592256998557768,1.5310080955612984,1.6012426316778035
2024,2024-07-31,0.5296437947633357,0.5054793339908448,0.5323172640297442,0.48452568436501864,0.5353033911098797,10,4.108964921213035e-4,0.9997122685600269,0.52938521904259,0.5052138033938682,0.5320594577715588,0.48425412300902365,0.5350464443016297
2024,2024-08-01,1.026595808466836,1.0219484065083313,1.059727840686966,0.9946906582665608,1.0669679088955009,10,4.108964921213035e-4,0.9997122685600269,1.0264802626187821,1.0218315230717534,1.0596218307100218,0.9945659296615291,1.0668639827133812
2024,2024-08-02,1.180901396639885,1.148602125956285,1.1858947727706861,1.1329305322150403,1.2009552023522965,10,4.108964921213035e-4,0.9997122685600269,1.1808302621394529,1.148521695265383,1.185825075435076,1.1328455910160893,1.200889839622979
2024,2024-08-03,0.8581870230475512,0.8528156094312506,0.8606545741636231,0.8296790229979721,0.9025910192258809,10,4.108964921213035e-4,0.9997122685600269,0.8580230067506923,0.8526500471649932,0.8604912680631458,0.8295068016923692,0.9024397830320203
2024,2024-08-04,2.1532535921670535,2.1389544242123026,2.1667625070469247,2.1287511734279616,2.177025642974549,10,4.108964921213035e-4,0.9997122685600269,2.1534623144876073,2.1391590310285102,2.166975117425726,2.128952843603165,2.1772412072301526
2024,2024-08-05,1.2979147853979205,1.2764240583333837,1.3077439395311858,1.2679048195977312,1.3124784941656789,10,4.108964921213035e-4,0.9997122685600269,1.297877329018586,1.276380416616489,1.3077093121225078,1.267858725922502,1.3124452294293072
2024,2024-08-06,0.321997554903728,0.2901315920913993,0.32635941320317763,0.2805977093866762,0.32811182936126376,10,4.108964921213035e-4,0.9997122685600269,0.3216792156355309,0.2898040813449135,0.3260423293399695,0.2802674546528598,0.32779524986840347
2024,2024-08-07,-0.08246608906825309,-0.08432482247240694,-0.08076707691467253,-0.0870303750530532,-0.04568705057867159,10,4.108964921213035e-4,0.9997122685600269,-0.08290083873807948,-0.08476010711219992,-0.08120133758458478,-0.08746643838944161,-0.04611121471700232
2024,2024-08-08,0.7723186252606118,0.7521154690314115,0.7763630697402752,0.7382646063631035,0.779308351973666,10,4.108964921213035e-4,0.9997122685600269,0.7721298948149719,0.7519209238294494,0.7761755033434027,0.7380660746854467,0.7791216332709999
2024,2024-08-09,0.9812847466178287,0.9796777220428916,0.9927122462930866,0.9702690779126277,1.025873686478096,10,4.108964921213035e-4,0.9997122685600269,0.9811561596003476,0.9795486725008327,0.9925869482728903,0.970137320428685,1.025757932793041
2024,2024-08-10,1.1379607834616206,1.1120419806263862,1.1449231909948154,1.1074021056647592,1.1778807992913827,10,4.108964921213035e-4,0.9997122685600269,1.1378772900406753,1.1119510274045596,1.1448417014539949,1.1073098170207856,1.1778087954199805
2024,2024-08-11,1.6360863273531048,1.6223167574026423,1.6418654459961657,1.5932315867902485,1.6771226609319363,10,4.108964921213035e-4,0.9997122685600269,1.636146201563566,1.6223726685346114,1.641926983519343,1.593279126795559,1.6771943459840997
2024,2024-08-12,1.516219939942605,1.4834460935389937,1.5283180402242753,1.4704387089496902,1.5549341679999158,10,4.108964921213035e-4,0.9997122685600269,1.516245314898292,1.483462035714554,1.5283468971856597,1.470450907414569,1.5549706854622385
2024,2024-08-13,0.7393916394780335,0.7359502240018101,0.764311938341943,0.7262768964590091,0.776843409996685,10,4.108964921213035e-4,0.9997122685600269,0.739193432176571,0.7357510262119223,0.764120903457687,0.7260749145475788,0.7766559818485846
2024,2024-08-14,0.07615040682884654,0.04222210296302619,0.0792500674588315,0.04025129559511618,0.08382977184709554,10,4.108964921213035e-4,0.9997122685600269,0.07576130924732921,0.04182324033206997,0.0788618620038235,0.0398518657377092,0.08344288449628585
2024,2024-08-15,-0.3292985889812431,-0.330897792224629,-0.3278622189127266,-0.37132987571367376,-0.3254024238821476,10,4.108964921213035e-4,0.9997122685600269,-0.3298043805626931,-0.3314040440795662,-0.32836759708639807,-0.37184776449852497,-0.32590709409174934
2024,2024-08-16,-0.49196281139088294,-0.49410650507670467,-0.49092731340243256,-0.4946125429658887,-0.45354300053535634,10,4.108964921213035e-4,0.9997122685600269,-0.4925154200540253,-0.4946597307254443,-0.4914796240344947,-0.4951659142595455,-0.4540845514293299
2024,2024-08-17,0.8222387418986082,0.8169990326256611,0.8376522538781643,0.77684340998725665,0.8613074466586751,10,4.108964921213035e-4,0.9997122685600269,0.8220643791740572,0.8168231618380988,0.8374823273820526,0.7766559818391536,0.8611443284642074
2024,2024-08-18,1.0496715372579757,1.0268619040532811,1.0557403907813923,1.0216225581672962,1.0750627026506034,10,4.108964921213035e-4,0.9997122685600269,1.0495626329335703,1.0267464347913295,1.0556332331595315,1.0215055809469213,1.0749611062655031
2024,2024-08-19,1.4096636794540065,1.3994328225314034,1.4212981302271075,1.386465879094657,1.4355203368595908,10,4.108964921213035e-4,0.9997122685600269,1.409658385999159,1.3994245844901112,1.4212961853330204,1.3864539089822234,1.4355224853192843
2024,2024-08-20,0.01221782136615968,0.00647051582719429,0.02993451468783402,-0.0043142090482429524,0.03345730208618046,10,4.108964921213035e-4,0.9997122685600269,0.011810323075303381,0.006061363379886481,0.029532115513834965,-0.004726465493086565,0.03305591682060558
2024,2024-08-21,-0.37837173190889195,-0.3789853080140967,-0.374741962893399,-0.39935227006430046,-0.3638103050497124,10,4.108964921213035e-4,0.9997122685600269,-0.378891647440325,-0.3795054001414782,-0.3752608337255736,-0.3998782240936541,-0.3643260295949487
2024,2024-08-22,-0.43873088592128573,-0.4485381307141849,-0.4260645145585197,-0.4549353631028427,-0.41049275468436924,10,4.108964921213035e-4,0.9997122685600269,-0.4392681736775536,-0.4490782411352886,-0.42659815675257323,-0.4554773147386088,-0.4110219151039839
2024,2024-08-23,-0.4182458197630878,-0.4373181246688784,-0.41317335247755194,-0.4530186472478753,-0.41011309282082853,10,4.108964921213035e-4,0.9997122685600269,-0.41877721162533793,-0.4378550058123215,-0.4137032844114185,-0.453560047225499,-0.4106421439683475
2024,2024-08-24,-0.238616165074019,-0.24253017402308946,-0.2374390149466154,-0.24600695481564658,-0.20656532669602523,10,4.108964921213035e-4,0.9997122685600269,-0.2390958569613554,-0.2430109924179885,-0.237918368033367,-0.2464887738776129,-0.20703579389524998
2024,2024-08-25,-0.2063948254449261,-0.20737952073597632,-0.20259752963623906,-0.2331138295526472,-0.19523605552945045,10,4.108964921213035e-4,0.9997122685600269,-0.2068652435714606,-0.20785022227185063,-0.20306685484691628,-0.23359193778939474,-0.1957032620029553
2024,2024-08-26,-0.4404276868641728,-0.4425214159112269,-0.4259487971472941,-0.45331783257682834,-0.41754667740534235,10,4.108964921213035e-4,0.9997122685600269,-0.4409654629839368,-0.443059794636053,-0.4264824060362274,-0.4538593186642541,-0.41807786804445696
2024,2024-08-27,-0.613678796417511,-0.6146804168253341,-0.6121566487981088,-0.6164781683114672,-0.6116220154003827,10,4.108964921213035e-4,0.9997122685600269,-0.6142664366759842,-0.6152683453644371,-0.6127438509608018,-0.6170666142690715,-0.6122090636879636
2024,2024-08-28,-0.6557859203582372,-0.6571900081574463,-0.65495369063963,-0.6586069205132258,-0.6278145055077264,10,4.108964921213035e-4,0.9997122685600269,-0.6563856796471411,-0.6577901715628316,-0.655553210400959,-0.6592074917261825,-0.6284062142247547
2024,2024-08-29,-0.6895003010825134,-0.6913006034775098,-0.6882308404917746,-0.6989110035798075,-0.666346090462743,10,4.108964921213035e-4,0.9997122685600269,-0.690109763850727,-0.6919105843984127,-0.6888399378911364,-0.6995231748823323,-0.666948889119119
2024,2024-08-30,-0.7733202998002577,-0.7747527541028019,-0.7448204168869379,-0.7858632326879318,-0.7421945659973239,10,4.108964921213035e-4,0.9997122685600269,-0.7739538871588041,-0.7753867537421135,-0.7454458015729677,-0.7865004300813399,-0.742819194926041
2024,2024-08-31,-0.6985897355811046,-0.6995956937292718,-0.6923807336028087,-0.702917739513909,-0.6881435188516878,10,4.108964921213035e-4,0.9997122685600269,-0.6992018144181202,-0.7002080620953806,-0.692991025400557,-0.7035310640121444,-0.6887525911186368
2024,2024-09-01,-0.6083819232577954,-0.6119215215109423,-0.6017089268807476,-0.6153978121050716,-0.5817922985658205,10,4.108964921213035e-4,0.9997122685600269,-0.608968039000676,-0.6125086560006506,-0.6022931220401595,-0.6159859471207612,-0.582370761435728
2024,2024-09-02,-0.6246392551965358,-0.6260399571604428,-0.6159264390904511,-0.6596979539126882,-0.6116220154003827,10,4.108964921213035e-4,0.9997122685600269,-0.6252300500312671,-0.6266311551371637,-0.6165147262525217,-0.6602988391406079,-0.6122090636879636
2024,2024-09-03,-0.7314533958295457,-0.7343538286273833,-0.7308996938241465,-0.7435742021656646,-0.6981483135399664,10,4.108964921213035e-4,0.9997122685600269,-0.7320749332963926,-0.7349762008801298,-0.7315210719276642,-0.7441992281733351,-0.6987602653294269
2024,2024-09-04,-0.7004404470872834,-0.7026423118657767,-0.6990641605858738,-0.7308986316715672,-0.6981483135399664,10,4.108964921213035e-4,0.9997122685600269,-0.701053058585449,-0.7032555570920093,-0.6996763759691679,-0.7315200094693823,-0.6987602653294269
2024,2024-09-05,-0.6564787086641988,-0.65784680660008,-0.6550930008196938,-0.6676413994444506,-0.648361616716429,10,4.108964921213035e-4,0.9997122685600269,-0.6570786673474516,-0.6584471590414185,-0.6556925606764782,-0.6682445709092137,-0.6489592391849248
2024,2024-09-06,-0.58248122619479,-0.583392907207113,-0.5810058531037762,-0.61180976262872,-0.5796996382807238,10,4.108964921213035e-4,0.9997122685600269,-0.5830598873478885,-0.5839718307550011,-0.5815840896234703,-0.6123968649526291,-0.5802774988531741
2024,2024-09-07,-0.5000619509283754,-0.5140257289864884,-0.4963324119457786,-0.5225599816609892,-0.47086713697657756,10,4.108964921213035e-4,0.9997122685600269,-0.5006168906393151,-0.5145846876717816,-0.49688627824224135,-0.5231213966258423,-0.471413674003943
2024,2024-09-08,-0.14071513310600622,-0.15367032163406513,-0.13647864769160223,-0.15770890642781,-0.11366705349810706,10,4.108964921213035e-4,0.9997122685600269,-0.14116664768094095,-0.1541255648969109,-0.13692894294565128,-0.15816531205292209,-0.1141107832502094
2024,2024-09-09,-0.5443308737289468,-0.5618892009276419,-0.5417935316294668,-0.5685303149410454,-0.5397725640884882,10,4.108964921213035e-4,0.9997122685600269,-0.5448985546668417,-0.5624619354023667,-0.5423604822841402,-0.5691049608230402,-0.5403389330798981
2024,2024-09-10,-0.5442278431130865,-0.5458994710416909,-0.5415490943000355,-0.5640963529807291,-0.49752663042874734,10,4.108964921213035e-4,0.9997122685600269,-0.5447954943973016,-0.5464676034442498,-0.5421159746021615,-0.5646697227052736,-0.4980808404383109
2024,2024-09-11,-0.49458448428620905,-0.4971285576010911,-0.47888531997227046,-0.49984433773240783,-0.4756105159137829,10,4.108964921213035e-4,0.9997122685600269,-0.4951378475041779,-0.49768265303962106,-0.4794341647469867,-0.5003992148111681,-0.4761584181532147
2024,2024-09-12,-0.46364148742052513,-0.4742077181802757,-0.454077567365249,-0.4771286938038267,-0.4504929965430512,10,4.108964921213035e-4,0.9997122685600269,-0.4641859448029598,-0.47475521667452547,-0.4546192721151755,-0.47767703299649417,-0.4510336696024035
2024,2024-09-13,0.49586987746493494,0.48746153783159696,0.5008256250743475,0.4769283511965814,0.5039232917811132,10,4.108964921213035e-4,0.9997122685600269,0.49560158112940494,0.4871908214560749,0.5005587550736146,0.47665460321981434,0.5036573133330101
2024,2024-09-14,-0.11095665671300697,-0.11402506085380737,-0.10445476700127801,-0.12007240663475423,-0.08784257134289541,10,4.108964921213035e-4,0.9997122685600269,-0.11139960637428278,-0.11446889364552944,-0.10489584532602217,-0.12051797993878598,-0.08827886844095244
2024,2024-09-15,-0.47583453198214387,-0.4784112234107971,-0.47270216041952356,-0.49752663042874734,-0.45354518849534975,10,4.108964921213035e-4,0.9997122685600269,-0.4763824986965931,-0.47895993173376555,-0.4732492255927908,-0.4980808404383109,-0.4540867400190494
2024,2024-09-16,-0.6798695231468743,-0.682487334460206,-0.678044538019461,-0.7030676874329329,-0.6588538452324759,10,4.108964921213035e-4,0.9997122685600269,-0.6804762140399288,-0.6830947787966686,-0.678650703655784,-0.7036810550883166,-0.6594544875138864
2024,2024-09-17,-0.5229456221647777,-0.5434414342429871,-0.52041370525434,-0.546107419525731,-0.5168040883845179,10,4.108964921213035e-4,0.9997122685600269,-0.5235071481224645,-0.5440088591875205,-0.5209745024902521,-0.5466756117788276,-0.5173638467212464
2024,2024-09-18,-0.5437827398481356,-0.5450258012917341,-0.5417935316294668,-0.5470431032272755,-0.5397725640884882,10,4.108964921213035e-4,0.9997122685600269,-0.544350263025287,-0.5455936822396864,-0.5423604822841402,-0.5476115647834778,-0.5403389330798981
2024,2024-09-19,0.5493301414495834,0.5410789969566457,0.5533121760604589,0.5223596390537438,0.569947417281207,10,4.108964921213035e-4,0.9997122685600269,0.549077231740007,0.5408237124500792,0.5530604124372003,0.5220989668491625,0.5697004415174768
2024,2024-09-20,-0.293414534004536,-0.29492043579789606,-0.28786901711050183,-0.2994555699572708,-0.2687276262427666,10,4.108964921213035e-4,0.9997122685600269,-0.29390999764350173,-0.2954163328568618,-0.2883628846706642,-0.29995277229248773,-0.2692159846378115
2024,2024-09-21,-0.6798695231468743,-0.680695114824654,-0.678044538019461,-0.683079149582386,-0.6775834183123094,10,4.108964921213035e-4,0.9997122685600269,-0.6804762140399288,-0.6813020433347606,-0.678650703655784,-0.6836867642516761,-0.6781894512318082
2024,2024-09-22,-0.7485179541338398,-0.7507519848066562,-0.7470130743648491,-0.7934095619907515,-0.7233503353188824,10,4.108964921213035e-4,0.9997122685600269,-0.7491444030237909,-0.7513790766824769,-0.7476390901289534,-0.7940489313252922,-0.7239695406094199
2024,2024-09-23,-0.7707070588227125,-0.7722412810458594,-0.7696770842658619,-0.7918966770349718,-0.7685823945685494,10,4.108964921213035e-4,0.9997122685600269,-0.7713398940532584,-0.7728745578474288,-0.77030962305505,-0.7925356109396587,-0.7692146182904398
2024,2024-09-24,-0.7918260530909789,-0.7932573098929923,-0.7765774636319909,-0.7964425215449783,-0.7694573211281903,10,4.108964921213035e-4,0.9997122685600269,-0.7924649666690882,-0.7938966354072091,-0.7772119884487129,-0.797082763808508,-0.7700897966664151
2024,2024-09-25,-0.7720504972163373,-0.7869197611801786,-0.7697841861360035,-0.7934095619907515,-0.7689537312042848,10,4.108964921213035e-4,0.9997122685600269,-0.7726837191076013,-0.7875572626575457,-0.7704167557506364,-0.7940489313252922,-0.7695860618021516
2024,2024-09-26,-0.7925925329631758,-0.7941619731280479,-0.7917907411189824,-0.7964425215449783,-0.770649336485982,10,4.108964921213035e-4,0.9997122685600269,-0.7932316671451171,-0.7948015590172381,-0.7924296445338028,-0.797082763808508,-0.7712821551032167
2024,2024-09-27,-0.8157380691809364,-0.8169030342157101,-0.8147133864446418,-0.8191151959374966,-0.8140237371436204,10,4.108964921213035e-4,0.9997122685600269,-0.8163838649780987,-0.8175491653064139,-0.8153588873235075,-0.8197619637198742,-0.8146690395315876
2024,2024-09-28,-0.8145228363880862,-0.8181319380804989,-0.7934130023662118,-0.8632946405897063,-0.7716689295572929,10,4.108964921213035e-4,0.9997122685600269,-0.8151682824239298,-0.8187784228672507,-0.7940523726909415,-0.8639541238459525,-0.772302041627946
2024,2024-09-29,-0.8045857229737916,-0.8150087598037505,-0.7934130023662118,-0.8171474497891064,-0.7737698471524599,10,4.108964921213035e-4,0.9997122685600269,-0.805228308966759,-0.8156543456952791,-0.7940523726909415,-0.8177936512260958,-0.7744035638971416
2024,2024-09-30,-0.7930844155424712,-0.794962829021272,-0.7917907411189824,-0.8153942725361307,-0.770764781159443,10,4.108964921213035e-4,0.9997122685600269,-0.7937236912952297,-0.795602645408203,-0.7924296445338028,-0.8160399693837185,-0.7713976330033002
2025,2025-05-01,-0.8550752469127831,-0.8562447434954552,-0.8547751126052788,-0.8579445166789196,-0.8524352100842509,10,9.408730105594952e-4,1.000254702712548,-0.8557981458142102,-0.8569673445987803,-0.8554980879322623,-0.8586666849556464,-0.8531587812389948
2025,2025-05-02,-0.9149747290292656,-0.9357262276377372,-0.8943448269415635,-0.9722228168995655,-0.891845277529455,10,9.408730105594952e-4,1.000254702712548,-0.9156823752550153,-0.9364285897463808,-0.895057726321342,-0.9729158855949829,-0.8925588133891357
2025,2025-05-03,-0.9737041481587463,-0.9750969219793078,-0.9731035096141508,-0.9763789503149495,-0.9706654124198631,10,9.408730105594952e-4,1.000254702712548,-0.9743968396511484,-0.975789258818771,-0.973796354051864,-0.9770709607014665,-0.9713588776894176
2025,2025-05-04,-0.9757950500176356,-1.0124206509845528,-0.9741080771558062,-1.0150948310544552,-0.9706654124198631,10,9.408730105594952e-4,1.000254702712548,-0.9764872090872722,-1.0131034837896995,-0.9748006657925947,-1.0157769829121233,-0.9713588776894176
2025,2025-05-05,-0.9340671750570428,-0.9366445948830928,-0.9337063239158936,-0.9752111497203216,-0.931255344974659,10,9.408730105594952e-4,1.000254702712548,-0.9347699596232779,-0.9373467231406705,-0.9344092003684895,-0.9759034574730778,-0.9319588455392765
2025,2025-05-06,-0.9737041481587463,-0.9750969219793078,-0.9731035096141508,-0.9763789503149495,-0.9706654124198631,10,9.408730105594952e-4,1.000254702712548,-0.9743968396511484,-0.975789258818771,-0.973796354051864,-0.9770709607014665,-0.9713588776894176
2025,2025-05-07,-0.8550752469127831,-0.8562447434954552,-0.8547751126052788,-0.8579445166789196,-0.8524352100842509,10,9.408730105594952e-4,1.000254702712548,-0.8557981458142102,-0.8569673445987803,-0.8554980879322623,-0.8586666849556464,-0.8531587812389948
2025,2025-05-08,-0.8165616257373326,-0.8453840107570625,-0.8154094858310084,-0.8579445166789196,-0.8130251426390469,10,9.408730105594952e-4,1.000254702712548,-0.817294331664667,-0.8461093774140823,-0.8161424851367779,-0.8586666849556464,-0.8137587490888538
2025,2025-05-09,-0.8550752469127831,-0.8565734685765722,-0.8547751126052788,-0.8957445109713127,-0.8524352100842509,10,9.408730105594952e-4,1.000254702712548,-0.8557981458142102,-0.8572959859740477,-0.8554980879322623,-0.8964570539385512,-0.8531587812389948
2025,2025-05-10,-0.9932272150900083,-1.0130293134291346,-0.9752797114499923,-1.0142314536322425,-0.9722228168995655,10,9.408730105594952e-4,1.000254702712548,-0.9939149352705126,-1.0137119912457815,-0.9759720017443366,-1.014913825338486,-0.9729158855949829
2025,2025-05-11,-0.9340671750570428,-0.9354276287294353,-0.9337063239158936,-0.9369008057696061,-0.931255344974659,10,9.408730105594952e-4,1.000254702712548,-0.9347699596232779,-0.9361300668726646,-0.9344092003684895,-0.937602868786193,-0.9319588455392765
2025,2025-05-12,-0.8366116842452489,-0.8550697734014857,-0.8159499879057152,-0.8566570933926505,-0.8130251426390469,10,9.408730105594952e-4,1.000254702712548,-0.8373392846686804,-0.855792673696676,-0.8166828495791955,-0.8573795894960821,-0.8137587490888538
2025,2025-05-13,-0.6986359902539986,-0.736159677042131,-0.6967611346332603,-0.7395100830428896,-0.696078489876613,10,9.408730105594952e-4,1.000254702712548,-0.6993987245122723,-0.736912856349267,-0.6975243463007488,-0.740262409209826,-0.6968418753712985
2025,2025-05-14,-0.6577998748568219,-0.658854870140191,-0.6568541425476171,-0.6605537939522029,-0.6553848728582308,10,9.408730105594952e-4,1.000254702712548,-0.6585730075359512,-0.6596277341775836,-0.6576275160459935,-0.6613262253792792,-0.6561586204882902
2025,2025-05-15,-0.6970421721798046,-0.6983651399010359,-0.6961619131617176,-0.7000319384975462,-0.6573445947242862,10,9.408730105594952e-4,1.000254702712548,-0.6978053122844948,-0.6991279431280626,-0.6969252774136766,-0.7007943172945525,-0.658117843334972
2025,2025-05-16,-0.7373910648513629,-0.7380304408282246,-0.7362015981323267,-0.7755630289715622,-0.7342050077486388,10,9.408730105594952e-4,1.000254702712548,-0.7381439306005476,-0.7387831437680816,-0.736954766764766,-0.7763061746936595,-0.734958684788572
2025,2025-05-17,-0.8950471098309418,-0.8961498481071546,-0.894226370022097,-0.9342049470872186,-0.891845277529455,10,9.408730105594952e-4,1.000254702712548,-0.8957598303829113,-0.8968622878602142,-0.8949392995654915,-0.9349076965714793,-0.8925588133891357
2025,2025-05-18,-0.8547014786066649,-0.8549578276428641,-0.8257428369603337,-0.8579445166789196,-0.8161255642581862,10,9.408730105594952e-4,1.000254702712548,-0.855424472683652,-0.8556807564436824,-0.8264732050037306,-0.8586666849556464,-0.8168583812232806
2025,2025-05-19,-0.6577998748568219,-0.658854870140191,-0.6568541425476171,-0.6605537939522029,-0.6159748054130267,10,9.408730105594952e-4,1.000254702712548,-0.6585730075359512,-0.6596277341775836,-0.6576275160459935,-0.6613262253792792,-0.6167585883381492
2025,2025-05-20,-0.33918342189447787,-0.34012834807585757,-0.3061402430765108,-0.3431188007406466,-0.3021250115763336,10,9.408730105594952e-4,1.000254702712548,-0.3400376863839469,-0.34098237195135006,-0.30700292161017606,-0.3439720631336853,-0.30298871253993775
2025,2025-05-21,-0.2827585344262581,-0.3028687268153289,-0.26177187308026745,-0.3088094931737033,-0.2595133183238365,10,9.408730105594952e-4,1.000254702712548,-0.2836271668280742,-0.30373223840087943,-0.26264584948052483,-0.3096714920152478,-0.2603878698376338
2025,2025-05-22,-0.4623567582970309,-0.49771839619167146,-0.46079948532152376,-0.5039310589754274,-0.4588949630071953,10,9.408730105594952e-4,1.000254702712548,-0.4631796581922518,-0.49853229167524854,-0.46162278175739574,-0.5047433724798757,-0.4597187444065453
2025,2025-05-23,-0.6571416129342896,-0.6585212297338852,-0.6564995551766487,-0.6600283116168068,-0.6210756494068597,10,9.408730105594952e-4,1.000254702712548,-0.6579149132318233,-0.6592941787287554,-0.6572730189663929,-0.6608008768515781,-0.6218581334640059
2025,2025-05-24,-0.9737041481587463,-0.9750969219793078,-0.9731035096141508,-0.9763789503149495,-0.9706654124198631,10,9.408730105594952e-4,1.000254702712548,-0.9743968396511484,-0.975789258818771,-0.973796354051864,-0.9770709607014665,-0.9713588776894176
2025,2025-05-25,-0.9340671750570428,-0.9354276287294353,-0.9337063239158936,-0.9369008057696061,-0.931255344974659,10,9.408730105594952e-4,1.000254702712548,-0.9347699596232779,-0.9361300668726646,-0.9344092003684895,-0.937602868786193,-0.9319588455392765
2025,2025-05-26,-0.6602910527845048,-0.6964631185692949,-0.6583438465708669,-0.6984137346244327,-0.6553848728582308,10,9.408730105594952e-4,1.000254702712548,-0.6610635511154287,-0.6972264061229548,-0.6591168407342053,-0.6991765254774032,-0.6561586204882902
2025,2025-05-27,-0.718015162424775,-0.7366138158622562,-0.6984276729924221,-0.7378909495004089,-0.6947949403034348,10,9.408730105594952e-4,1.000254702712548,-0.7187729620122039,-0.7373668795284567,-0.6991904602961565,-0.7386436879600385,-0.6955586526384311
2025,2025-05-28,-0.5794740114533894,-0.5811936511452632,-0.5778612634384044,-0.6159748054130267,-0.5770152612713104,10,9.408730105594952e-4,1.000254702712548,-0.5802670888624133,-0.5819862906689236,-0.5786547515141245,-0.6167585883381492,-0.5778089647712081
2025,2025-05-29,-0.6577998748568219,-0.658854870140191,-0.6568541425476171,-0.6605537939522029,-0.6553848728582308,10,9.408730105594952e-4,1.000254702712548,-0.6585730075359512,-0.6596277341775836,-0.6576275160459935,-0.6613262253792792,-0.6561586204882902
2025,2025-05-30,-0.6964461400518736,-0.6982113627865478,-0.6951158276967293,-0.7000319384975462,-0.6573445947242862,10,9.408730105594952e-4,1.000254702712548,-0.6972094319289067,-0.6989742051710492,-0.6958794583216479,-0.7007943172945525,-0.658117843334972
2025,2025-05-31,-0.9340671750570428,-0.9354276287294353,-0.9337063239158936,-0.9763789503149495,-0.931255344974659,10,9.408730105594952e-4,1.000254702712548,-0.9347699596232779,-0.9361300668726646,-0.9344092003684895,-0.9770709607014665,-0.9319588455392765
2025,2025-06-01,-0.7764234923438819,-0.7773014360567492,-0.7755684191504157,-0.7789882275882329,-0.7736150751938429,10,9.408730105594952e-4,1.000254702712548,-0.7771664189594312,-0.7780441391145941,-0.7763115634999694,-0.7797305011250995,-0.7743587169387129
2025,2025-06-02,-0.45878648042947967,-0.46022988728664826,-0.4580476584075584,-0.4649067458150826,-0.4221606012881443,10,9.408730105594952e-4,1.000254702712548,-0.4596102894526007,-0.4610533287637424,-0.45887165556273474,-0.46572899638695014,-0.4229937366465892
2025,2025-06-03,-0.5382294349588983,-0.5401013131213235,-0.5371978824926831,-0.5429553721357723,-0.49848116634216794,10,9.408730105594952e-4,1.000254702712548,-0.5390330147984357,-0.5409044163098197,-0.5380017250045285,-0.5437577485728012,-0.4992948675955896
2025,2025-06-04,-0.4598970253351581,-0.46154025741935145,-0.45873223914062183,-0.4649067458150826,-0.4579520326660077,10,9.408730105594952e-4,1.000254702712548,-0.46072055157150577,-0.462363365226605,-0.4595560619756283,-0.46572899638695014,-0.4587760541711178
2025,2025-06-05,-0.42292276398414375,-0.4585921322968757,-0.42123329374016516,-0.4649067458150826,-0.41826428979757346,10,9.408730105594952e-4,1.000254702712548,-0.4237557052671141,-0.4594159908083884,-0.4220666652262155,-0.46572899638695014,-0.419098417304421
2025,2025-06-06,-0.5032861373731286,-0.5393530559710658,-0.4985016797633515,-0.5405048751205277,-0.49763977553444194,10,9.408730105594952e-4,1.000254702712548,-0.5040986150990306,-0.5401563496941582,-0.4993153757932796,-0.5413078755468618,-0.4984536910378146
2025,2025-06-07,-0.6980089909486629,-0.6997871100674475,-0.6965786157874709,-0.7378287901462969,-0.6947949403034348,10,9.408730105594952e-4,1.000254702712548,-0.6987718848646951,-0.7005495512070403,-0.6973418739311669,-0.7385815444340511,-0.6955586526384311
2025,2025-06-08,-0.7745345254036622,-0.7761175811228638,-0.7384352242138447,-0.777438224561748,-0.7359983863520038,10,9.408730105594952e-4,1.000254702712548,-0.7752779330217024,-0.7768605856349904,-0.7391878240805284,-0.7781808927880615,-0.7367516067298551
2025,2025-06-09,-0.5786345042298847,-0.5798758101029496,-0.5777041045739466,-0.5819796852961171,-0.5765647379678227,10,9.408730105594952e-4,1.000254702712548,-0.5794277954092277,-0.580668785198827,-0.5784976326682629,-0.5827721246657269,-0.5773585561880084
2025,2025-06-10,-0.6577998748568219,-0.658854870140191,-0.6568541425476171,-0.6605537939522029,-0.6553848728582308,10,9.408730105594952e-4,1.000254702712548,-0.6585730075359512,-0.6596277341775836,-0.6576275160459935,-0.6613262253792792,-0.6561586204882902
2025,2025-06-11,-0.7364874512927839,-0.7378754096618808,-0.7358242711467864,-0.7395100830428896,-0.6970779140987906,10,9.408730105594952e-4,1.000254702712548,-0.7372405471361875,-0.7386281520785416,-0.7365775358609602,-0.740262409209826,-0.6978410451022352
2025,2025-06-12,-0.6577998748568219,-0.658854870140191,-0.6565277180422073,-0.6605537939522029,-0.6159748054130267,10,9.408730105594952e-4,1.000254702712548,-0.6585730075359512,-0.6596277341775836,-0.6573011746606198,-0.6613262253792792,-0.6167585883381492
2025,2025-06-13,-0.6962453364468221,-0.696928459845772,-0.6691140805400109,-0.6990526247771516,-0.6582551549893576,10,9.408730105594952e-4,1.000254702712548,-0.6970086794560546,-0.6976916289059272,-0.6698843321940672,-0.6998152529445036,-0.6590281717369302
2025,2025-06-14,-0.895158506611549,-0.8971336278702227,-0.8943448269415635,-0.9354778303458171,-0.8941741905788758,10,9.408730105594952e-4,1.000254702712548,-0.8958711987976812,-0.897845817115713,-0.895057726321342,-0.9361802557058145,-0.8948871334091317
2025,2025-06-15,-0.5005154847544026,-0.5022378268892602,-0.4985540666002761,-0.5371546705226187,-0.49763977553444194,10,9.408730105594952e-4,1.000254702712548,-0.5013286679933461,-0.5030505715546959,-0.4993677492905324,-0.5379585240378674,-0.4984536910378146
2025,2025-06-16,0.29123662524105043,0.2873204156707705,0.2929463131364288,0.2765552042314691,0.2962550702638201,10,9.408730105594952e-4,1.000254702712548,0.2902218319426545,0.2863066195875816,0.29193108448677346,0.2755441493786362,0.29523899907934514
2025,2025-06-17,0.9983173909973804,0.966734344937985,1.0052966548994635,0.9550576286356001,1.018017154278021,10,9.408730105594952e-4,1.000254702712548,0.9971225481690595,0.965547544348786,1.004100034886349,0.9538738013804007,1.0168172951442225
2025,2025-06-18,0.9179303058213286,0.8867417116728437,0.9264084791132992,0.8421976900595229,0.9399685279573312,10,9.408730105594952e-4,1.000254702712548,0.9167559325879946,0.8855752802362427,0.9252319470160987,0.8410426012170652,0.9387885429583713
2025,2025-06-19,0.567587015506958,0.5636658005667813,0.5700803791674685,0.522217613516709,0.5743883058853511,10,9.408730105594952e-4,1.000254702712548,0.5665018529377919,0.5625816364873789,0.5689945816935266,0.5211440037147753,0.5733014114501876
2025,2025-06-20,0.050853077941546115,0.044314120480620695,0.054269008910906,0.016139477012476543,0.05785515401679353,10,9.408730105594952e-4,1.000254702712548,0.04989949539415496,0.04336220299933522,0.05331455653817794,0.015194733861985957,0.05689978847576586
2025,2025-06-21,-0.18288038592288108,-0.18585202099938364,-0.18195391470559413,-0.19173655369266882,-0.18013783258696797,10,9.408730105594952e-4,1.000254702712548,-0.18377445108225293,-0.186745329467972,-0.18284821577961002,-0.19262836373647096,-0.18103259610424013
2025,2025-06-22,0.014668368728757042,0.005208612539478191,0.01592118022858212,-0.028903481226710073,0.018300881755203186,10,9.408730105594952e-4,1.000254702712548,0.01372400017812517,0.004266652800876812,0.014976492664716465,-0.029836754734904963,0.017355588229243837
2025,2025-06-23,-0.10494972005508169,-0.10773679349301249,-0.10280387673192364,-0.1436872739145287,-0.10076234685009952,10,9.408730105594952e-4,1.000254702712548,-0.10586362931209523,-0.10864999305562241,-0.10371833240187943,-0.14459131912389647,-0.10167732237084655
2025,2025-06-24,-0.38053321837224297,-0.3827576356576123,-0.379287119512517,-0.386858119494393,-0.3406069036049086,10,9.408730105594952e-4,1.000254702712548,-0.38137695363820756,-0.3836008045027294,-0.3801311720824231,-0.38770024420109905,-0.34146080562204734
2025,2025-06-25,-0.4191166139296146,-0.421477381741888,-0.39470966207018815,-0.4236849266801432,-0.37921135910275516,10,9.408730105594952e-4,1.000254702712548,-0.4199505244024729,-0.42231069107389296,-0.39554978747692954,-0.424517673887639,-0.3800554309641295
2025,2025-06-26,-0.3015952246194096,-0.30399538979432084,-0.3005861787133271,-0.3088094931737033,-0.29920106119227075,10,9.408730105594952e-4,1.000254702712548,-0.3024590604868284,-0.30485861448882645,-0.30145027152203163,-0.3096714920152478,-0.3000655067043306
2025,2025-06-27,-0.2614040850631264,-0.26461426686267514,-0.2596378389876879,-0.2697851800133585,-0.22137774299735938,10,9.408730105594952e-4,1.000254702712548,-0.2622781551161358,-0.265487519481875,-0.26051235879381035,-0.27065711592232217,-0.2222620052722797
2025,2025-06-28,-0.18563799441183632,-0.2131426996267203,-0.1826549569589073,-0.2262942039534266,-0.14220533632741406,10,9.408730105594952e-4,1.000254702712548,-0.18653135737969598,-0.21402905885542525,-0.18354907952102711,-0.22717721431127194,-0.14310975889419114
2025,2025-06-29,-0.02608002620050593,-0.02884503053322975,-0.02365383875825313,-0.06423386118017012,0.0033850121090553305,10,9.408730105594952e-4,1.000254702712548,-0.027014018667234064,-0.029778318925183886,-0.02458844902414883,-0.06515813823617629,0.0024435167281570175
2025,2025-06-30,0.17576807179065362,0.17324918946845846,0.19314371146816134,0.17008499264704438,0.20796538604534978,10,9.408730105594952e-4,1.000254702712548,0.174782681157097,0.17226444023769488,0.19215389633897764,0.16910104914057408,0.2069717967567354
2025,2025-07-01,0.1682815122324477,0.14104413145065453,0.17337116558721352,0.13060777777106813,0.17705511214030684,10,9.408730105594952e-4,1.000254702712548,0.16729802796036278,0.14006758284680393,0.1723863852967126,0.12963388665793873,0.1760693937775555
2025,2025-07-02,0.12459232113572163,0.09588103110964089,0.13338819425668486,0.08953095240931984,0.1373641103605059,10,9.408730105594952e-4,1.000254702712548,0.12361996178557029,0.09491598274081316,0.13241359514426387,0.08856752101091522,0.1363884988293342
2025,2025-07-03,0.011427773486943111,0.005182424911449806,0.014709416238016578,-0.024275176065524207,0.018300881755203186,10,9.408730105594952e-4,1.000254702712548,0.01048423011453447,0.004240471841209872,0.01376503723513497,-0.02520962811542038,0.017355588229243837
2025,2025-07-04,0.0697111315266912,0.05625804876478528,0.08949261390644433,0.05399634115544202,0.09434922176174494,10,9.408730105594952e-4,1.000254702712548,0.06875274700497443,0.055303089907214144,0.08852919227047387,0.0530419582142465,0.09338456344956474
2025,2025-07-05,2.1075832221687776,2.0978650596990556,2.114168812266068,2.063909780860848,2.123987761491024,10,9.408730105594952e-4,1.000254702712548,2.106105918267922,2.0963902304102517,2.1126898314246723,2.062443597871434,2.122506280373454
2025,2025-07-06,2.4250940702075696,2.4191276705828533,2.430918942428802,2.4109740431264157,2.4418543164870594,10,9.408730105594952e-4,1.000254702712548,2.423535916025241,2.417571035671731,2.429359305013502,2.4094194844375045,2.4402918945115593
2025,2025-07-07,2.8979030613815926,2.8917607016897735,2.9061624621727806,2.852159872814228,2.9186541489811124,10,9.408730105594952e-4,1.000254702712548,2.8962245121316457,2.8900837165171267,2.9044818097667275,2.8504929715117258,2.916970315718718
2025,2025-07-08,2.7348267851402577,2.727795317903354,2.741746569824442,2.717067396808731,2.747801438413409,10,9.408730105594952e-4,1.000254702712548,2.733189761283591,2.7261600845244263,2.740107783928642,2.7154348951646257,2.746161110718856
2025,2025-07-09,2.349969127127861,2.3273237214790936,2.3686881408803657,2.3058194885694,2.3792633360392315,10,9.408730105594952e-4,1.000254702712548,2.34843010259994,2.3257904633287065,2.367144349782924,2.3042917062107673,2.377716852096772
2025,2025-07-10,0.919362031576061,0.9046352951857559,0.9252210715251185,0.8465485864717515,0.9319881802558909,10,9.408730105594952e-4,1.000254702712548,0.918187293771151,0.9034643073654203,0.92404484178684,0.8453923897263613,0.9308102273555566
2025,2025-07-11,-0.303877455151104,-0.33092115305721637,-0.30133033114094754,-0.3401363530022773,-0.2697851800133585,10,9.408730105594952e-4,1.000254702712548,-0.30474070987623425,-0.33177752143310446,-0.30219423446027366,-0.34099037483941247,-0.27065711592232217
2025,2025-07-12,-0.6568823054131758,-0.6585212297338852,-0.6556363413957178,-0.6605537939522029,-0.6176112753497818,10,9.408730105594952e-4,1.000254702712548,-0.6576556717402205,-0.6592941787287554,-0.6564100249923681,-0.6613262253792792,-0.6183946415677088
2025,2025-07-13,-0.42032157515622093,-0.422138758589258,-0.4190356987760004,-0.42588243265473785,-0.3785765469291392,10,9.408730105594952e-4,1.000254702712548,-0.42115517880033637,-0.42297189950968084,-0.41986962985291987,-0.4267146202940246,-0.3794207804377242
2025,2025-07-14,-0.3799354629422908,-0.3824446018552656,-0.3788110103823051,-0.386858119494393,-0.3394780397282508,10,9.408730105594952e-4,1.000254702712548,-0.38077935041941624,-0.38328785041063884,-0.3796551841876191,-0.38770024420109905,-0.3403322291968664
2025,2025-07-15,-0.4615300694701276,-0.46447082716768356,-0.45897904761344094,-0.5001721836535896,-0.4583345356322106,10,9.408730105594952e-4,1.000254702712548,-0.46235317987161867,-0.46529318874094067,-0.45980280760166714,-0.5009854543099893,-0.4591584597375856
2025,2025-07-16,-0.5797695302093953,-0.6084247535843437,-0.5782562301025811,-0.6210756494068597,-0.5765647379678227,10,9.408730105594952e-4,1.000254702712548,-0.5805625323681568,-0.6092104590384735,-0.5790496176048368,-0.6218581334640059,-0.5773585561880084
2025,2025-07-17,-0.3807461249772838,-0.3827576356576123,-0.37956643964066433,-0.386858119494393,-0.3394780397282508,10,9.408730105594952e-4,1.000254702712548,-0.38158980602916703,-0.3836008045027294,-0.380410421085092,-0.38770024420109905,-0.3403322291968664
2025,2025-07-18,-0.3835091455697043,-0.41041274722177834,-0.3816569142095827,-0.41930875967222264,-0.3795144007418025,10,9.408730105594952e-4,1.000254702712548,-0.38435212305194894,-0.4112488740285905,-0.38250036334004894,-0.42014262121750107,-0.38035839543730376
2025,2025-07-19,-0.3807461249772838,-0.3827576356576123,-0.37956643964066433,-0.386858119494393,-0.3785765469291392,10,9.408730105594952e-4,1.000254702712548,-0.38158980602916703,-0.3836008045027294,-0.380410421085092,-0.38770024420109905,-0.3794207804377242
2025,2025-07-20,0.9648191811065786,0.9598289407237104,0.9714928023722027,0.9157085363520645,1.0057945603867928,10,9.408730105594952e-4,1.000254702712548,0.9636328681905907,0.9586438985118325,0.9703047900996067,0.9145347288653438,1.0045978135880926
2025,2025-07-21,1.7343470210261454,1.7196855639832274,1.7490375010893737,1.7081348787683952,1.7594791043245728,10,9.408730105594952e-4,1.000254702712548,1.7329647571911793,1.7183070335102426,1.7476514965020666,1.7067592895371242,1.758090440909809
2025,2025-07-22,2.090217873487325,2.076482415551737,2.1032189672849966,2.071422518882897,2.11405048776619,10,9.408730105594952e-4,1.000254702712548,2.0887449914616196,2.0750130310935857,2.101742774688646,2.069954422865983,2.1125715370546914
2025,2025-07-23,1.870287316402805,1.849464654514826,1.8832893542513687,1.8371048304212183,1.9070824471899983,10,9.408730105594952e-4,1.000254702712548,1.8688704370225353,1.848053077372527,1.8818691640600627,1.835696400558022,1.9056561983765286
2025,2025-07-24,1.8023123119899531,1.7907818550321972,1.8251113990216645,1.7645615679663098,1.8371048304212183,10,9.408730105594952e-4,1.000254702712548,1.8009127416190411,1.789385220752119,1.8237060231401212,1.763171610363903,1.835696400558022
2025,2025-07-25,1.905897556287572,1.8821543718152256,1.9134528795219636,1.8458545258694927,1.9233125394400465,10,9.408730105594952e-4,1.000254702712548,1.9044716091921807,1.8807344706334133,1.9120250085552657,1.8444438680026105,1.9218821578306902
2025,2025-07-26,0.6814513843427932,0.6566781596963425,0.6872224916771366,0.6422249760441261,0.6935882640088644,10,9.408730105594952e-4,1.000254702712548,0.680337227594918,0.6555703111492674,0.6861068653868654,0.6411208078247428,0.6924710167519774
2025,2025-07-27,0.9565538805212364,0.9333313577862257,0.9650980354123418,0.9201520752905927,0.9717214996303953,10,9.408730105594952e-4,1.000254702712548,0.9553696722636653,0.9321530628620455,0.9639116514894915,0.9189771363106455,0.9705334291228199
2025,2025-07-28,1.7257641964219275,1.7188733631032824,1.7462196360618818,1.7096963728101169,1.755090791343513,10,9.408730105594952e-4,1.000254702712548,1.7243841180990136,1.717495039447388,1.7448343490096827,1.7083203859633516,1.7537032453593564
2025,2025-07-29,0.6514117490110949,0.6480726623153745,0.663562488034778,0.6402648903673157,0.6845574202787068,10,9.408730105594952e-4,1.000254702712548,0.6503052414915435,0.6469670050536989,0.6624528864770977,0.6391612212599459,0.6834424726165015
2025,2025-07-30,-0.10350101828787223,-0.10571109348836129,-0.10146337585902848,-0.11368792737197916,-0.06107460398166529,10,9.408730105594952e-4,1.000254702712548,-0.10441529643919716,-0.10662480887087647,-0.10237817287125196,-0.11459961155061978,-0.061999685504149755
2025,2025-07-31,-0.2617397617466072,-0.26461426686267514,-0.2596378389876879,-0.2697851800133585,-0.2218741309609863,10,9.408730105594952e-4,1.000254702712548,-0.2626137463236257,-0.265487519481875,-0.26051235879381035,-0.27065711592232217,-0.22275826683674002
2025,2025-08-01,-0.41949929758098864,-0.4217932515751211,-0.418434386967495,-0.42588243265473785,-0.3795144007418025,10,9.408730105594952e-4,1.000254702712548,-0.4203331106081026,-0.42262648047470913,-0.41926847116116395,-0.4267146202940246,-0.38035839543730376
2025,2025-08-02,0.43874335509512896,0.4127957103815387,0.4476791359003313,0.4041703366661023,0.45518834776183775,10,9.408730105594952e-4,1.000254702712548,0.4376910009993571,0.4117499635383745,0.44662450641649715,0.4031267861696047,0.454131806148398
2025,2025-08-03,1.8706602107424022,1.8615769276051306,1.876616745635514,1.8375277306452624,1.9062695110800318,10,9.408730105594952e-4,1.000254702712548,1.8692432364091174,1.8601622662195856,1.8751982545429573,1.8361191930956602,1.9048434692708698
2025,2025-08-04,1.9422322571246124,1.9238146957346602,1.9512385063082147,1.8660474569497685,1.9556127501043854,10,9.408730105594952e-4,1.000254702712548,1.9407970578389164,1.9223841862573017,1.9498010136905395,1.8646316571982178,1.9541741436386502
2025,2025-08-05,2.6068274466485666,2.5892729455271755,2.6175435462169423,2.561054274610573,2.6470685968276286,10,9.408730105594952e-4,1.000254702712548,2.605223016268971,2.5876729851881017,2.6159363871127326,2.559461499813349,2.6454539195278453
2025,2025-08-06,2.611685114818899,2.5987000246488403,2.6261479301146844,2.585461576134397,2.6960626201728486,10,9.408730105594952e-4,1.000254702712548,2.6100794474930975,2.5970976638185546,2.6245385800086103,2.5838625863142526,2.6944354671400235
2025,2025-08-07,0.683923103156721,0.6700022475389008,0.6879509393319825,0.6422249760441261,0.6929925105185851,10,9.408730105594952e-4,1.000254702712548,0.6828083170156674,0.6688910061746698,0.6868351275513626,0.6411208078247428,0.6918754149630894
2025,2025-08-08,-0.14337063499255345,-0.14647089806773794,-0.1423788957187589,-0.15271224053232396,-0.14045008971853376,10,9.408730105594952e-4,1.000254702712548,-0.14427476083017732,-0.14737423446102055,-0.14328327409074473,-0.15361398764354536,-0.14135495923754338
2025,2025-08-09,-0.49862696685838437,-0.500687135304809,-0.4979112816146281,-0.5405048751205277,-0.4649067458150826,10,9.408730105594952e-4,1.000254702712548,-0.49944063098547525,-0.5015002748350245,-0.49872512798227475,-0.5413078755468618,-0.46572899638695014
2025,2025-08-10,-0.7364163982512171,-0.7376099274988299,-0.7358242711467864,-0.7380769379374964,-0.7000319384975462,10,9.408730105594952e-4,1.000254702712548,-0.7371695121874148,-0.7383627375172994,-0.7365775358609602,-0.7388296290374292,-0.7007943172945525
2025,2025-08-11,-0.7373910648513629,-0.7380304408282246,-0.7362189806401782,-0.7736150751938429,-0.7357662327450473,10,9.408730105594952e-4,1.000254702712548,-0.7381439306005476,-0.7387831437680816,-0.7369721448463731,-0.7743587169387129,-0.7365195122379953
2025,2025-08-12,-0.6979118015018694,-0.6988929022389718,-0.6966295513397347,-0.7342050077486388,-0.696078489876613,10,9.408730105594952e-4,1.000254702712548,-0.698674720166014,-0.6996555710777286,-0.6973927965133109,-0.734958684788572,-0.6968418753712985
2025,2025-08-13,-0.5807897974290102,-0.6074760253837993,-0.5794325319689407,-0.6173971652018698,-0.5380673696771405,10,9.408730105594952e-4,1.000254702712548,-0.5815825397891148,-0.6082619724200437,-0.5802256199402116,-0.6181805859403459,-0.5388709907846337
2025,2025-08-14,-0.6182586690278019,-0.6193446003793459,-0.6172791235607819,-0.6605537939522029,-0.6159748054130267,10,9.408730105594952e-4,1.000254702712548,-0.6190418703947911,-0.6201275252271043,-0.6180625743571282,-0.6613262253792792,-0.6167585883381492
2025,2025-08-15,-0.5390479256930323,-0.5404306258750835,-0.5380866864080487,-0.5429553721357723,-0.5371546705226187,10,9.408730105594952e-4,1.000254702712548,-0.5398512971138444,-0.5412336452080863,-0.538890302596771,-0.5437577485728012,-0.5379585240378674
2025,2025-08-16,0.5655921796749506,0.5381125033721069,0.5691736124404001,0.522217613516709,0.5743883058853511,10,9.408730105594952e-4,1.000254702712548,0.5645075250665029,0.5370348461295056,0.5680880458635932,0.5211440037147753,0.5733014114501876
2025,2025-08-17,1.3482037142763206,1.338280397614797,1.3596966500629737,1.3176858365031694,1.3727796917691715,10,9.408730105594952e-4,1.000254702712548,1.3469197771449377,1.3369989873354893,1.3584097863950677,1.31640967037874,1.3714894966635807
2025,2025-08-18,1.6410117592953164,1.6370354521233739,1.670363341908736,1.601246278145819,1.6727438989027845,10,9.408730105594952e-4,1.000254702712548,1.639653262151249,1.6356779674976378,1.6689973707406136,1.5998979067985981,1.6713773215547338
2025,2025-08-19,1.2802020944707602,1.272950947879936,1.2839647265214649,1.265333019414416,1.3133534250540586,10,9.408730105594952e-4,1.000254702712548,1.2789354731260216,1.2716861729516158,1.2826971470681696,1.2640701842990645,1.3120783621255903
2025,2025-08-20,1.5098425733839589,1.5062903203552045,1.5121246701572664,1.4870129849574953,1.5264367458179018,10,9.408730105594952e-4,1.000254702712548,1.508517476880112,1.5049661283894513,1.510798992545191,1.4856937017310896,1.525107423809571
2025,2025-08-21,1.0300488465265993,1.0251159873008968,1.0406228390156589,1.0026534824227518,1.0453921226382685,10,9.408730105594952e-4,1.000254702712548,1.0288459236684875,1.0239143205354801,1.0394172236187746,1.0014575354614086,1.0441852928012298
2025,2025-08-22,1.1190549185910261,1.1058593961409273,1.1284587816149754,1.078664101078029,1.1556054709559918,10,9.408730105594952e-4,1.000254702712548,1.117829331417589,1.1046371690470302,1.1272307998620235,1.0774487989357489,1.1543705766282795
2025,2025-08-23,1.418966820977619,1.4098153838681307,1.4315022411154268,1.3849246297156839,1.4398296682069596,10,9.408730105594952e-4,1.000254702712548,1.4176648648804904,1.4085157580733234,1.4301970930257955,1.3836313420491382,1.438522399639151
2025,2025-08-24,1.6688965454869567,1.6428441844691755,1.6743237839370717,1.6377914541978216,1.7005696999330853,10,9.408730105594952e-4,1.000254702712548,1.6675309478207296,1.6414852207202912,1.6729568042904839,1.6364337770653385,1.6991960370827301
2025,2025-08-25,1.2340482119159883,1.2133087528073623,1.2376261105408919,1.1972830414799742,1.2448880700492062,10,9.408730105594952e-4,1.000254702712548,1.232793343096931,1.2120591650396986,1.236370330653401,1.1960375344650773,1.2436304409919188
2025,2025-08-26,0.9645814226953735,0.9610271645965416,0.9758918494245721,0.9507090045871528,1.009793146791514,10,9.408730105594952e-4,1.000254702712548,0.9633951703216775,0.9598418172715062,0.974702716988068,0.9495262846562559,1.0085953818013464
2025,2025-08-27,0.05058288006912265,0.04323574523421908,0.05794299948005707,0.025612470204524358,0.06158015257104382,10,9.408730105594952e-4,1.000254702712548,0.049629366324338314,0.04228410234809388,0.05698761157024901,0.02466531487136128,0.0606238385043722
2025,2025-08-28,-0.53580570716356,-0.5372623243118175,-0.5295306644064017,-0.5400773891265538,-0.503965081078431,10,9.408730105594952e-4,1.000254702712548,-0.5366099041759458,-0.5380661504143363,-0.530336459282219,-0.5408804984070047,-0.5047773859195639
2025,2025-08-29,0.3677872585158317,0.36407080757103366,0.3770345047131968,0.35783733267429435,0.39209192453783487,10,9.408730105594952e-4,1.000254702712548,0.3667529725283342,0.3630374679326352,0.3759978640267575,0.3568055803145765,0.3910514496623006
2025,2025-08-30,1.3606968260186714,1.3529274194735204,1.3655568806499145,1.3182629198834097,1.3936710291890362,10,9.408730105594952e-4,1.000254702712548,1.3594097076681049,1.3516422795079757,1.3642685247454587,1.316986606811706,1.3923755143580843
2025,2025-08-31,1.371006526485862,1.3638573612092295,1.3848091129904696,1.36031880371982,1.4460167941614788,10,9.408730105594952e-4,1.000254702712548,1.3697167828952765,1.3625694380667595,1.383515854738855,1.3590317816280408,1.444707950117185
2025,2025-09-01,1.07991268712224,1.073110744590766,1.0952698100323177,1.0499464718914528,1.1119360795177895,10,9.408730105594952e-4,1.000254702712548,1.0786970670426872,1.0718968565432732,1.094050279447919,1.0487384823446868,1.1107123050702683
2025,2025-09-02,0.9339110523950406,0.9286250908822384,0.9473421979557414,0.9253785575757155,0.9507090045871528,10,9.408730105594952e-4,1.000254702712548,0.9327326098586682,0.9274479943517705,0.9461603353412653,0.9242022877355268,0.9495262846562559
2025,2025-09-03,0.010919366999763647,0.007137496744067178,0.012011532965319352,0.0020037361799571615,0.014396835820508023,10,9.408730105594952e-4,1.000254702712548,0.009975953086892668,0.006195045838528251,0.011067840945648952,0.0010625925241994196,0.01345253641243363
2025,2025-09-04,-0.7209253709297476,-0.7316834419016556,-0.7093601737662986,-0.7346593930236835,-0.6978780276970846,10,9.408730105594952e-4,1.000254702712548,-0.7216824294679234,-0.7324377610277087,-0.7101201772414796,-0.7354129543599247,-0.6986409549613184
2025,2025-09-05,-0.8122805971421468,-0.8139407394723535,-0.8115253745499558,-0.8236909971473823,-0.8086229542328425,10,9.408730105594952e-4,1.000254702712548,-0.8130143931814225,-0.8146741127765461,-0.8122593628974928,-0.8244218876668691,-0.809357681646465
2025,2025-09-06,-0.7449871637268839,-0.7472285782721464,-0.7434803318568621,-0.7645884249876161,-0.728335423207033,10,9.408730105594952e-4,1.000254702712548,-0.7457380952217401,-0.7479789390180093,-0.7442316470481545,-0.765334365259338,-0.7290905948653871
2025,2025-09-07,0.039284321117276394,0.03674713007835112,0.049291356778345584,0.032924058653845525,0.06119829579331395,10,9.408730105594952e-4,1.000254702712548,0.038333684413314875,0.03579713943927499,0.04833817190428246,0.03197504151347872,0.060242078961833354
2025,2025-09-08,1.1227350181784346,1.1076532240953452,1.1414513376740882,1.0409822561729198,1.1579714336566356,10,9.408730105594952e-4,1.000254702712548,1.12150849391233,1.1064305402249444,1.1402200475245228,1.0397765492548214,1.1567359368652548
2025,2025-09-09,-0.20924503943332873,-0.21108971893984915,-0.20539434708042886,-0.21973406908374613,-0.18054476244425754,10,9.408730105594952e-4,1.000254702712548,-0.21013239115386717,-0.2119766009351538,-0.20628267933301062,-0.2206187499002671,-0.18143942234178348
2025,2025-09-10,-0.72650674025258,-0.7272773549689404,-0.7228609861107329,-0.7314899959010702,-0.699275958307453,10,9.408730105594952e-4,1.000254702712548,-0.7272623775628402,-0.7280327960515217,-0.7236175517680098,-0.7322443642857982,-0.7000385296056338
2025,2025-09-11,-0.8086069247110124,-0.8099425921420198,-0.8079296796589353,-0.8327881000378519,-0.8042207658266382,10,9.408730105594952e-4,1.000254702712548,-0.809341656206358,-0.810676983525875,-0.8086645836065087,-0.8335166740905665,-0.8049566142040765
2025,2025-09-12,-0.890249773195735,-0.8916775123077314,-0.8894321101674032,-0.914344353731253,-0.8859756929878491,10,9.408730105594952e-4,1.000254702712548,-0.8909637153312178,-0.8923910908867884,-0.8901462605108461,-0.9150521604744168,-0.8866907234659507
2025,2025-09-13,-0.8760691506046339,-0.8887294843956404,-0.8633643702195157,-0.8907778460896292,-0.8599735179356524,10,9.408730105594952e-4,1.000254702712548,-0.8767867036634442,-0.8894438136542031,-0.8640851583963592,-0.8914916537577627,-0.8606951695518501
2025,2025-09-14,-0.794789903327924,-0.8070371094848644,-0.7820581316981323,-0.8088278748997787,-0.7784172642422512,10,9.408730105594952e-4,1.000254702712548,-0.7955281531599654,-0.807772240714593,-0.7827996235211995,-0.8095625501328421,-0.7791596831679998
2025,2025-09-15,-0.7768478458487351,-0.7801708230671072,-0.7564905314025233,-0.7815112178364951,-0.7538698203031412,10,9.408730105594952e-4,1.000254702712548,-0.777590664407818,-0.7809127954703969,-0.7572385337045024,-0.7822528489245352,-0.7546184899373748
2025,2025-09-16,-0.10034783926085478,-0.10225100497126745,-0.0986415476401155,-0.11667974529755655,-0.07569516478079123,10,9.408730105594952e-4,1.000254702712548,-0.10126292033092546,-0.10316560142330279,-0.09955706319662551,-0.11759066764609627,-0.07661652335502621
2025,2025-09-17,0.857567517719779,0.8531200395094437,0.8695752218033848,0.8488323446833942,0.8777325145037222,10,9.408730105594952e-4,1.000254702712548,0.8564085151373649,0.8519621694233439,0.8684131616049522,0.8476755664067104,0.876568377149769
2025,2025-09-18,-0.09922889323556121,-0.10157528191888053,-0.09640724563570893,-0.10284997063945032,-0.08506145676339759,10,9.408730105594952e-4,1.000254702712548,-0.1001442592316483,-0.10249005043558491,-0.09732333013009009,-0.10376441457215234,-0.08598043032512724
2025,2025-09-19,-0.8627694434384504,-0.8644286182470934,-0.8605388202125722,-0.8867343720846268,-0.8356440516317987,10,9.408730105594952e-4,1.000254702712548,-0.8634903831061737,-0.8651491354261013,-0.8612603278814104,-0.8874492093743102,-0.8363718984511238
2025,2025-09-20,-0.1547964393470917,-0.1566703619555583,-0.15317151578987487,-0.16586502415560664,-0.12292970614987982,10,9.408730105594952e-4,1.000254702712548,-0.15569765574239627,-0.1575711011792283,-0.15407314595222954,-0.16676342207021108,-0.12383903702179054
2025,2025-09-21,-0.1671500596788507,-0.18122384136296849,-0.15388450507492907,-0.18431438821542784,-0.13893050169153706,10,9.408730105594952e-4,1.000254702712548,-0.16804813037476513,-0.18211832834129477,-0.15478595368322115,-0.185208088223531,-0.13983575815518326
2025,2025-09-22,-0.9170768405544094,-0.9187763171799477,-0.9148968444539293,-0.9454111602161964,-0.9132273353749195,10,9.408730105594952e-4,1.000254702712548,-0.9177839515029881,-0.9194829953774428,-0.9156045105120402,-0.9461110561743767,-0.9139354265532422
2025,2025-09-23,-0.94272619270463,-0.9444681944746752,-0.9407416762287558,-0.9469661756136276,-0.9174182829604562,10,9.408730105594952e-4,1.000254702712548,-0.9434267723571798,-0.9451683305476298,-0.9414427612143254,-0.9476656756060217,-0.9181253069648728
2025,2025-09-24,-0.9174562146798408,-0.9189264063683695,-0.916599587003559,-0.9415297716290535,-0.8859756929878491,10,9.408730105594952e-4,1.000254702712548,-0.9181632290254058,-0.9196330463474756,-0.9173068194789585,-0.9422306559357003,-0.8866907234659507
2025,2025-09-25,-0.9166448573851602,-0.9174751805395331,-0.9142633307137942,-0.920031653149558,-0.8919774010470987,10,9.408730105594952e-4,1.000254702712548,-0.9173520783330068,-0.9181821900556723,-0.9149711580884854,-0.9207380116909938,-0.8926909032631302
2025,2025-09-26,-0.8913776235683639,-0.9081947842025617,-0.8902049895233193,-0.9167353981483626,-0.8867343720846268,10,9.408730105594952e-4,1.000254702712548,-0.8920912785104465,-0.9089041568589231,-0.8909189430624204,-0.9174425960411033,-0.8874492093743102
2025,2025-09-27,-0.968222904837957,-0.9704654858891055,-0.9465640542783653,-0.9718037581165437,-0.9174182829604562,10,9.408730105594952e-4,1.000254702712548,-0.9689169920624044,-0.971159002067523,-0.9472636566660739,-0.9724969335201911,-0.9181253069648728
2025,2025-09-28,-0.957348397881344,-0.9712608841233383,-0.9441066789082564,-0.9736563202263674,-0.9415297716290535,10,9.408730105594952e-4,1.000254702712548,-0.9580452541669234,-0.9719541977632552,-0.9448069070367596,-0.9743490238975717,-0.9422306559357003
2025,2025-09-29,-0.9441815318345779,-0.9452274601796495,-0.9415818972212873,-0.9469661756136276,-0.9167353981483626,10,9.408730105594952e-4,1.000254702712548,-0.9448817409026924,-0.9459274029148131,-0.9422827682547851,-0.9476656756060217,-0.9174425960411033
2025,2025-09-30,-0.9450437601431025,-0.9468321351685403,-0.9441066789082564,-0.9708739062005841,-0.9415297716290535,10,9.408730105594952e-4,1.000254702712548,-0.9457437496552495,-0.9475316692927058,-0.9448069070367596,-0.9715673183797293,-0.9422306559357003
