acquisition_date,year,date,gt_z_date_raw,n_sessions_same_acquisition_date,gt_z_date
2026-08-02,2021,2021-05-01,-0.9645119795741122,1,-0.9645119795741118
2026-08-02,2021,2021-05-02,-0.9645119795741122,1,-0.9645119795741118
2026-08-02,2021,2021-05-03,-0.9645119795741122,1,-0.9645119795741118
2026-08-02,2021,2021-05-04,-0.9645119795741122,1,-0.9645119795741118
2026-08-02,2021,2021-05-05,-0.7941058852661389,1,-0.7941058852661386
2026-08-02,2021,2021-05-06,-0.7210747019912932,1,-0.7210747019912929
2026-08-02,2021,2021-05-07,-0.6236997909581656,1,-0.6236997909581653
2026-08-02,2021,2021-05-08,-0.9645119795741122,1,-0.9645119795741118
2026-08-02,2021,2021-05-09,-0.28288760234221905,1,-0.28288760234221877
2026-08-02,2021,2021-05-10,-0.4532936966501923,1,-0.45329369665019204
2026-08-02,2021,2021-05-11,-0.6236997909581656,1,-0.6236997909581653
2026-08-02,2021,2021-05-12,-0.5750123354416018,1,-0.5750123354416015
2026-08-02,2021,2021-05-13,-0.6967309742330113,1,-0.696730974233011
2026-08-02,2021,2021-05-14,-0.40460624113362853,1,-0.40460624113362825
2026-08-02,2021,2021-05-15,-0.35591878561706475,1,-0.35591878561706447
2026-08-02,2021,2021-05-16,-0.6967309742330113,1,-0.696730974233011
2026-08-02,2021,2021-05-17,-0.11248150803424577,1,-0.11248150803424546
2026-08-02,2021,2021-05-18,-0.5019811521667561,1,-0.5019811521667558
2026-08-02,2021,2021-05-19,-0.5506686076833199,1,-0.5506686076833196
2026-08-02,2021,2021-05-20,-0.5263248799250381,1,-0.5263248799250377
2026-08-02,2021,2021-05-21,-0.5993560631998837,1,-0.5993560631998833
2026-08-02,2021,2021-05-22,-0.769762157507857,1,-0.7697621575078567
2026-08-02,2021,2021-05-23,-0.5750123354416018,1,-0.5750123354416015
2026-08-02,2021,2021-05-24,-0.33157505785878283,1,-0.33157505785878255
2026-08-02,2021,2021-05-25,-0.30723133010050097,1,-0.3072313301005007
2026-08-02,2021,2021-05-26,-0.35591878561706475,1,-0.35591878561706447
2026-08-02,2021,2021-05-27,-0.5993560631998837,1,-0.5993560631998833
2026-08-02,2021,2021-05-28,-0.5750123354416018,1,-0.5750123354416015
2026-08-02,2021,2021-05-29,-0.5019811521667561,1,-0.5019811521667558
2026-08-02,2021,2021-05-30,-0.5750123354416018,1,-0.5750123354416015
2026-08-02,2021,2021-05-31,-0.25854387458393713,1,-0.25854387458393685
2026-08-02,2021,2021-06-01,-0.20985641906737335,1,-0.20985641906737304
2026-08-02,2021,2021-06-02,-0.5019811521667561,1,-0.5019811521667558
2026-08-02,2021,2021-06-03,-0.42894996889191045,1,-0.42894996889191017
2026-08-02,2021,2021-06-04,-0.5019811521667561,1,-0.5019811521667558
2026-08-02,2021,2021-06-05,-0.6236997909581656,1,-0.6236997909581653
2026-08-02,2021,2021-06-06,-0.47763742440847423,1,-0.47763742440847395
2026-08-02,2021,2021-06-07,0.009237130757163727,1,0.009237130757164033
2026-08-02,2021,2021-06-08,0.6178303247142112,1,0.6178303247142115
2026-08-02,2021,2021-06-09,0.909955057813594,1,0.9099550578135943
2026-08-02,2021,2021-06-10,1.0803611521215672,1,1.0803611521215675
2026-08-02,2021,2021-06-11,0.6178303247142112,1,0.6178303247142115
2026-08-02,2021,2021-06-12,-0.039450324759400066,1,-0.03945032475939976
2026-08-02,2021,2021-06-13,0.05792458627372752,1,0.057924586273727825
2026-08-02,2021,2021-06-14,-0.30723133010050097,1,-0.3072313301005007
2026-08-02,2021,2021-06-15,-0.11248150803424577,1,-0.11248150803424546
2026-08-02,2021,2021-06-16,-0.3802625133753466,1,-0.38026251337534633
2026-08-02,2021,2021-06-17,-0.30723133010050097,1,-0.3072313301005007
2026-08-02,2021,2021-06-18,-0.40460624113362853,1,-0.40460624113362825
2026-08-02,2021,2021-06-19,-0.6236997909581656,1,-0.6236997909581653
2026-08-02,2021,2021-06-20,-0.35591878561706475,1,-0.35591878561706447
2026-08-02,2021,2021-06-21,-0.18551269130909145,1,-0.18551269130909115
2026-08-02,2021,2021-06-22,-0.18551269130909145,1,-0.18551269130909115
2026-08-02,2021,2021-06-23,-0.40460624113362853,1,-0.40460624113362825
2026-08-02,2021,2021-06-24,-0.4494924632448718,1,-0.4494924632448715
2026-08-02,2021,2021-06-25,-0.514831429867548,1,-0.5148314298675477
2026-08-02,2021,2021-06-26,-0.5026595659884071,1,-0.5026595659884068
2026-08-02,2021,2021-06-27,-0.5436548048528014,1,-0.543654804852801
2026-08-02,2021,2021-06-28,-0.277819291135125,1,-0.2778192911351247
2026-08-02,2021,2021-06-29,-0.11831798290451918,1,-0.11831798290451888
2026-08-02,2021,2021-06-30,-0.4373205993657308,1,-0.43732059936573053
2026-08-02,2021,2021-07-01,-0.38415349662219567,1,-0.3841534966221954
2026-08-02,2021,2021-07-02,-0.5558266687319423,1,-0.555826668731942
2026-08-02,2021,2021-07-03,-0.6743327380981539,1,-0.6743327380981535
2026-08-02,2021,2021-07-04,-0.6211656353546187,1,-0.6211656353546183
2026-08-02,2021,2021-07-05,-0.4494924632448718,1,-0.4494924632448715
2026-08-02,2021,2021-07-06,0.01235995034083326,1,0.012359950340833566
2026-08-02,2021,2021-07-07,-0.14714135788977248,1,-0.14714135788977217
2026-08-02,2021,2021-07-08,-0.34315825775780123,1,-0.34315825775780096
2026-08-02,2021,2021-07-09,-0.3309863938786603,1,-0.33098639387866
2026-08-02,2021,2021-07-10,1.4632561577206247,1,1.463256157720625
2026-08-02,2021,2021-07-11,0.6048902971718907,1,0.604890297171891
2026-08-02,2021,2021-07-12,1.2140721551090607,1,1.214072155109061
2026-08-02,2021,2021-07-13,0.43321712506214405,1,0.4332171250621443
2026-08-02,2021,2021-07-14,0.06552705308436862,1,0.06552705308436893
2026-08-02,2021,2021-07-15,0.41901001971805024,1,0.4190100197180505
2026-08-02,2021,2021-07-16,1.2837112692756516,1,1.2837112692756518
2026-08-02,2021,2021-07-17,1.4566515191871718,1,1.456651519187172
2026-08-02,2021,2021-07-18,2.667233268567814,1,2.6672332685678146
2026-08-02,2021,2021-07-19,4.800163017476565,1,4.800163017476565
2026-08-02,2021,2021-07-20,3.186054018302375,1,3.1860540183023756
2026-08-02,2021,2021-07-21,2.2637060187742666,1,2.263706018774267
2026-08-02,2021,2021-07-22,2.2637060187742666,1,2.263706018774267
2026-08-02,2021,2021-07-23,2.1484125188332532,1,2.1484125188332537
2026-08-02,2021,2021-07-24,1.6295917690986923,1,1.6295917690986925
2026-08-02,2021,2021-07-25,1.5719450191281852,1,1.5719450191281854
2026-08-02,2021,2021-07-26,0.8225372695115973,1,0.8225372695115977
2026-08-02,2021,2021-07-27,0.41901001971805024,1,0.4190100197180505
2026-08-02,2021,2021-07-28,0.8801840194821042,1,0.8801840194821046
2026-08-02,2021,2021-07-29,0.8225372695115973,1,0.8225372695115977
2026-08-02,2021,2021-07-30,0.9378307694526112,1,0.9378307694526116
2026-08-02,2021,2021-07-31,0.9378307694526112,1,0.9378307694526116
2026-08-02,2021,2021-08-01,1.5719450191281852,1,1.5719450191281854
2026-08-02,2021,2021-08-02,2.090765768862746,1,2.0907657688627466
2026-08-02,2021,2021-08-03,2.090765768862746,1,2.0907657688627466
2026-08-02,2021,2021-08-04,2.9554670184203475,1,2.955467018420348
2026-08-02,2021,2021-08-05,2.2637060187742666,1,2.263706018774267
2026-08-02,2021,2021-08-06,1.6872385190691987,1,1.687238519069199
2026-08-02,2021,2021-08-07,0.5919502696295705,1,0.5919502696295709
2026-08-02,2021,2021-08-08,0.18842301983602305,1,0.18842301983602336
2026-08-02,2021,2021-08-09,0.8801840194821042,1,0.8801840194821046
2026-08-02,2021,2021-08-10,1.8601787689807192,1,1.8601787689807194
2026-08-02,2021,2021-08-11,0.9954775194231178,1,0.9954775194231181
2026-08-02,2021,2021-08-12,0.015482769924502794,1,0.0154827699245031
2026-08-02,2021,2021-08-13,-0.44569122983955134,1,-0.44569122983955106
2026-08-02,2021,2021-08-14,-0.6186314797510716,1,-0.6186314797510712
2026-08-02,2021,2021-08-15,-0.7339249796920851,1,-0.7339249796920848
2026-08-02,2021,2021-08-16,-0.6186314797510716,1,-0.6186314797510712
2026-08-02,2021,2021-08-17,-0.3844311881643576,1,-0.38443118816435734
2026-08-02,2021,2021-08-18,-0.04805659498079356,1,-0.04805659498079325
2026-08-02,2021,2021-08-19,0.1201307016109883,1,0.1201307016109886
2026-08-02,2021,2021-08-20,0.004114543329037239,1,0.004114543329037544
2026-08-02,2021,2021-08-21,-0.08855385162833596,1,-0.08855385162833565
2026-08-02,2021,2021-08-22,0.07963344496344607,1,0.07963344496344638
2026-08-02,2021,2021-08-23,-0.2162438915725756,1,-0.2162438915725753
2026-08-02,2021,2021-08-24,-0.0363827133185048,1,-0.0363827133185045
2026-08-02,2021,2021-08-25,0.3638368998371788,1,0.3638368998371791
2026-08-02,2021,2021-08-26,1.355811186064906,1,1.3558111860649062
2026-08-02,2021,2021-08-27,0.9844149478944758,1,0.9844149478944761
2026-08-02,2021,2021-08-28,1.1642761261485468,1,1.164276126148547
2026-08-02,2021,2021-08-29,0.1434784649355658,1,0.1434784649355661
2026-08-02,2021,2021-08-30,0.532024196428961,1,0.5320241964289614
2026-08-02,2021,2021-08-31,-0.2800889115446955,1,-0.28008891154469523
2026-08-02,2021,2021-09-01,-0.6164635047282594,1,-0.6164635047282591
2026-08-02,2021,2021-09-02,-0.7324796630102103,1,-0.73247966301021
2026-08-02,2021,2021-09-03,-0.7846508013200414,1,-0.7846508013200411
2026-08-02,2021,2021-09-04,-0.9645119795741122,1,-0.9645119795741118
2026-08-02,2021,2021-09-05,-0.6803085247003793,1,-0.680308524700379
2026-08-02,2021,2021-09-06,-0.7963246829823302,1,-0.7963246829823298
2026-08-02,2021,2021-09-07,-0.7310343463283356,1,-0.7310343463283353
2026-08-02,2021,2021-09-08,-0.8010776363020685,1,-0.8010776363020682
2026-08-02,2021,2021-09-09,-0.9645119795741122,1,-0.9645119795741118
2026-08-02,2021,2021-09-10,-0.6142955297054472,1,-0.6142955297054469
2026-08-02,2021,2021-09-11,-0.7310343463283356,1,-0.7310343463283353
2026-08-02,2021,2021-09-12,-0.7543821096529132,1,-0.7543821096529129
2026-08-02,2021,2021-09-13,-0.7076865830037579,1,-0.7076865830037575
2026-08-02,2021,2021-09-14,-0.7543821096529132,1,-0.7543821096529129
2026-08-02,2021,2021-09-15,-0.6843388196791803,1,-0.68433881967918
2026-08-02,2021,2021-09-16,-0.7777298729774909,1,-0.7777298729774905
2026-08-02,2021,2021-09-17,-0.9645119795741122,1,-0.9645119795741118
2026-08-02,2021,2021-09-18,-0.9645119795741122,1,-0.9645119795741118
2026-08-02,2021,2021-09-19,-0.6609910563546026,1,-0.6609910563546023
2026-08-02,2021,2021-09-20,-0.6609910563546026,1,-0.6609910563546023
2026-08-02,2021,2021-09-21,-0.6843388196791803,1,-0.68433881967918
2026-08-02,2021,2021-09-22,-0.7076865830037579,1,-0.7076865830037575
2026-08-02,2021,2021-09-23,-0.497556713082559,1,-0.4975567130825587
2026-08-02,2021,2021-09-24,-0.6142955297054472,1,-0.6142955297054469
2026-08-02,2021,2021-09-25,-0.9645119795741122,1,-0.9645119795741118
2026-08-02,2021,2021-09-26,-0.9645119795741122,1,-0.9645119795741118
2026-08-02,2021,2021-09-27,-0.8010776363020685,1,-0.8010776363020682
2026-08-02,2021,2021-09-28,-0.9645119795741122,1,-0.9645119795741118
2026-08-02,2021,2021-09-29,-0.9645119795741122,1,-0.9645119795741118
2026-08-02,2021,2021-09-30,-0.9645119795741122,1,-0.9645119795741118
2026-08-02,2022,2022-05-01,-0.7677177833340859,1,-0.7677177833340861
2026-08-02,2022,2022-05-02,-0.6583912478177535,1,-0.6583912478177536
2026-08-02,2022,2022-05-03,-0.7130545155759197,1,-0.7130545155759198
2026-08-02,2022,2022-05-04,-0.6583912478177535,1,-0.6583912478177536
2026-08-02,2022,2022-05-05,-0.549064712301421,1,-0.5490647123014211
2026-08-02,2022,2022-05-06,-0.6037279800595873,1,-0.6037279800595874
2026-08-02,2022,2022-05-07,-0.6583912478177535,1,-0.6583912478177536
2026-08-02,2022,2022-05-08,-0.6583912478177535,1,-0.6583912478177536
2026-08-02,2022,2022-05-09,-0.6583912478177535,1,-0.6583912478177536
2026-08-02,2022,2022-05-10,-0.6583912478177535,1,-0.6583912478177536
2026-08-02,2022,2022-05-11,-0.6037279800595873,1,-0.6037279800595874
2026-08-02,2022,2022-05-12,-0.6583912478177535,1,-0.6583912478177536
2026-08-02,2022,2022-05-13,-0.6583912478177535,1,-0.6583912478177536
2026-08-02,2022,2022-05-14,-0.6037279800595873,1,-0.6037279800595874
2026-08-02,2022,2022-05-15,-0.7130545155759197,1,-0.7130545155759198
2026-08-02,2022,2022-05-16,-0.6583912478177535,1,-0.6583912478177536
2026-08-02,2022,2022-05-17,-0.6037279800595873,1,-0.6037279800595874
2026-08-02,2022,2022-05-18,-0.549064712301421,1,-0.5490647123014211
2026-08-02,2022,2022-05-19,-0.549064712301421,1,-0.5490647123014211
2026-08-02,2022,2022-05-20,-0.6037279800595873,1,-0.6037279800595874
2026-08-02,2022,2022-05-21,-0.7677177833340859,1,-0.7677177833340861
2026-08-02,2022,2022-05-22,-0.6037279800595873,1,-0.6037279800595874
2026-08-02,2022,2022-05-23,-0.549064712301421,1,-0.5490647123014211
2026-08-02,2022,2022-05-24,-0.4397381767850886,1,-0.43973817678508875
2026-08-02,2022,2022-05-25,-0.4944014445432548,1,-0.49440144454325496
2026-08-02,2022,2022-05-26,-0.4397381767850886,1,-0.43973817678508875
2026-08-02,2022,2022-05-27,-0.4397381767850886,1,-0.43973817678508875
2026-08-02,2022,2022-05-28,-0.22108510575242368,1,-0.2210851057524238
2026-08-02,2022,2022-05-29,0.2708843040710723,1,0.2708843040710723
2026-08-02,2022,2022-05-30,-0.002432034719758807,1,-0.0024320347197588537
2026-08-02,2022,2022-05-31,-0.3850749090269224,1,-0.38507490902692254
2026-08-02,2022,2022-06-01,-0.4397381767850886,1,-0.43973817678508875
2026-08-02,2022,2022-06-02,-0.2757483735105899,1,-0.27574837351059
2026-08-02,2022,2022-06-03,-0.3850749090269224,1,-0.38507490902692254
2026-08-02,2022,2022-06-04,-0.4944014445432548,1,-0.49440144454325496
2026-08-02,2022,2022-06-05,-0.549064712301421,1,-0.5490647123014211
2026-08-02,2022,2022-06-06,-0.549064712301421,1,-0.5490647123014211
2026-08-02,2022,2022-06-07,-0.6037279800595873,1,-0.6037279800595874
2026-08-02,2022,2022-06-08,-0.549064712301421,1,-0.5490647123014211
2026-08-02,2022,2022-06-09,-0.549064712301421,1,-0.5490647123014211
2026-08-02,2022,2022-06-10,-0.549064712301421,1,-0.5490647123014211
2026-08-02,2022,2022-06-11,-0.6583912478177535,1,-0.6583912478177536
2026-08-02,2022,2022-06-12,-0.549064712301421,1,-0.5490647123014211
2026-08-02,2022,2022-06-13,-0.4944014445432548,1,-0.49440144454325496
2026-08-02,2022,2022-06-14,-0.6037279800595873,1,-0.6037279800595874
2026-08-02,2022,2022-06-15,-0.6037279800595873,1,-0.6037279800595874
2026-08-02,2022,2022-06-16,-0.549064712301421,1,-0.5490647123014211
2026-08-02,2022,2022-06-17,-0.2757483735105899,1,-0.27574837351059
2026-08-02,2022,2022-06-18,-0.4397381767850886,1,-0.43973817678508875
2026-08-02,2022,2022-06-19,0.05223123303840741,1,0.052231233038407376
2026-08-02,2022,2022-06-20,0.21622103631290607,1,0.21622103631290607
2026-08-02,2022,2022-06-21,-0.057095302477925026,1,-0.05709530247792509
2026-08-02,2022,2022-06-22,-0.11175857023609125,1,-0.11175857023609131
2026-08-02,2022,2022-06-23,-0.11175857023609125,1,-0.11175857023609131
2026-08-02,2022,2022-06-24,0.7628537138945682,1,0.7628537138945685
2026-08-02,2022,2022-06-25,2.0201088723323917,1,2.020108872332392
2026-08-02,2022,2022-06-26,2.18409867560689,1,2.1840986756068905
2026-08-02,2022,2022-06-27,3.1680374952538823,1,3.1680374952538832
2026-08-02,2022,2022-06-28,3.605343637319212,1,3.605343637319213
2026-08-02,2022,2022-06-29,4.151976314900874,1,4.151976314900875
2026-08-02,2022,2022-06-30,4.698608992482536,1,4.698608992482537
2026-08-02,2022,2022-07-01,3.7146701728355445,1,3.7146701728355453
2026-08-02,2022,2022-07-02,2.676068085430386,1,2.6760680854303867
2026-08-02,2022,2022-07-03,1.5828027302670615,1,1.582802730267062
2026-08-02,2022,2022-07-04,0.9268435171690669,1,0.9268435171690671
2026-08-02,2022,2022-07-05,0.708190446136402,1,0.7081904461364021
2026-08-02,2022,2022-07-06,0.43487410734557097,1,0.434874107345571
2026-08-02,2022,2022-07-07,0.4895373751037372,1,0.48953737510373724
2026-08-02,2022,2022-07-08,-0.002432034719758807,1,-0.0024320347197588537
2026-08-02,2022,2022-07-09,0.3255475718292385,1,0.3255475718292385
2026-08-02,2022,2022-07-10,0.5442006428619034,1,0.5442006428619035
2026-08-02,2022,2022-07-11,0.6535271783782358,1,0.6535271783782359
2026-08-02,2022,2022-07-12,0.10689450079657363,1,0.10689450079657362
2026-08-02,2022,2022-07-13,-0.11175857023609125,1,-0.11175857023609131
2026-08-02,2022,2022-07-14,-0.3304116412687561,1,-0.3304116412687562
2026-08-02,2022,2022-07-15,-0.3850749090269224,1,-0.38507490902692254
2026-08-02,2022,2022-07-16,-0.4397381767850886,1,-0.43973817678508875
2026-08-02,2022,2022-07-17,-0.002432034719758807,1,-0.0024320347197588537
2026-08-02,2022,2022-07-18,0.38021083958740476,1,0.3802108395874048
2026-08-02,2022,2022-07-19,0.10689450079657363,1,0.10689450079657362
2026-08-02,2022,2022-07-20,0.2708843040710723,1,0.2708843040710723
2026-08-02,2022,2022-07-21,0.2708843040710723,1,0.2708843040710723
2026-08-02,2022,2022-07-22,0.21622103631290607,1,0.21622103631290607
2026-08-02,2022,2022-07-23,0.708190446136402,1,0.7081904461364021
2026-08-02,2022,2022-07-24,0.6535271783782358,1,0.6535271783782359
2026-08-02,2022,2022-07-25,0.5442006428619034,1,0.5442006428619035
2026-08-02,2022,2022-07-26,-0.057095302477925026,1,-0.05709530247792509
2026-08-02,2022,2022-07-27,0.38021083958740476,1,0.3802108395874048
2026-08-02,2022,2022-07-28,0.43487410734557097,1,0.434874107345571
2026-08-02,2022,2022-07-29,0.6535271783782358,1,0.6535271783782359
2026-08-02,2022,2022-07-30,1.1454965882017318,1,1.145496588201732
2026-08-02,2022,2022-07-31,1.7467925335415602,1,1.7467925335415606
2026-08-02,2022,2022-08-01,2.129435407848724,1,2.1294354078487245
2026-08-02,2022,2022-08-02,2.8400578887048846,1,2.840057888704885
2026-08-02,2022,2022-08-03,1.8561190690578928,1,1.8561190690578933
2026-08-02,2022,2022-08-04,0.16155776855473986,1,0.16155776855473983
2026-08-02,2022,2022-08-05,-0.11175857023609125,1,-0.11175857023609131
2026-08-02,2022,2022-08-06,-0.057095302477925026,1,-0.05709530247792509
2026-08-02,2022,2022-08-07,0.16155776855473986,1,0.16155776855473983
2026-08-02,2022,2022-08-08,0.5988639106200696,1,0.5988639106200697
2026-08-02,2022,2022-08-09,0.8175169816527345,1,0.8175169816527347
2026-08-02,2022,2022-08-10,0.6535271783782358,1,0.6535271783782359
2026-08-02,2022,2022-08-11,0.6535271783782358,1,0.6535271783782359
2026-08-02,2022,2022-08-12,0.05223123303840741,1,0.052231233038407376
2026-08-02,2022,2022-08-13,-0.3304116412687561,1,-0.3304116412687562
2026-08-02,2022,2022-08-14,0.05223123303840741,1,0.052231233038407376
2026-08-02,2022,2022-08-15,0.3255475718292385,1,0.3255475718292385
2026-08-02,2022,2022-08-16,0.2708843040710723,1,0.2708843040710723
2026-08-02,2022,2022-08-17,-0.16116691458234508,1,-0.16116691458234517
2026-08-02,2022,2022-08-18,-0.33146368312981234,1,-0.33146368312981245
2026-08-02,2022,2022-08-19,-0.2852102206271111,1,-0.2852102206271112
2026-08-02,2022,2022-08-20,-0.3188491307140669,1,-0.318849130714067
2026-08-02,2022,2022-08-21,-0.3346173212337487,1,-0.3346173212337488
2026-08-02,2022,2022-08-22,-0.28836385873104753,1,-0.28836385873104764
2026-08-02,2022,2022-08-23,-0.12437436639145287,1,-0.12437436639145294
2026-08-02,2022,2022-08-24,-0.2263422057086644,1,-0.2263422057086645
2026-08-02,2022,2022-08-25,-0.495453175469407,1,-0.49545317546940715
2026-08-02,2022,2022-08-26,-0.48283862305366154,1,-0.4828386230536617
2026-08-02,2022,2022-08-27,-0.15485963837447228,1,-0.15485963837447236
2026-08-02,2022,2022-08-28,-0.5480139141799809,1,-0.548013914179981
2026-08-02,2022,2022-08-29,-0.5480139141799809,1,-0.548013914179981
2026-08-02,2022,2022-08-30,-0.6037282909944912,1,-0.6037282909944913
2026-08-02,2022,2022-08-31,-0.4922995373654706,1,-0.4922995373654708
2026-08-02,2022,2022-09-01,-0.5543211903878537,1,-0.5543211903878538
2026-08-02,2022,2022-09-02,-0.6531353916011289,1,-0.653135391601129
2026-08-02,2022,2022-09-03,-0.6037282909944912,1,-0.6037282909944913
2026-08-02,2022,2022-09-04,-0.5448602760760446,1,-0.5448602760760447
2026-08-02,2022,2022-09-05,-0.442892436758833,1,-0.44289243675883316
2026-08-02,2022,2022-09-06,-0.37771714563251363,1,-0.3777171456325138
2026-08-02,2022,2022-09-07,-0.1432974387546872,1,-0.14329743875468728
2026-08-02,2022,2022-09-08,-0.35143755361448675,1,-0.35143755361448686
2026-08-02,2022,2022-09-09,-0.5595776684742864,1,-0.5595776684742865
2026-08-02,2022,2022-09-10,-0.4208175919010866,1,-0.42081759190108675
2026-08-02,2022,2022-09-11,-0.5911140495136499,1,-0.59111404951365
2026-08-02,2022,2022-09-12,-0.5217340112270501,1,-0.5217340112270502
2026-08-02,2022,2022-09-13,-0.5091194588113046,1,-0.5091194588113047
2026-08-02,2022,2022-09-14,-0.5028121826034319,1,-0.502812182603432
2026-08-02,2022,2022-09-15,-0.6226504305530134,1,-0.6226504305530135
2026-08-02,2022,2022-09-16,-0.6415722591766315,1,-0.6415722591766316
2026-08-02,2022,2022-09-17,-0.565884944682159,1,-0.5658849446821591
2026-08-02,2022,2022-09-18,-0.6857231926317405,1,-0.6857231926317406
2026-08-02,2022,2022-09-19,-0.698337745047486,1,-0.6983377450474861
2026-08-02,2022,2022-09-20,-0.6731086402159951,1,-0.6731086402159953
2026-08-02,2022,2022-09-21,-0.698337745047486,1,-0.6983377450474861
2026-08-02,2022,2022-09-22,-0.7677177833340859,1,-0.7677177833340861
2026-08-02,2022,2022-09-23,-0.7677177833340859,1,-0.7677177833340861
2026-08-02,2022,2022-09-24,-0.654186811592377,1,-0.6541868115923771
2026-08-02,2022,2022-09-25,-0.6731086402159951,1,-0.6731086402159953
2026-08-02,2022,2022-09-26,-0.6289577067608861,1,-0.6289577067608862
2026-08-02,2022,2022-09-27,-0.7046450212553588,1,-0.7046450212553589
2026-08-02,2022,2022-09-28,-0.6794159164238679,1,-0.679415916423868
2026-08-02,2022,2022-09-29,-0.7046450212553588,1,-0.7046450212553589
2026-08-02,2022,2022-09-30,-0.6857231926317405,1,-0.6857231926317406
2026-08-02,2023,2023-05-01,-0.8850350333924417,1,-0.8850350333924427
2026-08-02,2023,2023-05-02,-0.9171139669861401,1,-0.9171139669861411
2026-08-02,2023,2023-05-03,-0.9171139669861401,1,-0.9171139669861411
2026-08-02,2023,2023-05-04,-0.6925614318302515,1,-0.6925614318302524
2026-08-02,2023,2023-05-05,-0.7246403654239499,1,-0.7246403654239508
2026-08-02,2023,2023-05-06,-0.7246403654239499,1,-0.7246403654239508
2026-08-02,2023,2023-05-07,-0.820877166205045,1,-0.820877166205046
2026-08-02,2023,2023-05-08,-0.9171139669861401,1,-0.9171139669861411
2026-08-02,2023,2023-05-09,-0.8850350333924417,1,-0.8850350333924427
2026-08-02,2023,2023-05-10,-0.8850350333924417,1,-0.8850350333924427
2026-08-02,2023,2023-05-11,-0.8529560997987433,1,-0.8529560997987443
2026-08-02,2023,2023-05-12,-0.8850350333924417,1,-0.8850350333924427
2026-08-02,2023,2023-05-13,-0.9171139669861401,1,-0.9171139669861411
2026-08-02,2023,2023-05-14,-0.9491929005798385,1,-0.9491929005798396
2026-08-02,2023,2023-05-15,-0.8529560997987433,1,-0.8529560997987443
2026-08-02,2023,2023-05-16,-0.6284035646428549,1,-0.6284035646428556
2026-08-02,2023,2023-05-17,0.26980657598069946,1,0.26980657598069935
2026-08-02,2023,2023-05-18,0.013175107231112508,1,0.013175107231112176
2026-08-02,2023,2023-05-19,-0.6604824982365531,1,-0.660482498236554
2026-08-02,2023,2023-05-20,-0.820877166205045,1,-0.820877166205046
2026-08-02,2023,2023-05-21,-0.6284035646428549,1,-0.6284035646428556
2026-08-02,2023,2023-05-22,-0.5963246310491565,1,-0.5963246310491572
2026-08-02,2023,2023-05-23,-0.8529560997987433,1,-0.8529560997987443
2026-08-02,2023,2023-05-24,-0.820877166205045,1,-0.820877166205046
2026-08-02,2023,2023-05-25,-0.7567192990176482,1,-0.7567192990176491
2026-08-02,2023,2023-05-26,-0.8529560997987433,1,-0.8529560997987443
2026-08-02,2023,2023-05-27,-0.7246403654239499,1,-0.7246403654239508
2026-08-02,2023,2023-05-28,-0.7887982326113466,1,-0.7887982326113476
2026-08-02,2023,2023-05-29,-0.7567192990176482,1,-0.7567192990176491
2026-08-02,2023,2023-05-30,-0.7567192990176482,1,-0.7567192990176491
2026-08-02,2023,2023-05-31,-0.8529560997987433,1,-0.8529560997987443
2026-08-02,2023,2023-06-01,-0.7246403654239499,1,-0.7246403654239508
2026-08-02,2023,2023-06-02,-0.8529560997987433,1,-0.8529560997987443
2026-08-02,2023,2023-06-03,-0.8529560997987433,1,-0.8529560997987443
2026-08-02,2023,2023-06-04,-0.6925614318302515,1,-0.6925614318302524
2026-08-02,2023,2023-06-05,-0.3717720958932679,1,-0.3717720958932685
2026-08-02,2023,2023-06-06,-0.6604824982365531,1,-0.660482498236554
2026-08-02,2023,2023-06-07,-0.4359299630806646,1,-0.4359299630806653
2026-08-02,2023,2023-06-08,-0.6284035646428549,1,-0.6284035646428556
2026-08-02,2023,2023-06-09,-0.7887982326113466,1,-0.7887982326113476
2026-08-02,2023,2023-06-10,-0.7567192990176482,1,-0.7567192990176491
2026-08-02,2023,2023-06-11,-0.820877166205045,1,-0.820877166205046
2026-08-02,2023,2023-06-12,-0.7887982326113466,1,-0.7887982326113476
2026-08-02,2023,2023-06-13,-0.564245697455458,1,-0.5642456974554588
2026-08-02,2023,2023-06-14,-0.6604824982365531,1,-0.660482498236554
2026-08-02,2023,2023-06-15,-0.6925614318302515,1,-0.6925614318302524
2026-08-02,2023,2023-06-16,-0.4359299630806646,1,-0.4359299630806653
2026-08-02,2023,2023-06-17,-0.11514062714368095,1,-0.11514062714368138
2026-08-02,2023,2023-06-18,0.26980657598069946,1,0.26980657598069935
2026-08-02,2023,2023-06-19,-0.2434563615184744,1,-0.24345636151847494
2026-08-02,2023,2023-06-20,-0.5321667638617598,1,-0.5321667638617605
2026-08-02,2023,2023-06-21,-0.5963246310491565,1,-0.5963246310491572
2026-08-02,2023,2023-06-22,-0.7567192990176482,1,-0.7567192990176491
2026-08-02,2023,2023-06-23,-0.7887982326113466,1,-0.7887982326113476
2026-08-02,2023,2023-06-24,-0.5976254988133091,1,-0.5976254988133098
2026-08-02,2023,2023-06-25,-0.2676935758126372,1,-0.26769357581263775
2026-08-02,2023,2023-06-26,-0.1979396966562322,1,-0.1979396966562327
2026-08-02,2023,2023-06-27,-0.37232439454724475,1,-0.37232439454724536
2026-08-02,2023,2023-06-28,0.008523934828478704,1,0.00852393482847837
2026-08-02,2023,2023-06-29,0.30357891825094824,1,0.3035789182509481
2026-08-02,2023,2023-06-30,-0.3025705153908398,1,-0.30257051539084034
2026-08-02,2023,2023-07-01,-0.527871619656904,1,-0.5278716196569048
2026-08-02,2023,2023-07-02,0.043400874406681306,1,0.043400874406681
2026-08-02,2023,2023-07-03,0.19894809951634043,1,0.19894809951634027
2026-08-02,2023,2023-07-04,-0.11214635070297795,1,-0.11214635070297838
2026-08-02,2023,2023-07-05,-0.37232439454724475,1,-0.37232439454724536
2026-08-02,2023,2023-07-06,-0.02635300474972367,1,-0.026353004749724036
2026-08-02,2023,2023-07-07,0.19894809951634043,1,0.19894809951634027
2026-08-02,2023,2023-07-08,-0.18190022985938303,1,-0.1819002298593835
2026-08-02,2023,2023-07-09,0.5288800225170126,1,0.5288800225170127
2026-08-02,2023,2023-07-10,2.0362338732230576,1,2.036233873223059
2026-08-02,2023,2023-07-11,2.1917810983327164,1,2.1917810983327177
2026-08-02,2023,2023-07-12,1.7411788898005882,1,1.741178889800589
2026-08-02,2023,2023-07-13,0.45912614336060736,1,0.45912614336060736
2026-08-02,2023,2023-07-14,0.1480316931412889,1,0.14803169314128867
2026-08-02,2023,2023-07-15,0.6820217825545652,1,0.6820217825545655
2026-08-02,2023,2023-07-16,2.302044441750952,1,2.302044441750953
2026-08-02,2023,2023-07-17,2.7164688429407255,1,2.7164688429407273
2026-08-02,2023,2023-07-18,2.6787938973780188,1,2.6787938973780205
2026-08-02,2023,2023-07-19,1.3224958571205787,1,1.3224958571205794
2026-08-02,2023,2023-07-20,0.45597210917832515,1,0.45597210917832515
2026-08-02,2023,2023-07-21,0.1545725446766718,1,0.15457254467667159
2026-08-02,2023,2023-07-22,0.07922265355125835,1,0.07922265355125806
2026-08-02,2023,2023-07-23,0.6820217825545652,1,0.6820217825545655
2026-08-02,2023,2023-07-24,0.8703965103680985,1,0.8703965103680988
2026-08-02,2023,2023-07-25,1.0210962926189253,1,1.0210962926189258
2026-08-02,2023,2023-07-26,1.284820911557872,1,1.2848209115578724
2026-08-02,2023,2023-07-27,1.3224958571205787,1,1.3224958571205794
2026-08-02,2023,2023-07-28,1.1717960748697518,1,1.1717960748697522
2026-08-02,2023,2023-07-29,1.5485455304968188,1,1.5485455304968194
2026-08-02,2023,2023-07-30,2.452744224001779,1,2.4527442240017803
2026-08-02,2023,2023-07-31,1.8876200405611785,1,1.8876200405611796
2026-08-02,2023,2023-08-01,0.5689969458664452,1,0.5689969458664453
2026-08-02,2023,2023-08-02,2.415069278439072,1,2.4150692784390735
2026-08-02,2023,2023-08-03,2.302044441750952,1,2.302044441750953
2026-08-02,2023,2023-08-04,2.565769060689899,1,2.5657690606899
2026-08-02,2023,2023-08-05,2.4904191695644857,1,2.490419169564487
2026-08-02,2023,2023-08-06,2.7541437885034323,1,2.754143788503434
2026-08-02,2023,2023-08-07,1.8499450949984722,1,1.849945094998473
2026-08-02,2023,2023-08-08,0.7196967281172719,1,0.7196967281172721
2026-08-02,2023,2023-08-09,0.07922265355125835,1,0.07922265355125806
2026-08-02,2023,2023-08-10,0.07922265355125835,1,0.07922265355125806
2026-08-02,2023,2023-08-11,-0.0338021831368616,1,-0.033802183136861966
2026-08-02,2023,2023-08-12,0.3806222180529117,1,0.38062221805291163
2026-08-02,2023,2023-08-13,0.41829716361561853,1,0.41829716361561853
2026-08-02,2023,2023-08-14,-0.14682701982498167,1,-0.1468270198249821
2026-08-02,2023,2023-08-15,-0.29752680207580834,1,-0.2975268020758089
2026-08-02,2023,2023-08-16,-0.2598518565131017,1,-0.2598518565131023
2026-08-02,2023,2023-08-17,1.2558221468092097,1,1.2558221468092101
2026-08-02,2023,2023-08-18,1.545039779455404,1,1.5450397794554047
2026-08-02,2023,2023-08-19,2.070409226918934,1,2.0704092269189354
2026-08-02,2023,2023-08-20,2.001952536823923,1,2.001952536823924
2026-08-02,2023,2023-08-21,1.697344031911577,1,1.6973440319115778
2026-08-02,2023,2023-08-22,0.8673660795357009,1,0.8673660795357012
2026-08-02,2023,2023-08-23,1.1035178943530362,1,1.1035178943530366
2026-08-02,2023,2023-08-24,0.7150618270795276,1,0.7150618270795278
2026-08-02,2023,2023-08-25,0.10584481725483505,1,0.10584481725483479
2026-08-02,2023,2023-08-26,-0.1491444703438538,1,-0.14914447034385425
2026-08-02,2023,2023-08-27,-0.1833728153913591,1,-0.18337281539135958
2026-08-02,2023,2023-08-28,-0.1491444703438538,1,-0.14914447034385425
2026-08-02,2023,2023-08-29,0.8827569518018527,1,0.882756951801853
2026-08-02,2023,2023-08-30,0.3762249771196761,1,0.37622497711967606
2026-08-02,2023,2023-08-31,-0.1491444703438538,1,-0.14914447034385425
2026-08-02,2023,2023-09-01,-0.30144872280002694,1,-0.3014487228000275
2026-08-02,2023,2023-09-02,-0.2176011604388644,1,-0.2176011604388649
2026-08-02,2023,2023-09-03,-0.25182950548636956,1,-0.2518295054863701
2026-08-02,2023,2023-09-04,-0.3356770678475321,1,-0.3356770678475327
2026-08-02,2023,2023-09-05,-0.28605785053387495,1,-0.2860578505338755
2026-08-02,2023,2023-09-06,-0.6745139178073837,1,-0.6745139178073846
2026-08-02,2023,2023-09-07,-0.7670968115088039,1,-0.7670968115088048
2026-08-02,2023,2023-09-08,-0.8594420451057158,1,-0.8594420451057168
2026-08-02,2023,2023-09-09,-0.7363150669765001,1,-0.736315066976501
2026-08-02,2023,2023-09-10,-0.5824063443149805,1,-0.5824063443149813
2026-08-02,2023,2023-09-11,-0.5824063443149805,1,-0.5824063443149813
2026-08-02,2023,2023-09-12,-0.6131880888472845,1,-0.6131880888472853
2026-08-02,2023,2023-09-13,-0.6131880888472845,1,-0.6131880888472853
2026-08-02,2023,2023-09-14,-0.5824063443149805,1,-0.5824063443149813
2026-08-02,2023,2023-09-15,-0.7055333224441962,1,-0.7055333224441971
2026-08-02,2023,2023-09-16,-0.4592793661857649,1,-0.4592793661857656
2026-08-02,2023,2023-09-17,-0.3053706435242454,1,-0.305370643524246
2026-08-02,2023,2023-09-18,-0.36693413258885316,1,-0.36693413258885377
2026-08-02,2023,2023-09-19,-0.5208428552503728,1,-0.5208428552503735
2026-08-02,2023,2023-09-20,-0.6747515779118922,1,-0.6747515779118931
2026-08-02,2023,2023-09-21,-0.7363150669765001,1,-0.736315066976501
2026-08-02,2023,2023-09-22,-0.8594420451057158,1,-0.8594420451057168
2026-08-02,2023,2023-09-23,-0.8902237896380196,1,-0.8902237896380206
2026-08-02,2023,2023-09-24,-0.8902237896380196,1,-0.8902237896380206
2026-08-02,2023,2023-09-25,-0.8594420451057158,1,-0.8594420451057168
2026-08-02,2023,2023-09-26,-0.8594420451057158,1,-0.8594420451057168
2026-08-02,2023,2023-09-27,-0.8286603005734118,1,-0.8286603005734128
2026-08-02,2023,2023-09-28,-0.7978785560411078,1,-0.7978785560411088
2026-08-02,2023,2023-09-29,-0.8594420451057158,1,-0.8594420451057168
2026-08-02,2023,2023-09-30,-0.8594420451057158,1,-0.8594420451057168
2026-08-02,2024,2024-05-01,-0.7403338537122679,1,-0.7403338537122679
2026-08-02,2024,2024-05-02,-0.7403338537122679,1,-0.7403338537122679
2026-08-02,2024,2024-05-03,-0.7403338537122679,1,-0.7403338537122679
2026-08-02,2024,2024-05-04,-0.6583599957939756,1,-0.6583599957939756
2026-08-02,2024,2024-05-05,-0.6173730668348295,1,-0.6173730668348295
2026-08-02,2024,2024-05-06,-0.781320782671414,1,-0.781320782671414
2026-08-02,2024,2024-05-07,-0.7403338537122679,1,-0.7403338537122679
2026-08-02,2024,2024-05-08,-0.7403338537122679,1,-0.7403338537122679
2026-08-02,2024,2024-05-09,-0.781320782671414,1,-0.781320782671414
2026-08-02,2024,2024-05-10,-0.7403338537122679,1,-0.7403338537122679
2026-08-02,2024,2024-05-11,-0.7403338537122679,1,-0.7403338537122679
2026-08-02,2024,2024-05-12,-0.781320782671414,1,-0.781320782671414
2026-08-02,2024,2024-05-13,-0.7403338537122679,1,-0.7403338537122679
2026-08-02,2024,2024-05-14,-0.7403338537122679,1,-0.7403338537122679
2026-08-02,2024,2024-05-15,-0.6993469247531218,1,-0.6993469247531218
2026-08-02,2024,2024-05-16,-0.7403338537122679,1,-0.7403338537122679
2026-08-02,2024,2024-05-17,-0.6583599957939756,1,-0.6583599957939756
2026-08-02,2024,2024-05-18,-0.6173730668348295,1,-0.6173730668348295
2026-08-02,2024,2024-05-19,-0.7403338537122679,1,-0.7403338537122679
2026-08-02,2024,2024-05-20,-0.6993469247531218,1,-0.6993469247531218
2026-08-02,2024,2024-05-21,-0.6583599957939756,1,-0.6583599957939756
2026-08-02,2024,2024-05-22,-0.6993469247531218,1,-0.6993469247531218
2026-08-02,2024,2024-05-23,-0.6583599957939756,1,-0.6583599957939756
2026-08-02,2024,2024-05-24,-0.6583599957939756,1,-0.6583599957939756
2026-08-02,2024,2024-05-25,-0.7403338537122679,1,-0.7403338537122679
2026-08-02,2024,2024-05-26,-0.6993469247531218,1,-0.6993469247531218
2026-08-02,2024,2024-05-27,-0.7403338537122679,1,-0.7403338537122679
2026-08-02,2024,2024-05-28,-0.6993469247531218,1,-0.6993469247531218
2026-08-02,2024,2024-05-29,-0.6583599957939756,1,-0.6583599957939756
2026-08-02,2024,2024-05-30,-0.6993469247531218,1,-0.6993469247531218
2026-08-02,2024,2024-05-31,-0.7403338537122679,1,-0.7403338537122679
2026-08-02,2024,2024-06-01,-0.7403338537122679,1,-0.7403338537122679
2026-08-02,2024,2024-06-02,-0.781320782671414,1,-0.781320782671414
2026-08-02,2024,2024-06-03,-0.6993469247531218,1,-0.6993469247531218
2026-08-02,2024,2024-06-04,-0.6583599957939756,1,-0.6583599957939756
2026-08-02,2024,2024-06-05,-0.6993469247531218,1,-0.6993469247531218
2026-08-02,2024,2024-06-06,-0.6993469247531218,1,-0.6993469247531218
2026-08-02,2024,2024-06-07,-0.6993469247531218,1,-0.6993469247531218
2026-08-02,2024,2024-06-08,-0.6583599957939756,1,-0.6583599957939756
2026-08-02,2024,2024-06-09,-0.7403338537122679,1,-0.7403338537122679
2026-08-02,2024,2024-06-10,-0.6993469247531218,1,-0.6993469247531218
2026-08-02,2024,2024-06-11,-0.5353992089165373,1,-0.5353992089165373
2026-08-02,2024,2024-06-12,-0.4944122799573911,1,-0.494412279957391
2026-08-02,2024,2024-06-13,-0.5763861378756834,1,-0.5763861378756834
2026-08-02,2024,2024-06-14,-0.37145149307995273,1,-0.3714514930799526
2026-08-02,2024,2024-06-15,-0.453425350998245,1,-0.4534253509982449
2026-08-02,2024,2024-06-16,-0.37145149307995273,1,-0.3714514930799526
2026-08-02,2024,2024-06-17,-0.41243842203909886,1,-0.41243842203909875
2026-08-02,2024,2024-06-18,-0.6173730668348295,1,-0.6173730668348295
2026-08-02,2024,2024-06-19,-0.453425350998245,1,-0.4534253509982449
2026-08-02,2024,2024-06-20,-0.4944122799573911,1,-0.494412279957391
2026-08-02,2024,2024-06-21,-0.6993469247531218,1,-0.6993469247531218
2026-08-02,2024,2024-06-22,-0.6583599957939756,1,-0.6583599957939756
2026-08-02,2024,2024-06-23,-0.6583599957939756,1,-0.6583599957939756
2026-08-02,2024,2024-06-24,-0.12552991932507593,1,-0.1255299193250758
2026-08-02,2024,2024-06-25,-0.2075037772433682,1,-0.20750377724336805
2026-08-02,2024,2024-06-26,-0.2894776351616604,1,-0.2894776351616603
2026-08-02,2024,2024-06-27,-0.453425350998245,1,-0.4534253509982449
2026-08-02,2024,2024-06-28,2.2107250313462536,1,2.210725031346254
2026-08-02,2024,2024-06-29,0.161378583388947,1,0.1613785833889472
2026-08-02,2024,2024-06-30,-0.5763861378756834,1,-0.5763861378756834
2026-08-02,2024,2024-07-01,1.3909864521633308,1,1.3909864521633313
2026-08-02,2024,2024-07-02,1.472960310081623,1,1.4729603100816235
2026-08-02,2024,2024-07-03,1.2680256652858926,1,1.268025665285893
2026-08-02,2024,2024-07-04,2.1697381023871074,1,2.169738102387108
2026-08-02,2024,2024-07-05,2.005790386550523,1,2.0057903865505233
2026-08-02,2024,2024-07-06,2.8255289657334455,1,2.825528965733446
2026-08-02,2024,2024-07-07,3.2353982553249065,1,3.235398255324907
2026-08-02,2024,2024-07-08,3.071450539488322,1,3.0714505394883225
2026-08-02,2024,2024-07-09,1.5549341679999154,1,1.5549341679999158
2026-08-02,2024,2024-07-10,0.4073001571438238,1,0.407300157143824
2026-08-02,2024,2024-07-11,-0.043556061406783655,1,-0.0435560614067835
2026-08-02,2024,2024-07-12,-0.453425350998245,1,-0.4534253509982449
2026-08-02,2024,2024-07-13,-0.3304645641208066,1,-0.3304645641208065
2026-08-02,2024,2024-07-14,1.7188818838364999,1,1.7188818838365003
2026-08-02,2024,2024-07-15,1.1450648784084543,1,1.1450648784084547
2026-08-02,2024,2024-07-16,-0.043556061406783655,1,-0.0435560614067835
2026-08-02,2024,2024-07-17,-0.24849070620251432,1,-0.24849070620251418
2026-08-02,2024,2024-07-18,0.03841779651150861,1,0.03841779651150878
2026-08-02,2024,2024-07-19,1.104077949449308,1,1.1040779494493085
2026-08-02,2024,2024-07-20,1.1860518073676003,1,1.1860518073676007
2026-08-02,2024,2024-07-21,2.1697381023871074,1,2.169738102387108
2026-08-02,2024,2024-07-22,2.661581249896861,1,2.6615812498968614
2026-08-02,2024,2024-07-23,1.3090125942450388,1,1.3090125942450392
2026-08-02,2024,2024-07-24,0.36631322818467765,1,0.3663132281846779
2026-08-02,2024,2024-07-25,1.1860518073676003,1,1.1860518073676007
2026-08-02,2024,2024-07-26,1.3090125942450388,1,1.3090125942450392
2026-08-02,2024,2024-07-27,1.8418426707139384,1,1.8418426707139388
2026-08-02,2024,2024-07-28,2.1697381023871074,1,2.169738102387108
2026-08-02,2024,2024-07-29,2.2107250313462536,1,2.210725031346254
2026-08-02,2024,2024-07-30,1.5549341679999154,1,1.5549341679999158
2026-08-02,2024,2024-07-31,0.5302609440212622,1,0.5302609440212624
2026-08-02,2024,2024-08-01,1.0630910204901618,1,1.0630910204901622
2026-08-02,2024,2024-08-02,1.1450648784084543,1,1.1450648784084547
2026-08-02,2024,2024-08-03,0.8581563756944313,1,0.8581563756944315
2026-08-02,2024,2024-08-04,2.128751173427961,1,2.1287511734279616
2026-08-02,2024,2024-08-05,1.3090125942450388,1,1.3090125942450392
2026-08-02,2024,2024-08-06,0.3253262992255315,1,0.32532629922553175
2026-08-02,2024,2024-08-07,-0.08454299036592978,1,-0.08454299036592965
2026-08-02,2024,2024-08-08,0.776182517776139,1,0.7761825177761392
2026-08-02,2024,2024-08-09,0.9811171625718696,1,0.9811171625718699
2026-08-02,2024,2024-08-10,1.1450648784084543,1,1.1450648784084547
2026-08-02,2024,2024-08-11,1.6369080259182076,1,1.636908025918208
2026-08-02,2024,2024-08-12,1.5549341679999154,1,1.5549341679999158
2026-08-02,2024,2024-08-13,0.7351955888169929,1,0.7351955888169931
2026-08-02,2024,2024-08-14,0.07940472547065475,1,0.07940472547065491
2026-08-02,2024,2024-08-15,-0.3304645641208066,1,-0.3304645641208065
2026-08-02,2024,2024-08-16,-0.4944122799573911,1,-0.494412279957391
2026-08-02,2024,2024-08-17,0.8174162284302916,1,0.8174162284302918
2026-08-02,2024,2024-08-18,1.0221039485067724,1,1.0221039485067729
2026-08-02,2024,2024-08-19,1.4201215666954425,1,1.420121566695443
2026-08-02,2024,2024-08-20,0.030516634568233496,1,0.030516634568233655
2026-08-02,2024,2024-08-21,-0.3993522700643006,1,-0.39935227006430046
2026-08-02,2024,2024-08-22,-0.4220679139928816,1,-0.4220679139928815
2026-08-02,2024,2024-08-23,-0.4220679139928816,1,-0.4220679139928815
2026-08-02,2024,2024-08-24,-0.23787365839597427,1,-0.23787365839597413
2026-08-02,2024,2024-08-25,-0.2060223719521106,1,-0.20602237195211046
2026-08-02,2024,2024-08-26,-0.4425613784724547,1,-0.4425613784724546
2026-08-02,2024,2024-08-27,-0.6153978121050716,1,-0.6153978121050716
2026-08-02,2024,2024-08-28,-0.6586069205132258,1,-0.6586069205132258
2026-08-02,2024,2024-08-29,-0.6904582069570894,1,-0.6904582069570894
2026-08-02,2024,2024-08-30,-0.7768764237733978,1,-0.7768764237733978
2026-08-02,2024,2024-08-31,-0.6904582069570894,1,-0.6904582069570894
2026-08-02,2024,2024-09-01,-0.6153978121050716,1,-0.6153978121050716
2026-08-02,2024,2024-09-02,-0.6267556340693622,1,-0.6267556340693622
2026-08-02,2024,2024-09-03,-0.7131738508856706,1,-0.7131738508856706
2026-08-02,2024,2024-09-04,-0.7018160289213801,1,-0.7018160289213801
2026-08-02,2024,2024-09-05,-0.6586069205132258,1,-0.6586069205132258
2026-08-02,2024,2024-09-06,-0.583546525661208,1,-0.583546525661208
2026-08-02,2024,2024-09-07,-0.5225599816609892,1,-0.5225599816609892
2026-08-02,2024,2024-09-08,-0.13639403487510962,1,-0.13639403487510948
2026-08-02,2024,2024-09-09,-0.5452756255895703,1,-0.5452756255895703
2026-08-02,2024,2024-09-10,-0.5452756255895703,1,-0.5452756255895703
2026-08-02,2024,2024-09-11,-0.49984433773240794,1,-0.49984433773240783
2026-08-02,2024,2024-09-12,-0.47712869380382683,1,-0.4771286938038267
2026-08-02,2024,2024-09-13,0.47692835119658117,1,0.4769283511965814
2026-08-02,2024,2024-09-14,-0.11367839094652854,1,-0.1136783909465284
2026-08-02,2024,2024-09-15,-0.47712869380382683,1,-0.4771286938038267
2026-08-02,2024,2024-09-16,-0.6588538452324759,1,-0.6588538452324759
2026-08-02,2024,2024-09-17,-0.5452756255895703,1,-0.5452756255895703
2026-08-02,2024,2024-09-18,-0.5452756255895703,1,-0.5452756255895703
2026-08-02,2024,2024-09-19,0.5223596390537436,1,0.5223596390537438
2026-08-02,2024,2024-09-20,-0.29540354237517763,1,-0.2954035423751775
2026-08-02,2024,2024-09-21,-0.6815694891610572,1,-0.6815694891610572
2026-08-02,2024,2024-09-22,-0.7497164209468006,1,-0.7497164209468006
2026-08-02,2024,2024-09-23,-0.7724320648753816,1,-0.7724320648753816
2026-08-02,2024,2024-09-24,-0.7951477088039629,1,-0.7951477088039629
2026-08-02,2024,2024-09-25,-0.7724320648753816,1,-0.7724320648753816
2026-08-02,2024,2024-09-26,-0.7951477088039629,1,-0.7951477088039629
2026-08-02,2024,2024-09-27,-0.817863352732544,1,-0.817863352732544
2026-08-02,2024,2024-09-28,-0.8632946405897063,1,-0.8632946405897063
2026-08-02,2024,2024-09-29,-0.7951477088039629,1,-0.7951477088039629
2026-08-02,2024,2024-09-30,-0.7951477088039629,1,-0.7951477088039629
2026-08-02,2025,2025-05-01,-0.8550006164070357,1,-0.8550006164070354
2026-08-02,2025,2025-05-02,-0.8943497086905713,1,-0.894349708690571
2026-08-02,2025,2025-05-03,-0.9730478932576424,1,-0.9730478932576421
2026-08-02,2025,2025-05-04,-0.9730478932576424,1,-0.9730478932576421
2026-08-02,2025,2025-05-05,-0.9336988009741068,1,-0.9336988009741065
2026-08-02,2025,2025-05-06,-0.9730478932576424,1,-0.9730478932576421
2026-08-02,2025,2025-05-07,-0.8550006164070357,1,-0.8550006164070354
2026-08-02,2025,2025-05-08,-0.8550006164070357,1,-0.8550006164070354
2026-08-02,2025,2025-05-09,-0.8550006164070357,1,-0.8550006164070354
2026-08-02,2025,2025-05-10,-0.9730478932576424,1,-0.9730478932576421
2026-08-02,2025,2025-05-11,-0.9336988009741068,1,-0.9336988009741065
2026-08-02,2025,2025-05-12,-0.8156515241235003,1,-0.8156515241234998
2026-08-02,2025,2025-05-13,-0.6976042472728936,1,-0.6976042472728932
2026-08-02,2025,2025-05-14,-0.658255154989358,1,-0.6582551549893576
2026-08-02,2025,2025-05-15,-0.6976042472728936,1,-0.6976042472728932
2026-08-02,2025,2025-05-16,-0.7369533395564292,1,-0.7369533395564287
2026-08-02,2025,2025-05-17,-0.8943497086905713,1,-0.894349708690571
2026-08-02,2025,2025-05-18,-0.8550006164070357,1,-0.8550006164070354
2026-08-02,2025,2025-05-19,-0.658255154989358,1,-0.6582551549893576
2026-08-02,2025,2025-05-20,-0.3041133244375382,1,-0.30411332443753764
2026-08-02,2025,2025-05-21,-0.3041133244375382,1,-0.30411332443753764
2026-08-02,2025,2025-05-22,-0.46150969357168037,1,-0.46150969357167987
2026-08-02,2025,2025-05-23,-0.658255154989358,1,-0.6582551549893576
2026-08-02,2025,2025-05-24,-0.9730478932576424,1,-0.9730478932576421
2026-08-02,2025,2025-05-25,-0.9336988009741068,1,-0.9336988009741065
2026-08-02,2025,2025-05-26,-0.658255154989358,1,-0.6582551549893576
2026-08-02,2025,2025-05-27,-0.7369533395564292,1,-0.7369533395564287
2026-08-02,2025,2025-05-28,-0.579556970422287,1,-0.5795569704222866
2026-08-02,2025,2025-05-29,-0.658255154989358,1,-0.6582551549893576
2026-08-02,2025,2025-05-30,-0.6976042472728936,1,-0.6976042472728932
2026-08-02,2025,2025-05-31,-0.9336988009741068,1,-0.9336988009741065
2026-08-02,2025,2025-06-01,-0.7763024318399647,1,-0.7763024318399643
2026-08-02,2025,2025-06-02,-0.4221606012881448,1,-0.4221606012881443
2026-08-02,2025,2025-06-03,-0.5402078781387515,1,-0.540207878138751
2026-08-02,2025,2025-06-04,-0.46150969357168037,1,-0.46150969357167987
2026-08-02,2025,2025-06-05,-0.4221606012881448,1,-0.4221606012881443
2026-08-02,2025,2025-06-06,-0.5402078781387515,1,-0.540207878138751
2026-08-02,2025,2025-06-07,-0.6976042472728936,1,-0.6976042472728932
2026-08-02,2025,2025-06-08,-0.7763024318399647,1,-0.7763024318399643
2026-08-02,2025,2025-06-09,-0.579556970422287,1,-0.5795569704222866
2026-08-02,2025,2025-06-10,-0.658255154989358,1,-0.6582551549893576
2026-08-02,2025,2025-06-11,-0.7369533395564292,1,-0.7369533395564287
2026-08-02,2025,2025-06-12,-0.658255154989358,1,-0.6582551549893576
2026-08-02,2025,2025-06-13,-0.658255154989358,1,-0.6582551549893576
2026-08-02,2025,2025-06-14,-0.8943497086905713,1,-0.894349708690571
2026-08-02,2025,2025-06-15,-0.5008587858552159,1,-0.5008587858552155
2026-08-02,2025,2025-06-16,0.2861230598154949,1,0.2861230598154957
2026-08-02,2025,2025-06-17,0.9550576286355991,1,0.9550576286356001
2026-08-02,2025,2025-06-18,0.9157085363520635,1,0.9157085363520645
2026-08-02,2025,2025-06-19,0.5222176135167081,1,0.522217613516709
2026-08-02,2025,2025-06-20,0.05002850611428166,1,0.05002850611428232
2026-08-02,2025,2025-06-21,-0.18606604758693157,1,-0.186066047586931
2026-08-02,2025,2025-06-22,0.010679413830746123,1,0.01067941383074677
2026-08-02,2025,2025-06-23,-0.1073678630198605,1,-0.1073678630198599
2026-08-02,2025,2025-06-24,-0.3828115090046093,1,-0.38281150900460875
2026-08-02,2025,2025-06-25,-0.4221606012881448,1,-0.4221606012881443
2026-08-02,2025,2025-06-26,-0.3041133244375382,1,-0.30411332443753764
2026-08-02,2025,2025-06-27,-0.2647642321540027,1,-0.26476423215400213
2026-08-02,2025,2025-06-28,-0.18606604758693157,1,-0.186066047586931
2026-08-02,2025,2025-06-29,-0.028669678452789418,1,-0.028669678452788783
2026-08-02,2025,2025-06-30,0.20742487524842382,1,0.2074248752484245
2026-08-02,2025,2025-07-01,0.1680757829648883,1,0.16807578296488898
2026-08-02,2025,2025-07-02,0.12872669068135276,1,0.12872669068135345
2026-08-02,2025,2025-07-03,0.010679413830746123,1,0.01067941383074677
2026-08-02,2025,2025-07-04,0.0893775983978172,1,0.08937759839781786
2026-08-02,2025,2025-07-05,2.09618130485813,1,2.0961813048581313
2026-08-02,2025,2025-07-06,2.4109740431264144,1,2.4109740431264157
2026-08-02,2025,2025-07-07,2.8831631505288406,1,2.883163150528842
2026-08-02,2025,2025-07-08,2.7257667813946984,1,2.7257667813946997
2026-08-02,2025,2025-07-09,2.371624950842879,1,2.37162495084288
2026-08-02,2025,2025-07-10,0.9157085363520635,1,0.9157085363520645
2026-08-02,2025,2025-07-11,-0.3041133244375382,1,-0.30411332443753764
2026-08-02,2025,2025-07-12,-0.658255154989358,1,-0.6582551549893576
2026-08-02,2025,2025-07-13,-0.4221606012881448,1,-0.4221606012881443
2026-08-02,2025,2025-07-14,-0.3828115090046093,1,-0.38281150900460875
2026-08-02,2025,2025-07-15,-0.46150969357168037,1,-0.46150969357167987
2026-08-02,2025,2025-07-16,-0.579556970422287,1,-0.5795569704222866
2026-08-02,2025,2025-07-17,-0.3828115090046093,1,-0.38281150900460875
2026-08-02,2025,2025-07-18,-0.3828115090046093,1,-0.38281150900460875
2026-08-02,2025,2025-07-19,-0.3828115090046093,1,-0.38281150900460875
2026-08-02,2025,2025-07-20,0.9157085363520635,1,0.9157085363520645
2026-08-02,2025,2025-07-21,1.7420394743063101,1,1.7420394743063115
2026-08-02,2025,2025-07-22,2.09618130485813,1,2.0961813048581313
2026-08-02,2025,2025-07-23,1.8994358434404521,1,1.8994358434404535
2026-08-02,2025,2025-07-24,1.8207376588733812,1,1.8207376588733826
2026-08-02,2025,2025-07-25,1.8994358434404521,1,1.8994358434404535
2026-08-02,2025,2025-07-26,0.6796139826508503,1,0.6796139826508512
2026-08-02,2025,2025-07-27,0.9550576286355991,1,0.9550576286356001
2026-08-02,2025,2025-07-28,1.7420394743063101,1,1.7420394743063115
2026-08-02,2025,2025-07-29,0.6402648903673148,1,0.6402648903673157
2026-08-02,2025,2025-07-30,-0.1073678630198605,1,-0.1073678630198599
2026-08-02,2025,2025-07-31,-0.2647642321540027,1,-0.26476423215400213
2026-08-02,2025,2025-08-01,-0.4221606012881448,1,-0.4221606012881443
2026-08-02,2025,2025-08-02,0.4041703366661015,1,0.4041703366661023
2026-08-02,2025,2025-08-03,1.8600867511569166,1,1.860086751156918
2026-08-02,2025,2025-08-04,1.9387849357239877,1,1.938784935723989
2026-08-02,2025,2025-08-05,2.6470685968276273,1,2.6470685968276286
2026-08-02,2025,2025-08-06,2.6077195045440917,1,2.607719504544093
2026-08-02,2025,2025-08-07,0.6796139826508503,1,0.6796139826508512
2026-08-02,2025,2025-08-08,-0.14671695530339604,1,-0.14671695530339546
2026-08-02,2025,2025-08-09,-0.5008587858552159,1,-0.5008587858552155
2026-08-02,2025,2025-08-10,-0.7369533395564292,1,-0.7369533395564287
2026-08-02,2025,2025-08-11,-0.7369533395564292,1,-0.7369533395564287
2026-08-02,2025,2025-08-12,-0.6976042472728936,1,-0.6976042472728932
2026-08-02,2025,2025-08-13,-0.579556970422287,1,-0.5795569704222866
2026-08-02,2025,2025-08-14,-0.6189060627058225,1,-0.618906062705822
2026-08-02,2025,2025-08-15,-0.5402078781387515,1,-0.540207878138751
2026-08-02,2025,2025-08-16,0.5222176135167081,1,0.522217613516709
2026-08-02,2025,2025-08-17,1.3447361034387473,1,1.3447361034387484
2026-08-02,2025,2025-08-18,1.6337186566928672,1,1.6337186566928683
2026-08-02,2025,2025-08-19,1.2778850601985305,1,1.2778850601985317
2026-08-02,2025,2025-08-20,1.5059401408758615,1,1.5059401408758626
2026-08-02,2025,2025-08-21,1.0026534824227507,1,1.0026534824227518
2026-08-02,2025,2025-08-22,1.1166810227614161,1,1.1166810227614172
2026-08-02,2025,2025-08-23,1.425338122157304,1,1.4253381221573052
2026-08-02,2025,2025-08-24,1.700569699933084,1,1.7005696999330853
2026-08-02,2025,2025-08-25,1.197283041479973,1,1.1972830414799742
2026-08-02,2025,2025-08-26,0.9554769853243019,1,0.9554769853243029
2026-08-02,2025,2025-08-27,0.04918023327840551,1,0.04918023327840617
2026-08-02,2025,2025-08-28,-0.5347084438932623,1,-0.5347084438932619
2026-08-02,2025,2025-08-29,0.3578373326742936,1,0.35783733267429435
2026-08-02,2025,2025-08-30,1.3584870789170873,1,1.3584870789170884
2026-08-02,2025,2025-08-31,1.3919126005371956,1,1.3919126005371967
2026-08-02,2025,2025-09-01,1.0832555011413076,1,1.0832555011413088
2026-08-02,2025,2025-09-02,0.9417260098459613,1,0.9417260098459623
2026-08-02,2025,2025-09-03,0.002003736179956516,1,0.0020037361799571615
2026-08-02,2025,2025-09-04,-0.7293380029504849,1,-0.7293380029504845
2026-08-02,2025,2025-09-05,-0.8236909971473827,1,-0.8236909971473823
2026-08-02,2025,2025-09-06,-0.7430889784288254,1,-0.7430889784288249
2026-08-02,2025,2025-09-07,0.04833196044252922,1,0.04833196044252988
2026-08-02,2025,2025-09-08,1.120908047753091,1,1.1209080477530922
2026-08-02,2025,2025-09-09,-0.1991855981676004,1,-0.19918559816759981
2026-08-02,2025,2025-09-10,-0.7217226663445406,1,-0.7217226663445402
2026-08-02,2025,2025-09-11,-0.8042285192145838,1,-0.8042285192145834
2026-08-02,2025,2025-09-12,-0.8867343720846271,1,-0.8867343720846268
2026-08-02,2025,2025-09-13,-0.8867343720846271,1,-0.8867343720846268
2026-08-02,2025,2025-09-14,-0.8042285192145838,1,-0.8042285192145834
2026-08-02,2025,2025-09-15,-0.7767265682579028,1,-0.7767265682579023
2026-08-02,2025,2025-09-16,-0.11667974529755715,1,-0.11667974529755655
2026-08-02,2025,2025-09-17,0.8733904891429614,1,0.8733904891429624
2026-08-02,2025,2025-09-18,-0.08917779434087607,1,-0.08917779434087546
2026-08-02,2025,2025-09-19,-0.8867343720846271,1,-0.8867343720846268
2026-08-02,2025,2025-09-20,-0.14418169625423824,1,-0.14418169625423766
2026-08-02,2025,2025-09-21,-0.14418169625423824,1,-0.14418169625423766
2026-08-02,2025,2025-09-22,-0.9142363230413082,1,-0.9142363230413079
2026-08-02,2025,2025-09-23,-0.9417382739979893,1,-0.9417382739979889
2026-08-02,2025,2025-09-24,-0.9142363230413082,1,-0.9142363230413079
2026-08-02,2025,2025-09-25,-0.9142363230413082,1,-0.9142363230413079
2026-08-02,2025,2025-09-26,-0.8867343720846271,1,-0.8867343720846268
2026-08-02,2025,2025-09-27,-0.9692402249546702,1,-0.9692402249546699
2026-08-02,2025,2025-09-28,-0.9692402249546702,1,-0.9692402249546699
2026-08-02,2025,2025-09-29,-0.9417382739979893,1,-0.9417382739979889
2026-08-02,2025,2025-09-30,-0.9417382739979893,1,-0.9417382739979889
2026-08-03,2021,2021-05-01,-0.9574035995693444,1,-0.9574035995693445
2026-08-03,2021,2021-05-02,-0.9574035995693444,1,-0.9574035995693445
2026-08-03,2021,2021-05-03,-0.7610337265594103,1,-0.7610337265594103
2026-08-03,2021,2021-05-04,-0.687395024180685,1,-0.687395024180685
2026-08-03,2021,2021-05-05,-0.9574035995693444,1,-0.9574035995693445
2026-08-03,2021,2021-05-06,-0.5401176194232343,1,-0.5401176194232343
2026-08-03,2021,2021-05-07,-0.6137563218019596,1,-0.6137563218019596
2026-08-03,2021,2021-05-08,-0.7364874924331685,1,-0.7364874924331685
2026-08-03,2021,2021-05-09,-0.3437477464133002,1,-0.3437477464133
2026-08-03,2021,2021-05-10,-0.4910251511707508,1,-0.4910251511707507
2026-08-03,2021,2021-05-11,-0.5646638535494761,1,-0.5646638535494761
2026-08-03,2021,2021-05-12,-0.5892100876757179,1,-0.5892100876757179
2026-08-03,2021,2021-05-13,-0.5892100876757179,1,-0.5892100876757179
2026-08-03,2021,2021-05-14,-0.31920151228705845,1,-0.3192015122870583
2026-08-03,2021,2021-05-15,-0.31920151228705845,1,-0.3192015122870583
2026-08-03,2021,2021-05-16,-0.7610337265594103,1,-0.7610337265594103
2026-08-03,2021,2021-05-17,-0.24556280990833312,1,-0.24556280990833296
2026-08-03,2021,2021-05-18,-0.5646638535494761,1,-0.5646638535494761
2026-08-03,2021,2021-05-19,-0.5646638535494761,1,-0.5646638535494761
2026-08-03,2021,2021-05-20,-0.6137563218019596,1,-0.6137563218019596
2026-08-03,2021,2021-05-21,-0.5401176194232343,1,-0.5401176194232343
2026-08-03,2021,2021-05-22,-0.9574035995693444,1,-0.9574035995693445
2026-08-03,2021,2021-05-23,-0.4910251511707508,1,-0.4910251511707507
2026-08-03,2021,2021-05-24,-0.31920151228705845,1,-0.3192015122870583
2026-08-03,2021,2021-05-25,-0.24556280990833312,1,-0.24556280990833296
2026-08-03,2021,2021-05-26,-0.4910251511707508,1,-0.4910251511707507
2026-08-03,2021,2021-05-27,-0.5892100876757179,1,-0.5892100876757179
2026-08-03,2021,2021-05-28,-0.5155713852969925,1,-0.5155713852969925
2026-08-03,2021,2021-05-29,-0.5401176194232343,1,-0.5401176194232343
2026-08-03,2021,2021-05-30,-0.5892100876757179,1,-0.5892100876757179
2026-08-03,2021,2021-05-31,-0.22101657578209136,1,-0.2210165757820912
2026-08-03,2021,2021-06-01,-0.14737787340336606,1,-0.14737787340336586
2026-08-03,2021,2021-06-02,-0.5155713852969925,1,-0.5155713852969925
2026-08-03,2021,2021-06-03,-0.368293980539542,1,-0.3682939805395418
2026-08-03,2021,2021-06-04,-0.5646638535494761,1,-0.5646638535494761
2026-08-03,2021,2021-06-05,-0.6628487900544432,1,-0.6628487900544432
2026-08-03,2021,2021-06-06,-0.46647891704450906,1,-0.46647891704450895
2026-08-03,2021,2021-06-07,-0.024646702772157227,1,-0.024646702772156977
2026-08-03,2021,2021-06-08,0.6871940868888541,1,0.6871940868888545
2026-08-03,2021,2021-06-09,0.8344714916463046,1,0.8344714916463052
2026-08-03,2021,2021-06-10,1.006295130529997,1,1.0062951305299976
2026-08-03,2021,2021-06-11,0.589009150383887,1,0.5890091503838875
2026-08-03,2021,2021-06-12,-0.17192410752960782,1,-0.17192410752960763
2026-08-03,2021,2021-06-13,-0.024646702772157227,1,-0.024646702772156977
2026-08-03,2021,2021-06-14,-0.2701090440345749,1,-0.27010904403457475
2026-08-03,2021,2021-06-15,-0.07373917102464077,1,-0.07373917102464055
2026-08-03,2021,2021-06-16,-0.31920151228705845,1,-0.3192015122870583
2026-08-03,2021,2021-06-17,-0.368293980539542,1,-0.3682939805395418
2026-08-03,2021,2021-06-18,-0.46647891704450906,1,-0.46647891704450895
2026-08-03,2021,2021-06-19,-0.6628487900544432,1,-0.6628487900544432
2026-08-03,2021,2021-06-20,-0.4173864487920255,1,-0.4173864487920254
2026-08-03,2021,2021-06-21,-0.17192410752960782,1,-0.17192410752960763
2026-08-03,2021,2021-06-22,-0.17192410752960782,1,-0.17192410752960763
2026-08-03,2021,2021-06-23,-0.5401176194232343,1,-0.5401176194232343
2026-08-03,2021,2021-06-24,-0.45864403879953314,1,-0.458644038799533
2026-08-03,2021,2021-06-25,-0.4990612913634755,1,-0.4990612913634754
2026-08-03,2021,2021-06-26,-0.5517516609905387,1,-0.5517516609905387
2026-08-03,2021,2021-06-27,-0.5113344084265964,1,-0.5113344084265964
2026-08-03,2021,2021-06-28,-0.23560944322815913,1,-0.23560944322815897
2026-08-03,2021,2021-06-29,-0.18291907360109577,1,-0.18291907360109558
2026-08-03,2021,2021-06-30,-0.44637092173641224,1,-0.44637092173641213
2026-08-03,2021,2021-07-01,-0.44637092173641224,1,-0.44637092173641213
2026-08-03,2021,2021-07-02,-0.604442030617602,1,-0.604442030617602
2026-08-03,2021,2021-07-03,-0.7343690039979703,1,-0.7343690039979703
2026-08-03,2021,2021-07-04,-0.6694055173077863,1,-0.6694055173077863
2026-08-03,2021,2021-07-05,-0.393680552109349,1,-0.3936805521093488
2026-08-03,2021,2021-07-06,-0.012574847656785034,1,-0.012574847656784783
2026-08-03,2021,2021-07-07,-0.10568246984779084,1,-0.10568246984779063
2026-08-03,2021,2021-07-08,-0.35326329954540653,1,-0.35326329954540636
2026-08-03,2021,2021-07-09,-0.32871706541916473,1,-0.32871706541916457
2026-08-03,2021,2021-07-10,1.5082500687788907,1,1.5082500687788913
2026-08-03,2021,2021-07-11,0.5756944339294522,1,0.5756944339294526
2026-08-03,2021,2021-07-12,1.1675616168902692,1,1.1675616168902698
2026-08-03,2021,2021-07-13,0.32811360423183644,1,0.32811360423183683
2026-08-03,2021,2021-07-14,0.10507900866046237,1,0.10507900866046266
2026-08-03,2021,2021-07-15,0.3372266334684452,1,0.3372266334684456
2026-08-03,2021,2021-07-16,1.3504155114980196,1,1.3504155114980203
2026-08-03,2021,2021-07-17,1.4067037824996627,1,1.4067037824996633
2026-08-03,2021,2021-07-18,2.588757473534166,1,2.588757473534167
2026-08-03,2021,2021-07-19,4.671423500594958,1,4.67142350059496
2026-08-03,2021,2021-07-20,3.151640183550596,1,3.1516401835505974
2026-08-03,2021,2021-07-21,2.4198926605292375,1,2.419892660529239
2026-08-03,2021,2021-07-22,2.307316118525951,1,2.3073161185259523
2026-08-03,2021,2021-07-23,2.4761809315308803,1,2.4761809315308816
2026-08-03,2021,2021-07-24,1.800721679511164,1,1.800721679511165
2026-08-03,2021,2021-07-25,1.519280324502949,1,1.5192803245029496
2026-08-03,2021,2021-07-26,0.9001093434848756,1,0.9001093434848761
2026-08-03,2021,2021-07-27,0.44980317547173115,1,0.4498031754717316
2026-08-03,2021,2021-07-28,0.9001093434848756,1,0.9001093434848761
2026-08-03,2021,2021-07-29,0.8438210724832323,1,0.8438210724832329
2026-08-03,2021,2021-07-30,0.8438210724832323,1,0.8438210724832329
2026-08-03,2021,2021-07-31,0.9563976144865184,1,0.9563976144865189
2026-08-03,2021,2021-08-01,1.519280324502949,1,1.5192803245029496
2026-08-03,2021,2021-08-02,2.1384513055210217,1,2.138451305521023
2026-08-03,2021,2021-08-03,2.1947395765226654,1,2.1947395765226667
2026-08-03,2021,2021-08-04,2.813910557540738,1,2.8139105575407393
2026-08-03,2021,2021-08-05,2.1947395765226654,1,2.1947395765226667
2026-08-03,2021,2021-08-06,1.7444334085095208,1,1.7444334085095217
2026-08-03,2021,2021-08-07,0.5623797174750174,1,0.5623797174750178
2026-08-03,2021,2021-08-08,0.1683618204635161,1,0.16836182046351642
2026-08-03,2021,2021-08-09,0.7875328014815892,1,0.7875328014815897
2026-08-03,2021,2021-08-10,2.0258747635177357,1,2.025874763517737
2026-08-03,2021,2021-08-11,1.0689741564898043,1,1.068974156489805
2026-08-03,2021,2021-08-12,-5.029925414130189e-4,1,-5.029925414127636e-4
2026-08-03,2021,2021-08-13,-0.4508091605545572,1,-0.4508091605545571
2026-08-03,2021,2021-08-14,-0.6196739735594863,1,-0.6196739735594863
2026-08-03,2021,2021-08-15,-0.7885387865644152,1,-0.7885387865644152
2026-08-03,2021,2021-08-16,-0.6759622445611293,1,-0.6759622445611293
2026-08-03,2021,2021-08-17,-0.39160062889210506,1,-0.3916006288921049
2026-08-03,2021,2021-08-18,-0.10301191124010485,1,-0.10301191124010463
2026-08-03,2021,2021-08-19,0.06104174764968645,1,0.06104174764968673
2026-08-03,2021,2021-08-20,0.049667283022925314,1,0.049667283022925585
2026-08-03,2021,2021-08-21,-0.052118846485761344,1,-0.05211884648576111
2026-08-03,2021,2021-08-22,0.100560347777269,1,0.10056034777726927
2026-08-03,2021,2021-08-23,-0.3407075641377616,1,-0.34070756413776143
2026-08-03,2021,2021-08-24,-0.052118846485761344,1,-0.05211884648576111
2026-08-03,2021,2021-08-25,0.22509540653947774,1,0.22509540653947807
2026-08-03,2021,2021-08-26,1.305808283139613,1,1.3058082831396136
2026-08-03,2021,2021-08-27,1.0172195654876128,1,1.0172195654876135
2026-08-03,2021,2021-08-28,1.1303801596230607,1,1.1303801596230614
2026-08-03,2021,2021-08-29,0.17420234178513425,1,0.17420234178513455
2026-08-03,2021,2021-08-30,0.5023096595647168,1,0.5023096595647173
2026-08-03,2021,2021-08-31,-0.27844003475665713,1,-0.27844003475665696
2026-08-03,2021,2021-09-01,-0.6292962817897618,1,-0.6292962817897618
2026-08-03,2021,2021-09-02,-0.7310824112984486,1,-0.7310824112984486
2026-08-03,2021,2021-09-03,-0.7424568759252096,1,-0.7424568759252096
2026-08-03,2021,2021-09-04,-0.7424568759252096,1,-0.7424568759252096
2026-08-03,2021,2021-09-05,-0.9574035995693444,1,-0.9574035995693445
2026-08-03,2021,2021-09-06,-0.7706010114260312,1,-0.7706010114260312
2026-08-03,2021,2021-09-07,-0.729914307034125,1,-0.729914307034125
2026-08-03,2021,2021-09-08,-0.7754121655411689,1,-0.7754121655411689
2026-08-03,2021,2021-09-09,-0.7981610947946909,1,-0.7981610947946909
2026-08-03,2021,2021-09-10,-0.6616675192735592,1,-0.6616675192735592
2026-08-03,2021,2021-09-11,-0.6844164485270812,1,-0.6844164485270812
2026-08-03,2021,2021-09-12,-0.7754121655411689,1,-0.7754121655411689
2026-08-03,2021,2021-09-13,-0.6161696607665154,1,-0.6161696607665154
2026-08-03,2021,2021-09-14,-0.7071653777806031,1,-0.7071653777806031
2026-08-03,2021,2021-09-15,-0.6844164485270812,1,-0.6844164485270812
2026-08-03,2021,2021-09-16,-0.729914307034125,1,-0.729914307034125
2026-08-03,2021,2021-09-17,-0.9574035995693444,1,-0.9574035995693445
2026-08-03,2021,2021-09-18,-0.9574035995693444,1,-0.9574035995693445
2026-08-03,2021,2021-09-19,-0.729914307034125,1,-0.729914307034125
2026-08-03,2021,2021-09-20,-0.6616675192735592,1,-0.6616675192735592
2026-08-03,2021,2021-09-21,-0.7071653777806031,1,-0.7071653777806031
2026-08-03,2021,2021-09-22,-0.6161696607665154,1,-0.6161696607665154
2026-08-03,2021,2021-09-23,-0.5479228730059494,1,-0.5479228730059494
2026-08-03,2021,2021-09-24,-0.6389185900200373,1,-0.6389185900200373
2026-08-03,2021,2021-09-25,-0.9574035995693444,1,-0.9574035995693445
2026-08-03,2021,2021-09-26,-0.9574035995693444,1,-0.9574035995693445
2026-08-03,2021,2021-09-27,-0.7981610947946909,1,-0.7981610947946909
2026-08-03,2021,2021-09-28,-0.9574035995693444,1,-0.9574035995693445
2026-08-03,2021,2021-09-29,-0.9574035995693444,1,-0.9574035995693445
2026-08-03,2021,2021-09-30,-0.9574035995693444,1,-0.9574035995693445
2026-08-03,2022,2022-05-01,-0.7168948885915327,1,-0.7168948885915327
2026-08-03,2022,2022-05-02,-0.7168948885915327,1,-0.7168948885915327
2026-08-03,2022,2022-05-03,-0.6623643762288541,1,-0.6623643762288541
2026-08-03,2022,2022-05-04,-0.6623643762288541,1,-0.6623643762288541
2026-08-03,2022,2022-05-05,-0.5533033515034969,1,-0.5533033515034969
2026-08-03,2022,2022-05-06,-0.6078338638661754,1,-0.6078338638661754
2026-08-03,2022,2022-05-07,-0.6623643762288541,1,-0.6623643762288541
2026-08-03,2022,2022-05-08,-0.6623643762288541,1,-0.6623643762288541
2026-08-03,2022,2022-05-09,-0.6078338638661754,1,-0.6078338638661754
2026-08-03,2022,2022-05-10,-0.6623643762288541,1,-0.6623643762288541
2026-08-03,2022,2022-05-11,-0.6078338638661754,1,-0.6078338638661754
2026-08-03,2022,2022-05-12,-0.6623643762288541,1,-0.6623643762288541
2026-08-03,2022,2022-05-13,-0.6623643762288541,1,-0.6623643762288541
2026-08-03,2022,2022-05-14,-0.6078338638661754,1,-0.6078338638661754
2026-08-03,2022,2022-05-15,-0.7168948885915327,1,-0.7168948885915327
2026-08-03,2022,2022-05-16,-0.6623643762288541,1,-0.6623643762288541
2026-08-03,2022,2022-05-17,-0.6078338638661754,1,-0.6078338638661754
2026-08-03,2022,2022-05-18,-0.6078338638661754,1,-0.6078338638661754
2026-08-03,2022,2022-05-19,-0.6078338638661754,1,-0.6078338638661754
2026-08-03,2022,2022-05-20,-0.5533033515034969,1,-0.5533033515034969
2026-08-03,2022,2022-05-21,-0.6623643762288541,1,-0.6623643762288541
2026-08-03,2022,2022-05-22,-0.6078338638661754,1,-0.6078338638661754
2026-08-03,2022,2022-05-23,-0.5533033515034969,1,-0.5533033515034969
2026-08-03,2022,2022-05-24,-0.4442423267781395,1,-0.44424232677813946
2026-08-03,2022,2022-05-25,-0.49877283914081816,1,-0.4987728391408181
2026-08-03,2022,2022-05-26,-0.4442423267781395,1,-0.44424232677813946
2026-08-03,2022,2022-05-27,-0.3897118144154609,1,-0.3897118144154608
2026-08-03,2022,2022-05-28,-0.22612027732742496,1,-0.22612027732742493
2026-08-03,2022,2022-05-29,0.2646543339366828,1,0.26465433393668286
2026-08-03,2022,2022-05-30,-0.007998227876710402,1,-0.007998227876710368
2026-08-03,2022,2022-05-31,-0.3897118144154609,1,-0.3897118144154608
2026-08-03,2022,2022-06-01,-0.3897118144154609,1,-0.3897118144154608
2026-08-03,2022,2022-06-02,-0.2806507896901036,1,-0.28065078969010354
2026-08-03,2022,2022-06-03,-0.3897118144154609,1,-0.3897118144154608
2026-08-03,2022,2022-06-04,-0.49877283914081816,1,-0.4987728391408181
2026-08-03,2022,2022-06-05,-0.5533033515034969,1,-0.5533033515034969
2026-08-03,2022,2022-06-06,-0.5533033515034969,1,-0.5533033515034969
2026-08-03,2022,2022-06-07,-0.6078338638661754,1,-0.6078338638661754
2026-08-03,2022,2022-06-08,-0.49877283914081816,1,-0.4987728391408181
2026-08-03,2022,2022-06-09,-0.5533033515034969,1,-0.5533033515034969
2026-08-03,2022,2022-06-10,-0.5533033515034969,1,-0.5533033515034969
2026-08-03,2022,2022-06-11,-0.6623643762288541,1,-0.6623643762288541
2026-08-03,2022,2022-06-12,-0.5533033515034969,1,-0.5533033515034969
2026-08-03,2022,2022-06-13,-0.4442423267781395,1,-0.44424232677813946
2026-08-03,2022,2022-06-14,-0.6078338638661754,1,-0.6078338638661754
2026-08-03,2022,2022-06-15,-0.5533033515034969,1,-0.5533033515034969
2026-08-03,2022,2022-06-16,-0.5533033515034969,1,-0.5533033515034969
2026-08-03,2022,2022-06-17,-0.22612027732742496,1,-0.22612027732742493
2026-08-03,2022,2022-06-18,-0.4442423267781395,1,-0.44424232677813946
2026-08-03,2022,2022-06-19,0.10106279684864689,1,0.10106279684864693
2026-08-03,2022,2022-06-20,0.2646543339366828,1,0.26465433393668286
2026-08-03,2022,2022-06-21,-0.06252874023938905,1,-0.06252874023938901
2026-08-03,2022,2022-06-22,-0.17158976496474632,1,-0.1715897649647463
2026-08-03,2022,2022-06-23,-0.11705925260206769,1,-0.11705925260206765
2026-08-03,2022,2022-06-24,0.7554289452007906,1,0.7554289452007906
2026-08-03,2022,2022-06-25,2.0096307295423994,1,2.0096307295423994
2026-08-03,2022,2022-06-26,2.227752778993114,1,2.227752778993114
2026-08-03,2022,2022-06-27,3.1547714891586507,1,3.1547714891586507
2026-08-03,2022,2022-06-28,3.59101558806008,1,3.59101558806008
2026-08-03,2022,2022-06-29,4.136320711686866,1,4.136320711686866
2026-08-03,2022,2022-06-30,4.681625835313652,1,4.681625835313652
2026-08-03,2022,2022-07-01,3.7546071251481155,1,3.7546071251481155
2026-08-03,2022,2022-07-02,2.6639968778945433,1,2.6639968778945433
2026-08-03,2022,2022-07-03,1.5733866306409703,1,1.5733866306409703
2026-08-03,2022,2022-07-04,0.9190204822888266,1,0.9190204822888266
2026-08-03,2022,2022-07-05,0.7008984328381119,1,0.7008984328381119
2026-08-03,2022,2022-07-06,0.4282458710247187,1,0.4282458710247188
2026-08-03,2022,2022-07-07,0.48277638338739737,1,0.4827763833873974
2026-08-03,2022,2022-07-08,-0.007998227876710402,1,-0.007998227876710368
2026-08-03,2022,2022-07-09,0.31918484629936145,1,0.3191848462993615
2026-08-03,2022,2022-07-10,0.5918374081127546,1,0.5918374081127546
2026-08-03,2022,2022-07-11,0.5918374081127546,1,0.5918374081127546
2026-08-03,2022,2022-07-12,0.10106279684864689,1,0.10106279684864693
2026-08-03,2022,2022-07-13,-0.06252874023938905,1,-0.06252874023938901
2026-08-03,2022,2022-07-14,-0.2806507896901036,1,-0.28065078969010354
2026-08-03,2022,2022-07-15,-0.3897118144154609,1,-0.3897118144154608
2026-08-03,2022,2022-07-16,-0.4442423267781395,1,-0.44424232677813946
2026-08-03,2022,2022-07-17,-0.007998227876710402,1,-0.007998227876710368
2026-08-03,2022,2022-07-18,0.3737153586620401,1,0.37371535866204014
2026-08-03,2022,2022-07-19,0.04653228448596824,1,0.04653228448596827
2026-08-03,2022,2022-07-20,0.2646543339366828,1,0.26465433393668286
2026-08-03,2022,2022-07-21,0.2646543339366828,1,0.26465433393668286
2026-08-03,2022,2022-07-22,0.21012382157400417,1,0.2101238215740042
2026-08-03,2022,2022-07-23,0.5918374081127546,1,0.5918374081127546
2026-08-03,2022,2022-07-24,0.7008984328381119,1,0.7008984328381119
2026-08-03,2022,2022-07-25,0.5373068957500761,1,0.5373068957500761
2026-08-03,2022,2022-07-26,-0.06252874023938905,1,-0.06252874023938901
2026-08-03,2022,2022-07-27,0.31918484629936145,1,0.3191848462993615
2026-08-03,2022,2022-07-28,0.3737153586620401,1,0.37371535866204014
2026-08-03,2022,2022-07-29,0.7008984328381119,1,0.7008984328381119
2026-08-03,2022,2022-07-30,1.1916730441022199,1,1.1916730441022199
2026-08-03,2022,2022-07-31,1.7915086800916848,1,1.7915086800916848
2026-08-03,2022,2022-08-01,2.1732222666304355,1,2.1732222666304355
2026-08-03,2022,2022-08-02,2.827588414982579,1,2.827588414982579
2026-08-03,2022,2022-08-03,1.9005697048170422,1,1.9005697048170422
2026-08-03,2022,2022-08-04,0.15559330921132553,1,0.15559330921132555
2026-08-03,2022,2022-08-05,-0.11705925260206769,1,-0.11705925260206765
2026-08-03,2022,2022-08-06,-0.06252874023938905,1,-0.06252874023938901
2026-08-03,2022,2022-08-07,0.15559330921132553,1,0.15559330921132555
2026-08-03,2022,2022-08-08,0.5918374081127546,1,0.5918374081127546
2026-08-03,2022,2022-08-09,0.8099594575634692,1,0.8099594575634692
2026-08-03,2022,2022-08-10,0.5918374081127546,1,0.5918374081127546
2026-08-03,2022,2022-08-11,0.5918374081127546,1,0.5918374081127546
2026-08-03,2022,2022-08-12,0.10106279684864689,1,0.10106279684864693
2026-08-03,2022,2022-08-13,-0.33518130205278224,1,-0.3351813020527822
2026-08-03,2022,2022-08-14,0.10106279684864689,1,0.10106279684864693
2026-08-03,2022,2022-08-15,0.2646543339366828,1,0.26465433393668286
2026-08-03,2022,2022-08-16,0.31918484629936145,1,0.3191848462993615
2026-08-03,2022,2022-08-17,-0.16677824860603954,1,-0.16677824860603951
2026-08-03,2022,2022-08-18,-0.2886699822468468,1,-0.28866998224684676
2026-08-03,2022,2022-08-19,-0.24536634004690555,1,-0.24536634004690552
2026-08-03,2022,2022-08-20,-0.2982930138580082,1,-0.29829301385800816
2026-08-03,2022,2022-08-21,-0.3287659472430679,1,-0.32876594724306785
2026-08-03,2022,2022-08-22,-0.3319736244467883,1,-0.33197362444678824
2026-08-03,2022,2022-08-23,-0.12668228360981865,1,-0.12668228360981862
2026-08-03,2022,2022-08-24,-0.2197049224171422,1,-0.21970492241714218
2026-08-03,2022,2022-08-25,-0.49716900028753697,1,-0.4971690002875369
2026-08-03,2022,2022-08-26,-0.4474500036801548,1,-0.44745000368015475
2026-08-03,2022,2022-08-27,-0.17319360301348033,1,-0.1731936030134803
2026-08-03,2022,2022-08-28,-0.5966069935023014,1,-0.5966069935023014
2026-08-03,2022,2022-08-29,-0.5500956740986397,1,-0.5500956740986397
2026-08-03,2022,2022-08-30,-0.6062300251134627,1,-0.6062300251134627
2026-08-03,2022,2022-08-31,-0.5035843546949778,1,-0.5035843546949778
2026-08-03,2022,2022-09-01,-0.5067920318986983,1,-0.5067920318986983
2026-08-03,2022,2022-09-02,-0.6623643761282858,1,-0.6623643761282858
2026-08-03,2022,2022-09-03,-0.6158530567246239,1,-0.6158530567246239
2026-08-03,2022,2022-09-04,-0.5436803196911988,1,-0.5436803196911988
2026-08-03,2022,2022-09-05,-0.4506576808838752,1,-0.45065768088387514
2026-08-03,2022,2022-09-06,-0.38490029825789085,1,-0.3849002982578908
2026-08-03,2022,2022-09-07,-0.12988996021012872,1,-0.1298899602101287
2026-08-03,2022,2022-09-08,-0.3480120100631168,1,-0.3480120100631167
2026-08-03,2022,2022-09-09,-0.5533033511012233,1,-0.5533033511012233
2026-08-03,2022,2022-09-10,-0.4249962629524067,1,-0.42499626295240667
2026-08-03,2022,2022-09-11,-0.598210831953309,1,-0.598210831953309
2026-08-03,2022,2022-09-12,-0.52764193347146,1,-0.52764193347146
2026-08-03,2022,2022-09-13,-0.5148112246565782,1,-0.5148112246565782
2026-08-03,2022,2022-09-14,-0.5404726422863416,1,-0.5404726422863416
2026-08-03,2022,2022-09-15,-0.6431183128053949,1,-0.6431183128053949
2026-08-03,2022,2022-09-16,-0.636702958397954,1,-0.636702958397954
2026-08-03,2022,2022-09-17,-0.5789647687309866,1,-0.5789647687309866
2026-08-03,2022,2022-09-18,-0.6880257936574806,1,-0.6880257936574806
2026-08-03,2022,2022-09-19,-0.7072718568798031,1,-0.7072718568798031
2026-08-03,2022,2022-09-20,-0.7136872112872439,1,-0.7136872112872439
2026-08-03,2022,2022-09-21,-0.7008565024723622,1,-0.7008565024723622
2026-08-03,2022,2022-09-22,-0.7714254009542114,1,-0.7714254009542114
2026-08-03,2022,2022-09-23,-0.7714254009542114,1,-0.7714254009542114
2026-08-03,2022,2022-09-24,-0.7714254009542114,1,-0.7714254009542114
2026-08-03,2022,2022-09-25,-0.6816104392500398,1,-0.6816104392500398
2026-08-03,2022,2022-09-26,-0.6302876039905132,1,-0.6302876039905132
2026-08-03,2022,2022-09-27,-0.6816104392500398,1,-0.6816104392500398
2026-08-03,2022,2022-09-28,-0.7008565024723622,1,-0.7008565024723622
2026-08-03,2022,2022-09-29,-0.6816104392500398,1,-0.6816104392500398
2026-08-03,2022,2022-09-30,-0.6431183128053949,1,-0.6431183128053949
2026-08-03,2023,2023-05-01,-0.8844233169333563,1,-0.8844233169333563
2026-08-03,2023,2023-05-02,-0.8844233169333563,1,-0.8844233169333563
2026-08-03,2023,2023-05-03,-0.8844233169333563,1,-0.8844233169333563
2026-08-03,2023,2023-05-04,-0.7223230146119354,1,-0.7223230146119354
2026-08-03,2023,2023-05-05,-0.7547430750762195,1,-0.7547430750762195
2026-08-03,2023,2023-05-06,-0.7547430750762195,1,-0.7547430750762195
2026-08-03,2023,2023-05-07,-0.8195831960047879,1,-0.8195831960047879
2026-08-03,2023,2023-05-08,-0.9492634378619246,1,-0.9492634378619246
2026-08-03,2023,2023-05-09,-0.852003256469072,1,-0.852003256469072
2026-08-03,2023,2023-05-10,-0.852003256469072,1,-0.852003256469072
2026-08-03,2023,2023-05-11,-0.852003256469072,1,-0.852003256469072
2026-08-03,2023,2023-05-12,-0.9168433773976404,1,-0.9168433773976404
2026-08-03,2023,2023-05-13,-0.9492634378619246,1,-0.9492634378619246
2026-08-03,2023,2023-05-14,-0.9492634378619246,1,-0.9492634378619246
2026-08-03,2023,2023-05-15,-0.852003256469072,1,-0.852003256469072
2026-08-03,2023,2023-05-16,-0.6250628332190828,1,-0.6250628332190828
2026-08-03,2023,2023-05-17,0.2178587388523057,1,0.21785873885230572
2026-08-03,2023,2023-05-18,0.023338376066600646,1,0.023338376066600667
2026-08-03,2023,2023-05-19,-0.6574828936833671,1,-0.6574828936833671
2026-08-03,2023,2023-05-20,-0.852003256469072,1,-0.852003256469072
2026-08-03,2023,2023-05-21,-0.6250628332190828,1,-0.6250628332190828
2026-08-03,2023,2023-05-22,-0.5926427727547987,1,-0.5926427727547987
2026-08-03,2023,2023-05-23,-0.852003256469072,1,-0.852003256469072
2026-08-03,2023,2023-05-24,-0.7871631355405038,1,-0.7871631355405038
2026-08-03,2023,2023-05-25,-0.7547430750762195,1,-0.7547430750762195
2026-08-03,2023,2023-05-26,-0.852003256469072,1,-0.852003256469072
2026-08-03,2023,2023-05-27,-0.6899029541476512,1,-0.6899029541476512
2026-08-03,2023,2023-05-28,-0.7871631355405038,1,-0.7871631355405038
2026-08-03,2023,2023-05-29,-0.7547430750762195,1,-0.7547430750762195
2026-08-03,2023,2023-05-30,-0.7223230146119354,1,-0.7223230146119354
2026-08-03,2023,2023-05-31,-0.852003256469072,1,-0.852003256469072
2026-08-03,2023,2023-06-01,-0.7223230146119354,1,-0.7223230146119354
2026-08-03,2023,2023-06-02,-0.8195831960047879,1,-0.8195831960047879
2026-08-03,2023,2023-06-03,-0.852003256469072,1,-0.852003256469072
2026-08-03,2023,2023-06-04,-0.6899029541476512,1,-0.6899029541476512
2026-08-03,2023,2023-06-05,-0.39812240996909365,1,-0.39812240996909365
2026-08-03,2023,2023-06-06,-0.6574828936833671,1,-0.6574828936833671
2026-08-03,2023,2023-06-07,-0.4305424704333778,1,-0.4305424704333778
2026-08-03,2023,2023-06-08,-0.6250628332190828,1,-0.6250628332190828
2026-08-03,2023,2023-06-09,-0.7871631355405038,1,-0.7871631355405038
2026-08-03,2023,2023-06-10,-0.7871631355405038,1,-0.7871631355405038
2026-08-03,2023,2023-06-11,-0.8195831960047879,1,-0.8195831960047879
2026-08-03,2023,2023-06-12,-0.7547430750762195,1,-0.7547430750762195
2026-08-03,2023,2023-06-13,-0.5278026518262303,1,-0.5278026518262303
2026-08-03,2023,2023-06-14,-0.6574828936833671,1,-0.6574828936833671
2026-08-03,2023,2023-06-15,-0.6899029541476512,1,-0.6899029541476512
2026-08-03,2023,2023-06-16,-0.4305424704333778,1,-0.4305424704333778
2026-08-03,2023,2023-06-17,-0.07392180532625188,1,-0.07392180532625187
2026-08-03,2023,2023-06-18,0.31511892024515825,1,0.31511892024515825
2026-08-03,2023,2023-06-19,-0.23602210764767276,1,-0.23602210764767273
2026-08-03,2023,2023-06-20,-0.462962530897662,1,-0.462962530897662
2026-08-03,2023,2023-06-21,-0.6250628332190828,1,-0.6250628332190828
2026-08-03,2023,2023-06-22,-0.7547430750762195,1,-0.7547430750762195
2026-08-03,2023,2023-06-23,-0.8195831960047879,1,-0.8195831960047879
2026-08-03,2023,2023-06-24,-0.6134452001337646,1,-0.6134452001337646
2026-08-03,2023,2023-06-25,-0.26647650732209166,1,-0.26647650732209166
2026-08-03,2023,2023-06-26,-0.19657681124489407,1,-0.19657681124489404
2026-08-03,2023,2023-06-27,-0.37132605143788794,1,-0.37132605143788794
2026-08-03,2023,2023-06-28,-0.005617540819758213,1,-0.0056175408197581935
2026-08-03,2023,2023-06-29,0.3251411217597726,1,0.3251411217597726
2026-08-03,2023,2023-06-30,-0.33637620339928914,1,-0.33637620339928914
2026-08-03,2023,2023-07-01,-0.5622853218630238,1,-0.5622853218630238
2026-08-03,2023,2023-07-02,0.029332307218840586,1,0.029332307218840607
2026-08-03,2023,2023-07-03,0.18534172960537765,1,0.18534172960537768
2026-08-03,2023,2023-07-04,-0.11046708493555449,1,-0.11046708493555447
2026-08-03,2023,2023-07-05,-0.37132605143788794,1,-0.37132605143788794
2026-08-03,2023,2023-07-06,-0.04056738885835701,1,-0.04056738885835699
2026-08-03,2023,2023-07-07,0.22029157764397655,1,0.22029157764397658
2026-08-03,2023,2023-07-08,-0.16162696320629538,1,-0.16162696320629535
2026-08-03,2023,2023-07-09,0.5323104224170506,1,0.5323104224170506
2026-08-03,2023,2023-07-10,2.0275645253538532,1,2.0275645253538532
2026-08-03,2023,2023-07-11,2.218523795778989,1,2.218523795778989
2026-08-03,2023,2023-07-12,1.7317557108129213,1,1.7317557108129213
2026-08-03,2023,2023-07-13,0.4112508480691123,1,0.4112508480691123
2026-08-03,2023,2023-07-14,0.1503918815667787,1,0.15039188156677874
2026-08-03,2023,2023-07-15,0.6350004081776939,1,0.6350004081776939
2026-08-03,2023,2023-07-16,2.2841043751458807,1,2.2841043751458807
2026-08-03,2023,2023-07-17,2.696380366887927,1,2.696380366887927
2026-08-03,2023,2023-07-18,2.6589007312750144,1,2.6589007312750144
2026-08-03,2023,2023-07-19,1.3096338492101338,1,1.3096338492101338
2026-08-03,2023,2023-07-20,0.447602230113127,1,0.447602230113127
2026-08-03,2023,2023-07-21,0.14776514520982031,1,0.14776514520982034
2026-08-03,2023,2023-07-22,0.07280587398399371,1,0.07280587398399373
2026-08-03,2023,2023-07-23,0.6350004081776939,1,0.6350004081776939
2026-08-03,2023,2023-07-24,0.8598782218551737,1,0.8598782218551737
2026-08-03,2023,2023-07-25,1.009796764306827,1,1.009796764306827
2026-08-03,2023,2023-07-26,1.2721542135972206,1,1.2721542135972206
2026-08-03,2023,2023-07-27,1.3096338492101338,1,1.3096338492101338
2026-08-03,2023,2023-07-28,1.1597153067584804,1,1.1597153067584804
2026-08-03,2023,2023-07-29,1.5719912985005275,1,1.5719912985005275
2026-08-03,2023,2023-07-30,2.434022917597534,1,2.434022917597534
2026-08-03,2023,2023-07-31,1.909308019016747,1,1.909308019016747
2026-08-03,2023,2023-08-01,0.5975207725647804,1,0.5975207725647804
2026-08-03,2023,2023-08-02,2.3965432819846204,1,2.3965432819846204
2026-08-03,2023,2023-08-03,2.2841043751458807,1,2.2841043751458807
2026-08-03,2023,2023-08-04,2.5464618244362742,1,2.5464618244362742
2026-08-03,2023,2023-08-05,2.5089821888233605,1,2.5089821888233605
2026-08-03,2023,2023-08-06,2.7338600025008404,1,2.7338600025008404
2026-08-03,2023,2023-08-07,1.8718283834038338,1,1.8718283834038338
2026-08-03,2023,2023-08-08,0.7099596794035204,1,0.7099596794035204
2026-08-03,2023,2023-08-09,0.03532623837108052,1,0.035326238371080544
2026-08-03,2023,2023-08-10,0.07280587398399371,1,0.07280587398399373
2026-08-03,2023,2023-08-11,-0.03963303285474632,1,-0.0396330328547463
2026-08-03,2023,2023-08-12,0.3726429588873004,1,0.3726429588873004
2026-08-03,2023,2023-08-13,0.447602230113127,1,0.447602230113127
2026-08-03,2023,2023-08-14,-0.15207193969348623,1,-0.1520719396934862
2026-08-03,2023,2023-08-15,-0.2645108465322263,1,-0.2645108465322263
2026-08-03,2023,2023-08-16,-0.22703121091931297,1,-0.22703121091931294
2026-08-03,2023,2023-08-17,1.26910770400669,1,1.26910770400669
2026-08-03,2023,2023-08-18,1.5656082663073425,1,1.5656082663073425
2026-08-03,2023,2023-08-19,2.24494969980456,1,2.24494969980456
2026-08-03,2023,2023-08-20,2.034789446399821,1,2.034789446399821
2026-08-03,2023,2023-08-21,1.6869752841040453,1,1.6869752841040453
2026-08-03,2023,2023-08-22,0.8162134150085447,1,0.8162134150085447
2026-08-03,2023,2023-08-23,1.0939741595027408,1,1.0939741595027408
2026-08-03,2023,2023-08-24,0.7111332883061752,1,0.7111332883061752
2026-08-03,2023,2023-08-25,0.08310545480408017,1,0.08310545480408019
2026-08-03,2023,2023-08-26,-0.1596285807893256,1,-0.15962858078932557
2026-08-03,2023,2023-08-27,-0.1783683985957823,1,-0.17836839859578227
2026-08-03,2023,2023-08-28,-0.1596285807893256,1,-0.15962858078932557
2026-08-03,2023,2023-08-29,0.8675270150036677,1,0.8675270150036677
2026-08-03,2023,2023-08-30,0.41463272600552264,1,0.41463272600552264
2026-08-03,2023,2023-08-31,-0.1596285807893256,1,-0.15962858078932557
2026-08-03,2023,2023-09-01,-0.3347621252932752,1,-0.3347621252932752
2026-08-03,2023,2023-09-02,-0.1783683985957823,1,-0.17836839859578227
2026-08-03,2023,2023-09-03,-0.1946552896901155,1,-0.19465528969011547
2026-08-03,2023,2023-09-04,-0.3510490163876083,1,-0.3510490163876083
2026-08-03,2023,2023-09-05,-0.3347621252932752,1,-0.3347621252932752
2026-08-03,2023,2023-09-06,-0.6475495786882607,1,-0.6475495786882607
2026-08-03,2023,2023-09-07,-0.7535133012811613,1,-0.7535133012811613
2026-08-03,2023,2023-09-08,-0.8512346478471607,1,-0.8512346478471607
2026-08-03,2023,2023-09-09,-0.7535133012811613,1,-0.7535133012811613
2026-08-03,2023,2023-09-10,-0.5580706081491625,1,-0.5580706081491625
2026-08-03,2023,2023-09-11,-0.590644390337829,1,-0.590644390337829
2026-08-03,2023,2023-09-12,-0.590644390337829,1,-0.590644390337829
2026-08-03,2023,2023-09-13,-0.5580706081491625,1,-0.5580706081491625
2026-08-03,2023,2023-09-14,-0.590644390337829,1,-0.590644390337829
2026-08-03,2023,2023-09-15,-0.7209395190924949,1,-0.7209395190924949
2026-08-03,2023,2023-09-16,-0.4603492615831632,1,-0.4603492615831632
2026-08-03,2023,2023-09-17,-0.36262791501716374,1,-0.36262791501716374
2026-08-03,2023,2023-09-18,-0.3952016972058302,1,-0.3952016972058302
2026-08-03,2023,2023-09-19,-0.5254968259604961,1,-0.5254968259604961
2026-08-03,2023,2023-09-20,-0.6883657369038283,1,-0.6883657369038283
2026-08-03,2023,2023-09-21,-0.8186608656584943,1,-0.8186608656584943
2026-08-03,2023,2023-09-22,-0.8512346478471607,1,-0.8512346478471607
2026-08-03,2023,2023-09-23,-0.8838084300358271,1,-0.8838084300358271
2026-08-03,2023,2023-09-24,-0.8838084300358271,1,-0.8838084300358271
2026-08-03,2023,2023-09-25,-0.8512346478471607,1,-0.8512346478471607
2026-08-03,2023,2023-09-26,-0.8512346478471607,1,-0.8512346478471607
2026-08-03,2023,2023-09-27,-0.8186608656584943,1,-0.8186608656584943
2026-08-03,2023,2023-09-28,-0.7860870834698277,1,-0.7860870834698277
2026-08-03,2023,2023-09-29,-0.8512346478471607,1,-0.8512346478471607
2026-08-03,2023,2023-09-30,-0.8512346478471607,1,-0.8512346478471607
2026-08-03,2024,2024-05-01,-0.7781843870732931,1,-0.7781843870732937
2026-08-03,2024,2024-05-02,-0.7372626029398726,1,-0.7372626029398732
2026-08-03,2024,2024-05-03,-0.7781843870732931,1,-0.7781843870732937
2026-08-03,2024,2024-05-04,-0.6144972505396111,1,-0.6144972505396118
2026-08-03,2024,2024-05-05,-0.6144972505396111,1,-0.6144972505396118
2026-08-03,2024,2024-05-06,-0.7781843870732931,1,-0.7781843870732937
2026-08-03,2024,2024-05-07,-0.7372626029398726,1,-0.7372626029398732
2026-08-03,2024,2024-05-08,-0.7372626029398726,1,-0.7372626029398732
2026-08-03,2024,2024-05-09,-0.7781843870732931,1,-0.7781843870732937
2026-08-03,2024,2024-05-10,-0.7372626029398726,1,-0.7372626029398732
2026-08-03,2024,2024-05-11,-0.7372626029398726,1,-0.7372626029398732
2026-08-03,2024,2024-05-12,-0.8191061712067136,1,-0.8191061712067143
2026-08-03,2024,2024-05-13,-0.6963408188064522,1,-0.6963408188064528
2026-08-03,2024,2024-05-14,-0.7372626029398726,1,-0.7372626029398732
2026-08-03,2024,2024-05-15,-0.6963408188064522,1,-0.6963408188064528
2026-08-03,2024,2024-05-16,-0.7372626029398726,1,-0.7372626029398732
2026-08-03,2024,2024-05-17,-0.6554190346730316,1,-0.6554190346730323
2026-08-03,2024,2024-05-18,-0.6144972505396111,1,-0.6144972505396118
2026-08-03,2024,2024-05-19,-0.7372626029398726,1,-0.7372626029398732
2026-08-03,2024,2024-05-20,-0.6963408188064522,1,-0.6963408188064528
2026-08-03,2024,2024-05-21,-0.6554190346730316,1,-0.6554190346730323
2026-08-03,2024,2024-05-22,-0.6963408188064522,1,-0.6963408188064528
2026-08-03,2024,2024-05-23,-0.6554190346730316,1,-0.6554190346730323
2026-08-03,2024,2024-05-24,-0.6554190346730316,1,-0.6554190346730323
2026-08-03,2024,2024-05-25,-0.7372626029398726,1,-0.7372626029398732
2026-08-03,2024,2024-05-26,-0.6963408188064522,1,-0.6963408188064528
2026-08-03,2024,2024-05-27,-0.7372626029398726,1,-0.7372626029398732
2026-08-03,2024,2024-05-28,-0.6963408188064522,1,-0.6963408188064528
2026-08-03,2024,2024-05-29,-0.6554190346730316,1,-0.6554190346730323
2026-08-03,2024,2024-05-30,-0.6963408188064522,1,-0.6963408188064528
2026-08-03,2024,2024-05-31,-0.7372626029398726,1,-0.7372626029398732
2026-08-03,2024,2024-06-01,-0.7781843870732931,1,-0.7781843870732937
2026-08-03,2024,2024-06-02,-0.7781843870732931,1,-0.7781843870732937
2026-08-03,2024,2024-06-03,-0.6963408188064522,1,-0.6963408188064528
2026-08-03,2024,2024-06-04,-0.6963408188064522,1,-0.6963408188064528
2026-08-03,2024,2024-06-05,-0.6963408188064522,1,-0.6963408188064528
2026-08-03,2024,2024-06-06,-0.6963408188064522,1,-0.6963408188064528
2026-08-03,2024,2024-06-07,-0.6963408188064522,1,-0.6963408188064528
2026-08-03,2024,2024-06-08,-0.6554190346730316,1,-0.6554190346730323
2026-08-03,2024,2024-06-09,-0.7372626029398726,1,-0.7372626029398732
2026-08-03,2024,2024-06-10,-0.6554190346730316,1,-0.6554190346730323
2026-08-03,2024,2024-06-11,-0.5326536822727702,1,-0.5326536822727709
2026-08-03,2024,2024-06-12,-0.4917318981393497,1,-0.4917318981393503
2026-08-03,2024,2024-06-13,-0.5326536822727702,1,-0.5326536822727709
2026-08-03,2024,2024-06-14,-0.36896654573908827,1,-0.3689665457390888
2026-08-03,2024,2024-06-15,-0.4508101140059292,1,-0.4508101140059298
2026-08-03,2024,2024-06-16,-0.40988832987250873,1,-0.4098883298725093
2026-08-03,2024,2024-06-17,-0.40988832987250873,1,-0.4098883298725093
2026-08-03,2024,2024-06-18,-0.5735754664061906,1,-0.5735754664061913
2026-08-03,2024,2024-06-19,-0.4508101140059292,1,-0.4508101140059298
2026-08-03,2024,2024-06-20,-0.4917318981393497,1,-0.4917318981393503
2026-08-03,2024,2024-06-21,-0.6963408188064522,1,-0.6963408188064528
2026-08-03,2024,2024-06-22,-0.6554190346730316,1,-0.6554190346730323
2026-08-03,2024,2024-06-23,-0.6144972505396111,1,-0.6144972505396118
2026-08-03,2024,2024-06-24,-0.16435762507198584,1,-0.1643576250719863
2026-08-03,2024,2024-06-25,-0.2052794092054063,1,-0.20527940920540677
2026-08-03,2024,2024-06-26,-0.32804476160566776,1,-0.3280447616056683
2026-08-03,2024,2024-06-27,-0.4508101140059292,1,-0.4508101140059298
2026-08-03,2024,2024-06-28,2.209105854666402,1,2.2091058546664026
2026-08-03,2024,2024-06-29,0.12209486386195754,1,0.12209486386195717
2026-08-03,2024,2024-06-30,-0.5735754664061906,1,-0.5735754664061913
2026-08-03,2024,2024-07-01,1.3497483878645722,1,1.3497483878645722
2026-08-03,2024,2024-07-02,1.4315919561314132,1,1.4315919561314132
2026-08-03,2024,2024-07-03,1.2679048195977312,1,1.2679048195977312
2026-08-03,2024,2024-07-04,2.1272622863995614,1,2.127262286399562
2026-08-03,2024,2024-07-05,2.0044969339992997,1,2.0044969339993
2026-08-03,2024,2024-07-06,2.8229326166677096,1,2.82293261666771
2026-08-03,2024,2024-07-07,3.2321504580019145,1,3.232150458001915
2026-08-03,2024,2024-07-08,3.0684633214682324,1,3.068463321468233
2026-08-03,2024,2024-07-09,1.5543573085316746,1,1.5543573085316746
2026-08-03,2024,2024-07-10,0.40854735279590093,1,0.4085473527959006
2026-08-03,2024,2024-07-11,-0.041592272671724384,1,-0.041592272671724814
2026-08-03,2024,2024-07-12,-0.40988832987250873,1,-0.4098883298725093
2026-08-03,2024,2024-07-13,-0.32804476160566776,1,-0.3280447616056683
2026-08-03,2024,2024-07-14,1.7180444450653565,1,1.7180444450653567
2026-08-03,2024,2024-07-15,1.1451394671974695,1,1.1451394671974695
2026-08-03,2024,2024-07-16,-0.041592272671724384,1,-0.041592272671724814
2026-08-03,2024,2024-07-17,-0.24620119333882678,1,-0.24620119333882728
2026-08-03,2024,2024-07-18,-6.704885383039003e-4,1,-6.704885383043199e-4
2026-08-03,2024,2024-07-19,1.104217683064049,1,1.104217683064049
2026-08-03,2024,2024-07-20,1.1860612513308901,1,1.1860612513308901
2026-08-03,2024,2024-07-21,2.1272622863995614,1,2.127262286399562
2026-08-03,2024,2024-07-22,2.700167264267448,1,2.7001672642674484
2026-08-03,2024,2024-07-23,1.2679048195977312,1,1.2679048195977312
2026-08-03,2024,2024-07-24,0.3676255686624804,1,0.3676255686624801
2026-08-03,2024,2024-07-25,1.2269830354643105,1,1.2269830354643105
2026-08-03,2024,2024-07-26,1.3088266037311516,1,1.3088266037311516
2026-08-03,2024,2024-07-27,1.8817315815990385,1,1.8817315815990387
2026-08-03,2024,2024-07-28,2.168184070532982,1,2.1681840705329822
2026-08-03,2024,2024-07-29,2.2909494229332434,1,2.290949422933244
2026-08-03,2024,2024-07-30,1.595279092665095,1,1.595279092665095
2026-08-03,2024,2024-07-31,0.4903909210627419,1,0.4903909210627416
2026-08-03,2024,2024-08-01,1.022374114797208,1,1.022374114797208
2026-08-03,2024,2024-08-02,1.1860612513308901,1,1.1860612513308901
2026-08-03,2024,2024-08-03,0.8586869782635262,1,0.8586869782635261
2026-08-03,2024,2024-08-04,2.168184070532982,1,2.1681840705329822
2026-08-03,2024,2024-08-05,1.2679048195977312,1,1.2679048195977312
2026-08-03,2024,2024-08-06,0.32670378452905996,1,0.3267037845290596
2026-08-03,2024,2024-08-07,-0.08251405680514487,1,-0.08251405680514531
2026-08-03,2024,2024-08-08,0.7768434099966852,1,0.776843409996685
2026-08-03,2024,2024-08-09,0.9814523306637877,1,0.9814523306637876
2026-08-03,2024,2024-08-10,1.1451394671974695,1,1.1451394671974695
2026-08-03,2024,2024-08-11,1.677122660931936,1,1.6771226609319363
2026-08-03,2024,2024-08-12,1.513435524398254,1,1.513435524398254
2026-08-03,2024,2024-08-13,0.7768434099966852,1,0.776843409996685
2026-08-03,2024,2024-08-14,0.04025129559511658,1,0.04025129559511618
2026-08-03,2024,2024-08-15,-0.32804476160566776,1,-0.3280447616056683
2026-08-03,2024,2024-08-16,-0.4917318981393497,1,-0.4917318981393503
2026-08-03,2024,2024-08-17,0.7768434099872569,1,0.77684340998725665
2026-08-03,2024,2024-08-18,1.0546070269461156,1,1.0546070269461156
2026-08-03,2024,2024-08-19,1.386465879094657,1,1.386465879094657
2026-08-03,2024,2024-08-20,-0.004314209048242531,1,-0.0043142090482429524
2026-08-03,2024,2024-08-21,-0.3790568486788083,1,-0.37905684867880884
2026-08-03,2024,2024-08-22,-0.4424015282275434,1,-0.442401528227544
2026-08-03,2024,2024-08-23,-0.4424015282275434,1,-0.442401528227544
2026-08-03,2024,2024-08-24,-0.23919403852507673,1,-0.23919403852507723
2026-08-03,2024,2024-08-25,-0.2075216987507092,1,-0.20752169875070967
2026-08-03,2024,2024-08-26,-0.4424015282275434,1,-0.442401528227544
2026-08-03,2024,2024-08-27,-0.6139366781556426,1,-0.6139366781556432
2026-08-03,2024,2024-08-28,-0.64560901793001,1,-0.6456090179300107
2026-08-03,2024,2024-08-29,-0.6884928054120347,1,-0.6884928054120354
2026-08-03,2024,2024-08-30,-0.7742603803760845,1,-0.7742603803760851
2026-08-03,2024,2024-08-31,-0.6997042531196921,1,-0.6997042531196928
2026-08-03,2024,2024-09-01,-0.6027252304479853,1,-0.602725230447986
2026-08-03,2024,2024-09-02,-0.6251481258632998,1,-0.6251481258633005
2026-08-03,2024,2024-09-03,-0.7313765928940597,1,-0.7313765928940603
2026-08-03,2024,2024-09-04,-0.6997042531196921,1,-0.6997042531196928
2026-08-03,2024,2024-09-05,-0.6568204656376674,1,-0.656820465637668
2026-08-03,2024,2024-09-06,-0.582264338381275,1,-0.5822643383812757
2026-08-03,2024,2024-09-07,-0.5012616286951012,1,-0.5012616286951018
2026-08-03,2024,2024-09-08,-0.14249530205006838,1,-0.14249530205006886
2026-08-03,2024,2024-09-09,-0.5685303149410448,1,-0.5685303149410454
2026-08-03,2024,2024-09-10,-0.5461074195257304,1,-0.546107419525731
2026-08-03,2024,2024-09-11,-0.47883873327978665,1,-0.47883873327978727
2026-08-03,2024,2024-09-12,-0.45641583786447215,1,-0.45641583786447276
2026-08-03,2024,2024-09-13,0.4853457695787391,1,0.4853457695787388
2026-08-03,2024,2024-09-14,-0.12007240663475377,1,-0.12007240663475423
2026-08-03,2024,2024-09-15,-0.47883873327978665,1,-0.47883873327978727
2026-08-03,2024,2024-09-16,-0.7030676874329322,1,-0.7030676874329329
2026-08-03,2024,2024-09-17,-0.5461074195257304,1,-0.546107419525731
2026-08-03,2024,2024-09-18,-0.5461074195257304,1,-0.546107419525731
2026-08-03,2024,2024-09-19,0.5526144558246826,1,0.5526144558246824
2026-08-03,2024,2024-09-20,-0.29945556995727024,1,-0.2994555699572708
2026-08-03,2024,2024-09-21,-0.6806447920176176,1,-0.6806447920176183
2026-08-03,2024,2024-09-22,-0.7479134782635612,1,-0.7479134782635619
2026-08-03,2024,2024-09-23,-0.7703363736788759,1,-0.7703363736788765
2026-08-03,2024,2024-09-24,-0.7927592690941904,1,-0.792759269094191
2026-08-03,2024,2024-09-25,-0.7927592690941904,1,-0.792759269094191
2026-08-03,2024,2024-09-26,-0.7927592690941904,1,-0.792759269094191
2026-08-03,2024,2024-09-27,-0.815182164509505,1,-0.8151821645095056
2026-08-03,2024,2024-09-28,-0.815182164509505,1,-0.8151821645095056
2026-08-03,2024,2024-09-29,-0.815182164509505,1,-0.8151821645095056
2026-08-03,2024,2024-09-30,-0.7927592690941904,1,-0.792759269094191
2026-08-03,2025,2025-05-01,-0.8551498774185302,1,-0.855149877418531
2026-08-03,2025,2025-05-02,-0.9722228168995647,1,-0.9722228168995655
2026-08-03,2025,2025-05-03,-0.9722228168995647,1,-0.9722228168995655
2026-08-03,2025,2025-05-04,-1.0112471300599095,1,-1.0112471300599102
2026-08-03,2025,2025-05-05,-0.9331985037392199,1,-0.9331985037392206
2026-08-03,2025,2025-05-06,-0.9722228168995647,1,-0.9722228168995655
2026-08-03,2025,2025-05-07,-0.8551498774185302,1,-0.855149877418531
2026-08-03,2025,2025-05-08,-0.8161255642581854,1,-0.8161255642581862
2026-08-03,2025,2025-05-09,-0.8551498774185302,1,-0.855149877418531
2026-08-03,2025,2025-05-10,-0.9722228168995647,1,-0.9722228168995655
2026-08-03,2025,2025-05-11,-0.9331985037392199,1,-0.9331985037392206
2026-08-03,2025,2025-05-12,-0.8551498774185302,1,-0.855149877418531
2026-08-03,2025,2025-05-13,-0.6990526247771509,1,-0.6990526247771516
2026-08-03,2025,2025-05-14,-0.6600283116168061,1,-0.6600283116168068
2026-08-03,2025,2025-05-15,-0.6990526247771509,1,-0.6990526247771516
2026-08-03,2025,2025-05-16,-0.7380769379374957,1,-0.7380769379374964
2026-08-03,2025,2025-05-17,-0.894174190578875,1,-0.8941741905788758
2026-08-03,2025,2025-05-18,-0.8161255642581854,1,-0.8161255642581862
2026-08-03,2025,2025-05-19,-0.6600283116168061,1,-0.6600283116168068
2026-08-03,2025,2025-05-20,-0.3088094931737027,1,-0.3088094931737033
2026-08-03,2025,2025-05-21,-0.3088094931737027,1,-0.3088094931737033
2026-08-03,2025,2025-05-22,-0.5039310589754268,1,-0.5039310589754274
2026-08-03,2025,2025-05-23,-0.6600283116168061,1,-0.6600283116168068
2026-08-03,2025,2025-05-24,-0.9722228168995647,1,-0.9722228168995655
2026-08-03,2025,2025-05-25,-0.9331985037392199,1,-0.9331985037392206
2026-08-03,2025,2025-05-26,-0.6600283116168061,1,-0.6600283116168068
2026-08-03,2025,2025-05-27,-0.6990526247771509,1,-0.6990526247771516
2026-08-03,2025,2025-05-28,-0.5819796852961164,1,-0.5819796852961171
2026-08-03,2025,2025-05-29,-0.6600283116168061,1,-0.6600283116168068
2026-08-03,2025,2025-05-30,-0.6990526247771509,1,-0.6990526247771516
2026-08-03,2025,2025-05-31,-0.9331985037392199,1,-0.9331985037392206
2026-08-03,2025,2025-06-01,-0.7771012510978406,1,-0.7771012510978413
2026-08-03,2025,2025-06-02,-0.46490674581508196,1,-0.4649067458150826
2026-08-03,2025,2025-06-03,-0.5429553721357716,1,-0.5429553721357723
2026-08-03,2025,2025-06-04,-0.46490674581508196,1,-0.4649067458150826
2026-08-03,2025,2025-06-05,-0.46490674581508196,1,-0.4649067458150826
2026-08-03,2025,2025-06-06,-0.5039310589754268,1,-0.5039310589754274
2026-08-03,2025,2025-06-07,-0.6990526247771509,1,-0.6990526247771516
2026-08-03,2025,2025-06-08,-0.7380769379374957,1,-0.7380769379374964
2026-08-03,2025,2025-06-09,-0.5819796852961164,1,-0.5819796852961171
2026-08-03,2025,2025-06-10,-0.6600283116168061,1,-0.6600283116168068
2026-08-03,2025,2025-06-11,-0.7380769379374957,1,-0.7380769379374964
2026-08-03,2025,2025-06-12,-0.6600283116168061,1,-0.6600283116168068
2026-08-03,2025,2025-06-13,-0.6990526247771509,1,-0.6990526247771516
2026-08-03,2025,2025-06-14,-0.894174190578875,1,-0.8941741905788758
2026-08-03,2025,2025-06-15,-0.5039310589754268,1,-0.5039310589754274
2026-08-03,2025,2025-06-16,0.2765552042314696,1,0.2765552042314691
2026-08-03,2025,2025-06-17,1.0180171542780212,1,1.018017154278021
2026-08-03,2025,2025-06-18,0.9399685279573315,1,0.9399685279573312
2026-08-03,2025,2025-06-19,0.5497253963538834,1,0.549725396353883
2026-08-03,2025,2025-06-20,0.04240932526940069,1,0.04240932526940016
2026-08-03,2025,2025-06-21,-0.19173655369266823,1,-0.19173655369266882
2026-08-03,2025,2025-06-22,0.003385012109055865,1,0.0033850121090553305
2026-08-03,2025,2025-06-23,-0.1136879273719786,1,-0.11368792737197916
2026-08-03,2025,2025-06-24,-0.38685811949439236,1,-0.386858119494393
2026-08-03,2025,2025-06-25,-0.38685811949439236,1,-0.386858119494393
2026-08-03,2025,2025-06-26,-0.3088094931737027,1,-0.3088094931737033
2026-08-03,2025,2025-06-27,-0.2697851800133579,1,-0.2697851800133585
2026-08-03,2025,2025-06-28,-0.19173655369266823,1,-0.19173655369266882
2026-08-03,2025,2025-06-29,0.003385012109055865,1,0.0033850121090553305
2026-08-03,2025,2025-06-30,0.19850657791077997,1,0.1985065779107795
2026-08-03,2025,2025-07-01,0.15948226475043514,1,0.15948226475043464
2026-08-03,2025,2025-07-02,0.12045795159009033,1,0.12045795159008982
2026-08-03,2025,2025-07-03,0.003385012109055865,1,0.0033850121090553305
2026-08-03,2025,2025-07-04,0.0814336384297455,1,0.08143363842974498
2026-08-03,2025,2025-07-05,2.110697922767676,1,2.110697922767676
2026-08-03,2025,2025-07-06,2.4228924280504347,1,2.4228924280504347
2026-08-03,2025,2025-07-07,2.852159872814228,1,2.852159872814228
2026-08-03,2025,2025-07-08,2.7350869333331937,1,2.7350869333331937
2026-08-03,2025,2025-07-09,2.3058194885694,1,2.3058194885694
2026-08-03,2025,2025-07-10,0.9009442147969867,1,0.9009442147969864
2026-08-03,2025,2025-07-11,-0.2697851800133579,1,-0.2697851800133585
2026-08-03,2025,2025-07-12,-0.6210039984564613,1,-0.6210039984564619
2026-08-03,2025,2025-07-13,-0.4258824326547372,1,-0.42588243265473785
2026-08-03,2025,2025-07-14,-0.38685811949439236,1,-0.386858119494393
2026-08-03,2025,2025-07-15,-0.46490674581508196,1,-0.4649067458150826
2026-08-03,2025,2025-07-16,-0.5819796852961164,1,-0.5819796852961171
2026-08-03,2025,2025-07-17,-0.38685811949439236,1,-0.386858119494393
2026-08-03,2025,2025-07-18,-0.38685811949439236,1,-0.386858119494393
2026-08-03,2025,2025-07-19,-0.38685811949439236,1,-0.386858119494393
2026-08-03,2025,2025-07-20,0.9789928411176764,1,0.978992841117676
2026-08-03,2025,2025-07-21,1.7594791043245728,1,1.7594791043245728
2026-08-03,2025,2025-07-22,2.0716736096073314,1,2.0716736096073314
2026-08-03,2025,2025-07-23,1.8375277306452624,1,1.8375277306452624
2026-08-03,2025,2025-07-24,1.7985034174849177,1,1.7985034174849177
2026-08-03,2025,2025-07-25,1.915576356965952,1,1.915576356965952
2026-08-03,2025,2025-07-26,0.6667983358349178,1,0.6667983358349173
2026-08-03,2025,2025-07-27,0.9399685279573315,1,0.9399685279573312
2026-08-03,2025,2025-07-28,1.720454791164228,1,1.720454791164228
2026-08-03,2025,2025-07-29,0.6667983358349178,1,0.6667983358349173
2026-08-03,2025,2025-07-30,-0.1136879273719786,1,-0.11368792737197916
2026-08-03,2025,2025-07-31,-0.2697851800133579,1,-0.2697851800133585
2026-08-03,2025,2025-08-01,-0.4258824326547372,1,-0.42588243265473785
2026-08-03,2025,2025-08-02,0.43265245687284887,1,0.4326524568728484
2026-08-03,2025,2025-08-03,1.8375277306452624,1,1.8375277306452624
2026-08-03,2025,2025-08-04,1.954600670126297,1,1.954600670126297
2026-08-03,2025,2025-08-05,2.618013993852159,1,2.618013993852159
2026-08-03,2025,2025-08-06,2.6960626201728486,1,2.6960626201728486
2026-08-03,2025,2025-08-07,0.6667983358349178,1,0.6667983358349173
2026-08-03,2025,2025-08-08,-0.1527122405323234,1,-0.15271224053232396
2026-08-03,2025,2025-08-09,-0.46490674581508196,1,-0.4649067458150826
2026-08-03,2025,2025-08-10,-0.7380769379374957,1,-0.7380769379374964
2026-08-03,2025,2025-08-11,-0.7380769379374957,1,-0.7380769379374964
2026-08-03,2025,2025-08-12,-0.6990526247771509,1,-0.6990526247771516
2026-08-03,2025,2025-08-13,-0.5819796852961164,1,-0.5819796852961171
2026-08-03,2025,2025-08-14,-0.6210039984564613,1,-0.6210039984564619
2026-08-03,2025,2025-08-15,-0.5429553721357716,1,-0.5429553721357723
2026-08-03,2025,2025-08-16,0.5497253963538834,1,0.549725396353883
2026-08-03,2025,2025-08-17,1.33612849567348,1,1.3361284956734798
2026-08-03,2025,2025-08-18,1.641745546752761,1,1.641745546752761
2026-08-03,2025,2025-08-19,1.2699187646153347,1,1.2699187646153345
2026-08-03,2025,2025-08-20,1.4957333756875708,1,1.4957333756875706
2026-08-03,2025,2025-08-21,1.0305114445941985,1,1.0305114445941983
2026-08-03,2025,2025-08-22,1.1298260411814163,1,1.129826041181416
2026-08-03,2025,2025-08-23,1.435443092260698,1,1.4354430922606978
2026-08-03,2025,2025-08-24,1.6748504122818342,1,1.6748504122818342
2026-08-03,2025,2025-08-25,1.2096284811884617,1,1.2096284811884614
2026-08-03,2025,2025-08-26,0.9507090045871531,1,0.9507090045871528
2026-08-03,2025,2025-08-27,0.039777298980581015,1,0.03977729898058049
2026-08-03,2025,2025-08-28,-0.5383519376489092,1,-0.5383519376489099
2026-08-03,2025,2025-08-29,0.3920919245378353,1,0.39209192453783487
2026-08-03,2025,2025-08-30,1.3692333612025525,1,1.3692333612025522
2026-08-03,2025,2025-08-31,1.3692333612025525,1,1.3692333612025522
2026-08-03,2025,2025-09-01,1.0967211756523438,1,1.0967211756523436
2026-08-03,2025,2025-09-02,0.9507090045871531,1,0.9507090045871528
2026-08-03,2025,2025-09-03,0.006672433451508455,1,0.0066724334515079215
2026-08-03,2025,2025-09-04,-0.7115495266119003,1,-0.711549526611901
2026-08-03,2025,2025-09-05,-0.810864123199118,1,-0.8108641231991188
2026-08-03,2025,2025-09-06,-0.7446543921409728,1,-0.7446543921409735
2026-08-03,2025,2025-09-07,0.037145272691761475,1,0.03714527269176095
2026-08-03,2025,2025-09-08,1.1245619886037772,1,1.124561988603777
2026-08-03,2025,2025-09-09,-0.20752348838844215,1,-0.20752348838844273
2026-08-03,2025,2025-09-10,-0.7240464284466497,1,-0.7240464284466503
2026-08-03,2025,2025-09-11,-0.8327881000378511,1,-0.8327881000378519
2026-08-03,2025,2025-09-12,-0.9143443537312522,1,-0.914344353731253
2026-08-03,2025,2025-09-13,-0.8599735179356516,1,-0.8599735179356524
2026-08-03,2025,2025-09-14,-0.7784172642422504,1,-0.7784172642422512
2026-08-03,2025,2025-09-15,-0.7784172642422504,1,-0.7784172642422512
2026-08-03,2025,2025-09-16,-0.09878181679724055,1,-0.09878181679724111
2026-08-03,2025,2025-09-17,0.8527078096257732,1,0.8527078096257729
2026-08-03,2025,2025-09-18,-0.09878181679724055,1,-0.09878181679724111
2026-08-03,2025,2025-09-19,-0.8599735179356516,1,-0.8599735179356524
2026-08-03,2025,2025-09-20,-0.15315265259284128,1,-0.15315265259284183
2026-08-03,2025,2025-09-21,-0.15315265259284128,1,-0.15315265259284183
2026-08-03,2025,2025-09-22,-0.9143443537312522,1,-0.914344353731253
2026-08-03,2025,2025-09-23,-0.9415297716290527,1,-0.9415297716290535
2026-08-03,2025,2025-09-24,-0.9415297716290527,1,-0.9415297716290535
2026-08-03,2025,2025-09-25,-0.9143443537312522,1,-0.914344353731253
2026-08-03,2025,2025-09-26,-0.887158935833452,1,-0.8871589358334527
2026-08-03,2025,2025-09-27,-0.9687151895268531,1,-0.9687151895268539
2026-08-03,2025,2025-09-28,-0.9415297716290527,1,-0.9415297716290535
2026-08-03,2025,2025-09-29,-0.9415297716290527,1,-0.9415297716290535
2026-08-03,2025,2025-09-30,-0.9415297716290527,1,-0.9415297716290535
2026-08-04,2021,2021-05-01,-0.9721903022471421,1,-0.972190302247142
2026-08-04,2021,2021-05-02,-0.9721903022471421,1,-0.972190302247142
2026-08-04,2021,2021-05-03,-0.795919507474818,1,-0.7959195074748179
2026-08-04,2021,2021-05-04,-0.7455564232541539,1,-0.7455564232541539
2026-08-04,2021,2021-05-05,-0.9721903022471421,1,-0.972190302247142
2026-08-04,2021,2021-05-06,-0.5189225442611657,1,-0.5189225442611657
2026-08-04,2021,2021-05-07,-0.6448302548128259,1,-0.6448302548128259
2026-08-04,2021,2021-05-08,-0.7707379653644859,1,-0.7707379653644858
2026-08-04,2021,2021-05-09,-0.24192558104751344,1,-0.24192558104751352
2026-08-04,2021,2021-05-10,-0.3930148337095056,1,-0.39301483370950563
2026-08-04,2021,2021-05-11,-0.6448302548128259,1,-0.6448302548128259
2026-08-04,2021,2021-05-12,-0.5944671705921618,1,-0.5944671705921618
2026-08-04,2021,2021-05-13,-0.5441040863714978,1,-0.5441040863714978
2026-08-04,2021,2021-05-14,-0.4181963758198376,1,-0.41819637581983765
2026-08-04,2021,2021-05-15,-0.34265174948884153,1,-0.34265174948884164
2026-08-04,2021,2021-05-16,-0.7455564232541539,1,-0.7455564232541539
2026-08-04,2021,2021-05-17,-0.24192558104751344,1,-0.24192558104751352
2026-08-04,2021,2021-05-18,-0.5692856284818297,1,-0.5692856284818297
2026-08-04,2021,2021-05-19,-0.5944671705921618,1,-0.5944671705921618
2026-08-04,2021,2021-05-20,-0.6448302548128259,1,-0.6448302548128259
2026-08-04,2021,2021-05-21,-0.5944671705921618,1,-0.5944671705921618
2026-08-04,2021,2021-05-22,-0.9721903022471421,1,-0.972190302247142
2026-08-04,2021,2021-05-23,-0.5692856284818297,1,-0.5692856284818297
2026-08-04,2021,2021-05-24,-0.2922886652681775,1,-0.2922886652681776
2026-08-04,2021,2021-05-25,-0.24192558104751344,1,-0.24192558104751352
2026-08-04,2021,2021-05-26,-0.4433779179301696,1,-0.4433779179301697
2026-08-04,2021,2021-05-27,-0.5944671705921618,1,-0.5944671705921618
2026-08-04,2021,2021-05-28,-0.6196487127024938,1,-0.6196487127024938
2026-08-04,2021,2021-05-29,-0.49374100215083366,1,-0.4937410021508337
2026-08-04,2021,2021-05-30,-0.6448302548128259,1,-0.6448302548128259
2026-08-04,2021,2021-05-31,-0.21674403893718142,1,-0.2167440389371815
2026-08-04,2021,2021-06-01,-0.11601787049585333,1,-0.11601787049585345
2026-08-04,2021,2021-06-02,-0.46855946004050164,1,-0.4685594600405017
2026-08-04,2021,2021-06-03,-0.4181963758198376,1,-0.41819637581983765
2026-08-04,2021,2021-06-04,-0.5189225442611657,1,-0.5189225442611657
2026-08-04,2021,2021-06-05,-0.7455564232541539,1,-0.7455564232541539
2026-08-04,2021,2021-06-06,-0.49374100215083366,1,-0.4937410021508337
2026-08-04,2021,2021-06-07,-0.015291702054525238,1,-0.015291702054525385
2026-08-04,2021,2021-06-08,0.6897914770347714,1,0.6897914770347712
2026-08-04,2021,2021-06-09,0.8912438139174276,1,0.8912438139174272
2026-08-04,2021,2021-06-10,1.0675146086897518,1,1.0675146086897513
2026-08-04,2021,2021-06-11,0.6142468507037754,1,0.6142468507037752
2026-08-04,2021,2021-06-12,-0.015291702054525238,1,-0.015291702054525385
2026-08-04,2021,2021-06-13,-0.015291702054525238,1,-0.015291702054525385
2026-08-04,2021,2021-06-14,-0.36783329159917355,1,-0.36783329159917366
2026-08-04,2021,2021-06-15,-0.0908363283855213,1,-0.09083632838552144
2026-08-04,2021,2021-06-16,-0.34265174948884153,1,-0.34265174948884164
2026-08-04,2021,2021-06-17,-0.4181963758198376,1,-0.41819637581983765
2026-08-04,2021,2021-06-18,-0.46855946004050164,1,-0.4685594600405017
2026-08-04,2021,2021-06-19,-0.6448302548128259,1,-0.6448302548128259
2026-08-04,2021,2021-06-20,-0.3930148337095056,1,-0.39301483370950563
2026-08-04,2021,2021-06-21,-0.16638095471651737,1,-0.16638095471651748
2026-08-04,2021,2021-06-22,-0.24192558104751344,1,-0.24192558104751352
2026-08-04,2021,2021-06-23,-0.4181963758198376,1,-0.41819637581983765
2026-08-04,2021,2021-06-24,-0.400651706481721,1,-0.40065170648172105
2026-08-04,2021,2021-06-25,-0.5199957340568716,1,-0.5199957340568716
2026-08-04,2021,2021-06-26,-0.5074049630017057,1,-0.5074049630017057
2026-08-04,2021,2021-06-27,-0.5325865051120376,1,-0.5325865051120376
2026-08-04,2021,2021-06-28,-0.2938984499617364,1,-0.29389844996173653
2026-08-04,2021,2021-06-29,-0.08039193692176716,1,-0.0803919369217673
2026-08-04,2021,2021-06-30,-0.4666191057968794,1,-0.46661910579687943
2026-08-04,2021,2021-07-01,-0.413242477536887,1,-0.41324247753688703
2026-08-04,2021,2021-07-02,-0.5859631333720299,1,-0.5859631333720299
2026-08-04,2021,2021-07-03,-0.6393397616320223,1,-0.6393397616320223
2026-08-04,2021,2021-07-04,-0.6393397616320223,1,-0.6393397616320223
2026-08-04,2021,2021-07-05,-0.5199957340568716,1,-0.5199957340568716
2026-08-04,2021,2021-07-06,-0.0018337665514427696,1,-0.00183376655144292
2026-08-04,2021,2021-07-07,-0.1085870230714275,1,-0.10858702307142762
2026-08-04,2021,2021-07-08,-0.35986584927689474,1,-0.35986584927689486
2026-08-04,2021,2021-07-09,-0.2938984499617364,1,-0.29389844996173653
2026-08-04,2021,2021-07-10,1.5274705938545117,1,1.527470593854511
2026-08-04,2021,2021-07-11,0.6104906864188046,1,0.6104906864188043
2026-08-04,2021,2021-07-12,1.1820292821842258,1,1.1820292821842253
2026-08-04,2021,2021-07-13,0.38439340232366925,1,0.384393402323669
2026-08-04,2021,2021-07-14,0.06413363276371543,1,0.06413363276371527
2026-08-04,2021,2021-07-15,0.3247836606372311,1,0.32478366063723085
2026-08-04,2021,2021-07-16,1.2834165897256808,1,1.2834165897256804
2026-08-04,2021,2021-07-17,1.508977278922963,1,1.5089772789229623
2026-08-04,2021,2021-07-18,2.580390552610054,1,2.5803905526100537
2026-08-04,2021,2021-07-19,4.666826927684915,1,4.666826927684914
2026-08-04,2021,2021-07-20,3.0315119310046184,1,3.0315119310046175
2026-08-04,2021,2021-07-21,2.3548298634127716,1,2.354829863412771
2026-08-04,2021,2021-07-22,2.24204951881413,1,2.2420495188141296
2026-08-04,2021,2021-07-23,2.18565934651481,1,2.1856593465148095
2026-08-04,2021,2021-07-24,1.790928140419566,1,1.7909281404195654
2026-08-04,2021,2021-07-25,1.6781477958209248,1,1.678147795820924
2026-08-04,2021,2021-07-26,0.8322952113311162,1,0.8322952113311158
2026-08-04,2021,2021-07-27,0.5503443498345133,1,0.5503443498345131
2026-08-04,2021,2021-07-28,0.8886853836304368,1,0.8886853836304365
2026-08-04,2021,2021-07-29,0.7195148667324751,1,0.7195148667324749
2026-08-04,2021,2021-07-30,0.9450755559297571,1,0.9450755559297568
2026-08-04,2021,2021-07-31,1.0578559005283985,1,1.057855900528398
2026-08-04,2021,2021-08-01,1.5653674512222835,1,1.5653674512222828
2026-08-04,2021,2021-08-02,2.18565934651481,1,2.1856593465148095
2026-08-04,2021,2021-08-03,2.298439691113451,1,2.2984396911134506
2026-08-04,2021,2021-08-04,2.9187315864059777,1,2.9187315864059773
2026-08-04,2021,2021-08-05,2.18565934651481,1,2.1856593465148095
2026-08-04,2021,2021-08-06,1.734537968120245,1,1.7345379681202444
2026-08-04,2021,2021-08-07,0.5503443498345133,1,0.5503443498345131
2026-08-04,2021,2021-08-08,0.09922297143994868,1,0.0992229714399485
2026-08-04,2021,2021-08-09,0.7759050390317954,1,0.7759050390317951
2026-08-04,2021,2021-08-10,2.0728790019161685,1,2.072879001916168
2026-08-04,2021,2021-08-11,1.0578559005283985,1,1.057855900528398
2026-08-04,2021,2021-08-12,-0.013557373158692505,1,-0.013557373158692652
2026-08-04,2021,2021-08-13,-0.4082885792539364,1,-0.40828857925393647
2026-08-04,2021,2021-08-14,-0.6338492684512188,1,-0.6338492684512188
2026-08-04,2021,2021-08-15,-0.6902394407505392,1,-0.6902394407505392
2026-08-04,2021,2021-08-16,-0.5774590961518982,1,-0.5774590961518982
2026-08-04,2021,2021-08-17,-0.35931033623337233,1,-0.35931033623337244
2026-08-04,2021,2021-08-18,-0.07861151239237546,1,-0.0786115123923756
2026-08-04,2021,2021-08-19,0.09912267478506893,1,0.09912267478506875
2026-08-04,2021,2021-08-20,-0.00384196187848334,1,-0.00384196187848349
2026-08-04,2021,2021-08-21,-0.1184502146330937,1,-0.11845021463309383
2026-08-04,2021,2021-08-22,0.09912267478506893,1,0.09912267478506875
2026-08-04,2021,2021-08-23,-0.2961844018105382,1,-0.2961844018105383
2026-08-04,2021,2021-08-24,-0.06696789630131755,1,-0.06696789630131769
2026-08-04,2021,2021-08-25,0.2137309275396793,1,0.2137309275396791
2026-08-04,2021,2021-08-26,1.3481698389947243,1,1.3481698389947239
2026-08-04,2021,2021-08-27,0.952862762399117,1,0.9528627623991167
2026-08-04,2021,2021-08-28,1.107309717394446,1,1.1073097173944455
2026-08-04,2021,2021-08-29,0.15060499311684525,1,0.15060499311684508
2026-08-04,2021,2021-08-30,0.4827861352896182,1,0.48278613528961795
2026-08-04,2021,2021-08-31,-0.3476667201423144,1,-0.34766672014231453
2026-08-04,2021,2021-09-01,-0.6798478623150874,1,-0.6798478623150874
2026-08-04,2021,2021-09-02,-0.7031350944972032,1,-0.7031350944972032
2026-08-04,2021,2021-09-03,-0.7546174128289795,1,-0.7546174128289794
2026-08-04,2021,2021-09-04,-0.7944561150696977,1,-0.7944561150696976
2026-08-04,2021,2021-09-05,-0.7546174128289795,1,-0.7546174128289794
2026-08-04,2021,2021-09-06,-0.7944561150696977,1,-0.7944561150696976
2026-08-04,2021,2021-09-07,-0.7858924447902149,1,-0.7858924447902148
2026-08-04,2021,2021-09-08,-0.7160307482438673,1,-0.7160307482438673
2026-08-04,2021,2021-09-09,-0.7858924447902149,1,-0.7858924447902148
2026-08-04,2021,2021-09-10,-0.7160307482438673,1,-0.7160307482438673
2026-08-04,2021,2021-09-11,-0.6927435160617513,1,-0.6927435160617513
2026-08-04,2021,2021-09-12,-0.7858924447902149,1,-0.7858924447902148
2026-08-04,2021,2021-09-13,-0.7160307482438673,1,-0.7160307482438673
2026-08-04,2021,2021-09-14,-0.7160307482438673,1,-0.7160307482438673
2026-08-04,2021,2021-09-15,-0.6694562838796355,1,-0.6694562838796355
2026-08-04,2021,2021-09-16,-0.7858924447902149,1,-0.7858924447902148
2026-08-04,2021,2021-09-17,-0.9721903022471421,1,-0.972190302247142
2026-08-04,2021,2021-09-18,-0.9721903022471421,1,-0.972190302247142
2026-08-04,2021,2021-09-19,-0.7858924447902149,1,-0.7858924447902148
2026-08-04,2021,2021-09-20,-0.5763073551511719,1,-0.5763073551511719
2026-08-04,2021,2021-09-21,-0.7160307482438673,1,-0.7160307482438673
2026-08-04,2021,2021-09-22,-0.7626052126080991,1,-0.762605212608099
2026-08-04,2021,2021-09-23,-0.48315842642270823,1,-0.4831584264227083
2026-08-04,2021,2021-09-24,-0.5995945873332877,1,-0.5995945873332877
2026-08-04,2021,2021-09-25,-0.8091796769723308,1,-0.8091796769723307
2026-08-04,2021,2021-09-26,-0.9721903022471421,1,-0.972190302247142
2026-08-04,2021,2021-09-27,-0.7858924447902149,1,-0.7858924447902148
2026-08-04,2021,2021-09-28,-0.9721903022471421,1,-0.972190302247142
2026-08-04,2021,2021-09-29,-0.9721903022471421,1,-0.972190302247142
2026-08-04,2021,2021-09-30,-0.9721903022471421,1,-0.972190302247142
2026-08-04,2022,2022-05-01,-0.7138676372243038,1,-0.7138676372243042
2026-08-04,2022,2022-05-02,-0.6589019696376502,1,-0.6589019696376507
2026-08-04,2022,2022-05-03,-0.6589019696376502,1,-0.6589019696376507
2026-08-04,2022,2022-05-04,-0.6589019696376502,1,-0.6589019696376507
2026-08-04,2022,2022-05-05,-0.5489706344643431,1,-0.5489706344643436
2026-08-04,2022,2022-05-06,-0.6039363020509967,1,-0.6039363020509971
2026-08-04,2022,2022-05-07,-0.6589019696376502,1,-0.6589019696376507
2026-08-04,2022,2022-05-08,-0.6589019696376502,1,-0.6589019696376507
2026-08-04,2022,2022-05-09,-0.6039363020509967,1,-0.6039363020509971
2026-08-04,2022,2022-05-10,-0.7138676372243038,1,-0.7138676372243042
2026-08-04,2022,2022-05-11,-0.6039363020509967,1,-0.6039363020509971
2026-08-04,2022,2022-05-12,-0.6039363020509967,1,-0.6039363020509971
2026-08-04,2022,2022-05-13,-0.6589019696376502,1,-0.6589019696376507
2026-08-04,2022,2022-05-14,-0.6039363020509967,1,-0.6039363020509971
2026-08-04,2022,2022-05-15,-0.7138676372243038,1,-0.7138676372243042
2026-08-04,2022,2022-05-16,-0.6589019696376502,1,-0.6589019696376507
2026-08-04,2022,2022-05-17,-0.6039363020509967,1,-0.6039363020509971
2026-08-04,2022,2022-05-18,-0.6039363020509967,1,-0.6039363020509971
2026-08-04,2022,2022-05-19,-0.6039363020509967,1,-0.6039363020509971
2026-08-04,2022,2022-05-20,-0.6039363020509967,1,-0.6039363020509971
2026-08-04,2022,2022-05-21,-0.6589019696376502,1,-0.6589019696376507
2026-08-04,2022,2022-05-22,-0.6039363020509967,1,-0.6039363020509971
2026-08-04,2022,2022-05-23,-0.5489706344643431,1,-0.5489706344643436
2026-08-04,2022,2022-05-24,-0.43903929929103613,1,-0.43903929929103647
2026-08-04,2022,2022-05-25,-0.49400496687768963,1,-0.49400496687768997
2026-08-04,2022,2022-05-26,-0.43903929929103613,1,-0.43903929929103647
2026-08-04,2022,2022-05-27,-0.43903929929103613,1,-0.43903929929103647
2026-08-04,2022,2022-05-28,-0.219176628944422,1,-0.2191766289444223
2026-08-04,2022,2022-05-29,0.22054871174880622,1,0.22054871174880597
2026-08-04,2022,2022-05-30,6.860414021921032e-4,1,6.860414021918188e-4
2026-08-04,2022,2022-05-31,-0.43903929929103613,1,-0.43903929929103647
2026-08-04,2022,2022-06-01,-0.3840736317043826,1,-0.3840736317043829
2026-08-04,2022,2022-06-02,-0.2741422965310755,1,-0.27414229653107586
2026-08-04,2022,2022-06-03,-0.3840736317043826,1,-0.3840736317043829
2026-08-04,2022,2022-06-04,-0.49400496687768963,1,-0.49400496687768997
2026-08-04,2022,2022-06-05,-0.49400496687768963,1,-0.49400496687768997
2026-08-04,2022,2022-06-06,-0.5489706344643431,1,-0.5489706344643436
2026-08-04,2022,2022-06-07,-0.6039363020509967,1,-0.6039363020509971
2026-08-04,2022,2022-06-08,-0.5489706344643431,1,-0.5489706344643436
2026-08-04,2022,2022-06-09,-0.5489706344643431,1,-0.5489706344643436
2026-08-04,2022,2022-06-10,-0.5489706344643431,1,-0.5489706344643436
2026-08-04,2022,2022-06-11,-0.6589019696376502,1,-0.6589019696376507
2026-08-04,2022,2022-06-12,-0.6039363020509967,1,-0.6039363020509971
2026-08-04,2022,2022-06-13,-0.49400496687768963,1,-0.49400496687768997
2026-08-04,2022,2022-06-14,-0.6039363020509967,1,-0.6039363020509971
2026-08-04,2022,2022-06-15,-0.5489706344643431,1,-0.5489706344643436
2026-08-04,2022,2022-06-16,-0.49400496687768963,1,-0.49400496687768997
2026-08-04,2022,2022-06-17,-0.2741422965310755,1,-0.27414229653107586
2026-08-04,2022,2022-06-18,-0.49400496687768963,1,-0.49400496687768997
2026-08-04,2022,2022-06-19,0.05565170898884563,1,0.055651708988845354
2026-08-04,2022,2022-06-20,0.22054871174880622,1,0.22054871174880597
2026-08-04,2022,2022-06-21,-0.05427962618446142,1,-0.054279626184461714
2026-08-04,2022,2022-06-22,-0.16421096135776847,1,-0.16421096135776878
2026-08-04,2022,2022-06-23,-0.16421096135776847,1,-0.16421096135776878
2026-08-04,2022,2022-06-24,0.7702053876153415,1,0.7702053876153413
2026-08-04,2022,2022-06-25,2.0344157421083726,1,2.0344157421083726
2026-08-04,2022,2022-06-26,2.199312744868333,1,2.199312744868333
2026-08-04,2022,2022-06-27,3.0787634262547896,1,3.0787634262547896
2026-08-04,2022,2022-06-28,3.6284201021213254,1,3.6284201021213254
2026-08-04,2022,2022-06-29,4.123111110401207,1,4.123111110401208
2026-08-04,2022,2022-06-30,4.727733453854396,1,4.7277334538543965
2026-08-04,2022,2022-07-01,3.7383514372946323,1,3.7383514372946323
2026-08-04,2022,2022-07-02,2.584072417974908,1,2.584072417974908
2026-08-04,2022,2022-07-03,1.5946904014151444,1,1.5946904014151444
2026-08-04,2022,2022-07-04,0.935102390375302,1,0.9351023903753017
2026-08-04,2022,2022-07-05,0.715239720028688,1,0.7152397200286877
2026-08-04,2022,2022-07-06,0.4404113820954203,1,0.4404113820954201
2026-08-04,2022,2022-07-07,0.49537704968207386,1,0.49537704968207363
2026-08-04,2022,2022-07-08,6.860414021921032e-4,1,6.860414021918188e-4
2026-08-04,2022,2022-07-09,0.33048004692211325,1,0.330480046922113
2026-08-04,2022,2022-07-10,0.5503427172687274,1,0.5503427172687272
2026-08-04,2022,2022-07-11,0.6053083848553809,1,0.6053083848553806
2026-08-04,2022,2022-07-12,0.11061737657549915,1,0.11061737657549889
2026-08-04,2022,2022-07-13,-0.10924529377111496,1,-0.10924529377111525
2026-08-04,2022,2022-07-14,-0.2741422965310755,1,-0.27414229653107586
2026-08-04,2022,2022-07-15,-0.3291079641177291,1,-0.3291079641177294
2026-08-04,2022,2022-07-16,-0.43903929929103613,1,-0.43903929929103647
2026-08-04,2022,2022-07-17,0.05565170898884563,1,0.055651708988845354
2026-08-04,2022,2022-07-18,0.3854457145087668,1,0.3854457145087666
2026-08-04,2022,2022-07-19,0.05565170898884563,1,0.055651708988845354
2026-08-04,2022,2022-07-20,0.27551437933545975,1,0.2755143793354595
2026-08-04,2022,2022-07-21,0.27551437933545975,1,0.2755143793354595
2026-08-04,2022,2022-07-22,0.1655830441621527,1,0.16558304416215244
2026-08-04,2022,2022-07-23,0.6053083848553809,1,0.6053083848553806
2026-08-04,2022,2022-07-24,0.6602740524420344,1,0.6602740524420342
2026-08-04,2022,2022-07-25,0.5503427172687274,1,0.5503427172687272
2026-08-04,2022,2022-07-26,-0.10924529377111496,1,-0.10924529377111525
2026-08-04,2022,2022-07-27,0.3854457145087668,1,0.3854457145087666
2026-08-04,2022,2022-07-28,0.4404113820954203,1,0.4404113820954201
2026-08-04,2022,2022-07-29,0.6602740524420344,1,0.6602740524420342
2026-08-04,2022,2022-07-30,1.1549650607219162,1,1.1549650607219162
2026-08-04,2022,2022-07-31,1.759587404175105,1,1.759587404175105
2026-08-04,2022,2022-08-01,2.199312744868333,1,2.199312744868333
2026-08-04,2022,2022-08-02,2.913866423494829,1,2.913866423494829
2026-08-04,2022,2022-08-03,1.9244844069350655,1,1.9244844069350655
2026-08-04,2022,2022-08-04,0.11061737657549915,1,0.11061737657549889
2026-08-04,2022,2022-08-05,-0.10924529377111496,1,-0.10924529377111525
2026-08-04,2022,2022-08-06,-0.05427962618446142,1,-0.054279626184461714
2026-08-04,2022,2022-08-07,0.1655830441621527,1,0.16558304416215244
2026-08-04,2022,2022-08-08,0.6053083848553809,1,0.6053083848553806
2026-08-04,2022,2022-08-09,0.825171055201995,1,0.8251710552019947
2026-08-04,2022,2022-08-10,0.6053083848553809,1,0.6053083848553806
2026-08-04,2022,2022-08-11,0.6053083848553809,1,0.6053083848553806
2026-08-04,2022,2022-08-12,0.05565170898884563,1,0.055651708988845354
2026-08-04,2022,2022-08-13,-0.2741422965310755,1,-0.27414229653107586
2026-08-04,2022,2022-08-14,0.05565170898884563,1,0.055651708988845354
2026-08-04,2022,2022-08-15,0.27551437933545975,1,0.2755143793354595
2026-08-04,2022,2022-08-16,0.27551437933545975,1,0.2755143793354595
2026-08-04,2022,2022-08-17,-0.1604644983098883,1,-0.1604644983098886
2026-08-04,2022,2022-08-18,-0.32723500110732584,1,-0.3272350011073262
2026-08-04,2022,2022-08-19,-0.2903830560453927,1,-0.29038305604539305
2026-08-04,2022,2022-08-20,-0.27789090768725094,1,-0.2778909076872513
2026-08-04,2022,2022-08-21,-0.32411196401779047,1,-0.3241119640177908
2026-08-04,2022,2022-08-22,-0.2903830560453927,1,-0.29038305604539305
2026-08-04,2022,2022-08-23,-0.17295664666803018,1,-0.17295664666803048
2026-08-04,2022,2022-08-24,-0.2191777029985696,1,-0.2191777029985699
2026-08-04,2022,2022-08-25,-0.4877594297256925,1,-0.4877594297256928
2026-08-04,2022,2022-08-26,-0.48151335554662167,1,-0.481513355546622
2026-08-04,2022,2022-08-27,-0.15421842413081735,1,-0.15421842413081766
2026-08-04,2022,2022-08-28,-0.5464726344143739,1,-0.5464726344143743
2026-08-04,2022,2022-08-29,-0.5464726344143739,1,-0.5464726344143743
2026-08-04,2022,2022-08-30,-0.5589647827725156,1,-0.558964782772516
2026-08-04,2022,2022-08-31,-0.49400550390476344,1,-0.4940055039047638
2026-08-04,2022,2022-09-01,-0.5033746151733698,1,-0.5033746151733702
2026-08-04,2022,2022-09-02,-0.6576529696126656,1,-0.6576529696126661
2026-08-04,2022,2022-09-03,-0.6020628020135197,1,-0.6020628020135201
2026-08-04,2022,2022-09-04,-0.5558417456829803,1,-0.5558417456829807
2026-08-04,2022,2022-09-05,-0.4446614104846885,1,-0.4446614104846888
2026-08-04,2022,2022-09-06,-0.3859482057960072,1,-0.3859482057960075
2026-08-04,2022,2022-09-07,-0.15047196108293717,1,-0.15047196108293748
2026-08-04,2022,2022-09-08,-0.3503463348132063,1,-0.35034633481320665
2026-08-04,2022,2022-09-09,-0.5876971536179009,1,-0.5876971536179013
2026-08-04,2022,2022-09-10,-0.4065610024248445,1,-0.40656100242484483
2026-08-04,2022,2022-09-11,-0.5939432277969718,1,-0.5939432277969723
2026-08-04,2022,2022-09-12,-0.5064981892899791,1,-0.5064981892899796
2026-08-04,2022,2022-09-13,-0.5127442634690499,1,-0.5127442634690503
2026-08-04,2022,2022-09-14,-0.5127442634690499,1,-0.5127442634690503
2026-08-04,2022,2022-09-15,-0.6189275245132555,1,-0.61892752451325594
2026-08-04,2022,2022-09-16,-0.6751421921248937,1,-0.6751421921248941
2026-08-04,2022,2022-09-17,-0.5689589310806882,1,-0.5689589310806886
2026-08-04,2022,2022-09-18,-0.6938804146621064,1,-0.6938804146621068
2026-08-04,2022,2022-09-19,-0.6876343404830354,1,-0.6876343404830358
2026-08-04,2022,2022-09-20,-0.6938804146621064,1,-0.6938804146621068
2026-08-04,2022,2022-09-21,-0.7063725630202482,1,-0.7063725630202486
2026-08-04,2022,2022-09-22,-0.7063725630202482,1,-0.7063725630202486
2026-08-04,2022,2022-09-23,-0.7688333048109572,1,-0.7688333048109577
2026-08-04,2022,2022-09-24,-0.7688333048109572,1,-0.7688333048109577
2026-08-04,2022,2022-09-25,-0.6751421921248937,1,-0.6751421921248941
2026-08-04,2022,2022-09-26,-0.6688961179458227,1,-0.6688961179458232
2026-08-04,2022,2022-09-27,-0.6876343404830354,1,-0.6876343404830358
2026-08-04,2022,2022-09-28,-0.6938804146621064,1,-0.6938804146621068
2026-08-04,2022,2022-09-29,-0.6938804146621064,1,-0.6938804146621068
2026-08-04,2022,2022-09-30,-0.6938804146621064,1,-0.6938804146621068
2026-08-04,2023,2023-05-01,-0.8827623588075623,1,-0.8827623588075626
2026-08-04,2023,2023-05-02,-0.8827623588075623,1,-0.8827623588075626
2026-08-04,2023,2023-05-03,-0.8827623588075623,1,-0.8827623588075626
2026-08-04,2023,2023-05-04,-0.7545372448523999,1,-0.7545372448524001
2026-08-04,2023,2023-05-05,-0.7865935233411905,1,-0.7865935233411907
2026-08-04,2023,2023-05-06,-0.6904246878748187,1,-0.6904246878748189
2026-08-04,2023,2023-05-07,-0.8507060803187717,1,-0.850706080318772
2026-08-04,2023,2023-05-08,-0.9148186372963528,1,-0.9148186372963532
2026-08-04,2023,2023-05-09,-0.8827623588075623,1,-0.8827623588075626
2026-08-04,2023,2023-05-10,-0.8827623588075623,1,-0.8827623588075626
2026-08-04,2023,2023-05-11,-0.8507060803187717,1,-0.850706080318772
2026-08-04,2023,2023-05-12,-0.9148186372963528,1,-0.9148186372963532
2026-08-04,2023,2023-05-13,-0.9148186372963528,1,-0.9148186372963532
2026-08-04,2023,2023-05-14,-0.9468749157851435,1,-0.9468749157851438
2026-08-04,2023,2023-05-15,-0.8507060803187717,1,-0.850706080318772
2026-08-04,2023,2023-05-16,-0.6263121308972375,1,-0.6263121308972377
2026-08-04,2023,2023-05-17,0.23920738830010868,1,0.23920738830010874
2026-08-04,2023,2023-05-18,0.014813438878574493,1,0.014813438878574458
2026-08-04,2023,2023-05-19,-0.658368409386028,1,-0.6583684093860283
2026-08-04,2023,2023-05-20,-0.8507060803187717,1,-0.850706080318772
2026-08-04,2023,2023-05-21,-0.6263121308972375,1,-0.6263121308972377
2026-08-04,2023,2023-05-22,-0.6263121308972375,1,-0.6263121308972377
2026-08-04,2023,2023-05-23,-0.8507060803187717,1,-0.850706080318772
2026-08-04,2023,2023-05-24,-0.7865935233411905,1,-0.7865935233411907
2026-08-04,2023,2023-05-25,-0.7545372448523999,1,-0.7545372448524001
2026-08-04,2023,2023-05-26,-0.8507060803187717,1,-0.850706080318772
2026-08-04,2023,2023-05-27,-0.7224809663636093,1,-0.7224809663636095
2026-08-04,2023,2023-05-28,-0.7545372448523999,1,-0.7545372448524001
2026-08-04,2023,2023-05-29,-0.7545372448523999,1,-0.7545372448524001
2026-08-04,2023,2023-05-30,-0.7545372448523999,1,-0.7545372448524001
2026-08-04,2023,2023-05-31,-0.8507060803187717,1,-0.850706080318772
2026-08-04,2023,2023-06-01,-0.7224809663636093,1,-0.7224809663636095
2026-08-04,2023,2023-06-02,-0.8507060803187717,1,-0.850706080318772
2026-08-04,2023,2023-06-03,-0.8507060803187717,1,-0.850706080318772
2026-08-04,2023,2023-06-04,-0.6904246878748187,1,-0.6904246878748189
2026-08-04,2023,2023-06-05,-0.4019181814757033,1,-0.40191818147570346
2026-08-04,2023,2023-06-06,-0.6904246878748187,1,-0.6904246878748189
2026-08-04,2023,2023-06-07,-0.4339744599644939,1,-0.43397445996449413
2026-08-04,2023,2023-06-08,-0.6263121308972375,1,-0.6263121308972377
2026-08-04,2023,2023-06-09,-0.7865935233411905,1,-0.7865935233411907
2026-08-04,2023,2023-06-10,-0.7865935233411905,1,-0.7865935233411907
2026-08-04,2023,2023-06-11,-0.818649801829981,1,-0.8186498018299813
2026-08-04,2023,2023-06-12,-0.7865935233411905,1,-0.7865935233411907
2026-08-04,2023,2023-06-13,-0.5621995739196562,1,-0.5621995739196565
2026-08-04,2023,2023-06-14,-0.658368409386028,1,-0.6583684093860283
2026-08-04,2023,2023-06-15,-0.6904246878748187,1,-0.6904246878748189
2026-08-04,2023,2023-06-16,-0.4339744599644939,1,-0.43397445996449413
2026-08-04,2023,2023-06-17,-0.1134116750765879,1,-0.11341167507658799
2026-08-04,2023,2023-06-18,0.33537622376648046,1,0.3353762237664805
2026-08-04,2023,2023-06-19,-0.2736930675205409,1,-0.27369306752054107
2026-08-04,2023,2023-06-20,-0.4980870169420751,1,-0.4980870169420753
2026-08-04,2023,2023-06-21,-0.5942558524084469,1,-0.5942558524084471
2026-08-04,2023,2023-06-22,-0.7545372448523999,1,-0.7545372448524001
2026-08-04,2023,2023-06-23,-0.7865935233411905,1,-0.7865935233411907
2026-08-04,2023,2023-06-24,-0.627847240178352,1,-0.6278472401783523
2026-08-04,2023,2023-06-25,-0.2798154030035376,1,-0.27981540300353774
2026-08-04,2023,2023-06-26,-0.174490216774863,1,-0.1744902167748631
2026-08-04,2023,2023-06-27,-0.40116872847660756,1,-0.40116872847660773
2026-08-04,2023,2023-06-28,0.017079899517323232,1,0.0170798995173232
2026-08-04,2023,2023-06-29,0.3300033412825796,1,0.33000334128257963
2026-08-04,2023,2023-06-30,-0.29584354224793286,1,-0.295843542247933
2026-08-04,2023,2023-07-01,-0.5576304493592356,1,-0.5576304493592358
2026-08-04,2023,2023-07-02,0.08729669033643961,1,0.0872966903364396
2026-08-04,2023,2023-07-03,0.1735416203999515,1,0.17354162039995152
2026-08-04,2023,2023-07-04,-0.12335368212090951,1,-0.1233536821209096
2026-08-04,2023,2023-07-05,-0.3660603330670493,1,-0.3660603330670495
2026-08-04,2023,2023-07-06,-0.05313689130179314,1,-0.0531368913017932
2026-08-04,2023,2023-07-07,0.1735416203999515,1,0.17354162039995152
2026-08-04,2023,2023-07-08,-0.174490216774863,1,-0.1744902167748631
2026-08-04,2023,2023-07-09,0.5566818529843239,1,0.5566818529843242
2026-08-04,2023,2023-07-10,1.9678894578487445,1,1.9678894578487451
2026-08-04,2023,2023-07-11,2.194567969550489,1,2.19456796955049
2026-08-04,2023,2023-07-12,1.7602912023121626,1,1.7602912023121633
2026-08-04,2023,2023-07-13,0.4513566667556495,1,0.4513566667556496
2026-08-04,2023,2023-07-14,0.1384332249903932,1,0.13843322499039323
2026-08-04,2023,2023-07-15,0.6299145574412849,1,0.6299145574412851
2026-08-04,2023,2023-07-16,2.3089770999756207,1,2.3089770999756216
2026-08-04,2023,2023-07-17,2.690582223278879,1,2.69058222327888
2026-08-04,2023,2023-07-18,2.6524217109485524,1,2.6524217109485533
2026-08-04,2023,2023-07-19,1.3168037793871492,1,1.3168037793871497
2026-08-04,2023,2023-07-20,0.439111995789656,1,0.4391119957896561
2026-08-04,2023,2023-07-21,0.17198840947737531,1,0.17198840947737534
2026-08-04,2023,2023-07-22,0.09566738481672375,1,0.09566738481672374
2026-08-04,2023,2023-07-23,0.6299145574412849,1,0.6299145574412851
2026-08-04,2023,2023-07-24,0.820717119092914,1,0.8207171190929142
2026-08-04,2023,2023-07-25,1.011519680744543,1,1.0115196807445435
2026-08-04,2023,2023-07-26,1.3168037793871492,1,1.3168037793871497
2026-08-04,2023,2023-07-27,1.3549642917174753,1,1.3549642917174758
2026-08-04,2023,2023-07-28,1.1260012177355205,1,1.126001217735521
2026-08-04,2023,2023-07-29,1.5457668533691045,1,1.545766853369105
2026-08-04,2023,2023-07-30,2.4616191492969235,1,2.4616191492969244
2026-08-04,2023,2023-07-31,1.8892114643420366,1,1.8892114643420372
2026-08-04,2023,2023-08-01,0.5917540451109591,1,0.5917540451109593
2026-08-04,2023,2023-08-02,2.4234586369665982,1,2.423458636966599
2026-08-04,2023,2023-08-03,2.3089770999756207,1,2.3089770999756216
2026-08-04,2023,2023-08-04,2.5761006862879015,1,2.5761006862879023
2026-08-04,2023,2023-08-05,2.499779661627249,1,2.49977966162725
2026-08-04,2023,2023-08-06,2.8050637602698556,1,2.8050637602698565
2026-08-04,2023,2023-08-07,1.8510509520117107,1,1.8510509520117113
2026-08-04,2023,2023-08-08,0.7443960944322624,1,0.7443960944322626
2026-08-04,2023,2023-08-09,0.05750687248639798,1,0.05750687248639796
2026-08-04,2023,2023-08-10,0.05750687248639798,1,0.05750687248639796
2026-08-04,2023,2023-08-11,-0.056974664504579574,1,-0.056974664504579636
2026-08-04,2023,2023-08-12,0.36279097112900416,1,0.3627909711290042
2026-08-04,2023,2023-08-13,0.47727250811998173,1,0.47727250811998184
2026-08-04,2023,2023-08-14,-0.09513517683490536,1,-0.09513517683490542
2026-08-04,2023,2023-08-15,-0.28593773848653437,1,-0.28593773848653453
2026-08-04,2023,2023-08-16,-0.24777722615620856,1,-0.24777722615620867
2026-08-04,2023,2023-08-17,1.2824375973782483,1,1.2824375973782487
2026-08-04,2023,2023-08-18,1.5401734121810047,1,1.5401734121810051
2026-08-04,2023,2023-08-19,2.0866885471981713,1,2.086688547198172
2026-08-04,2023,2023-08-20,1.9828825205852019,1,1.9828825205852025
2026-08-04,2023,2023-08-21,1.6941032003707912,1,1.6941032003707919
2026-08-04,2023,2023-08-22,0.8206482328088882,1,0.8206482328088884
2026-08-04,2023,2023-08-23,1.0593037914464818,1,1.0593037914464822
2026-08-04,2023,2023-08-24,0.7514442150669085,1,0.7514442150669087
2026-08-04,2023,2023-08-25,0.12020330960193468,1,0.12020330960193468
2026-08-04,2023,2023-08-26,-0.13753250520082166,1,-0.13753250520082175
2026-08-04,2023,2023-08-27,-0.20673652294280143,1,-0.2067365229428015
2026-08-04,2023,2023-08-28,-0.15661276136598443,1,-0.1566127613659845
2026-08-04,2023,2023-08-29,0.889852250550868,1,0.8898522505508684
2026-08-04,2023,2023-08-30,0.40898262981634526,1,0.4089826298163453
2026-08-04,2023,2023-08-31,-0.17213451407181155,1,-0.17213451407181163
2026-08-04,2023,2023-09-01,-0.3105425495557712,1,-0.3105425495557714
2026-08-04,2023,2023-09-02,-0.17213451407181155,1,-0.17213451407181163
2026-08-04,2023,2023-09-03,-0.25686028451961845,1,-0.2568602845196186
2026-08-04,2023,2023-09-04,-0.3260643022615982,1,-0.3260643022615984
2026-08-04,2023,2023-09-05,-0.2914622933906083,1,-0.2914622933906085
2026-08-04,2023,2023-09-06,-0.6685258875121615,1,-0.6685258875121617
2026-08-04,2023,2023-09-07,-0.7626394294694924,1,-0.7626394294694926
2026-08-04,2023,2023-09-08,-0.8557699457044545,1,-0.8557699457044549
2026-08-04,2023,2023-09-09,-0.7005524186461844,1,-0.7005524186461847
2026-08-04,2023,2023-09-10,-0.5453348915879143,1,-0.5453348915879145
2026-08-04,2023,2023-09-11,-0.6074219024112224,1,-0.6074219024112226
2026-08-04,2023,2023-09-12,-0.5453348915879143,1,-0.5453348915879145
2026-08-04,2023,2023-09-13,-0.6074219024112224,1,-0.6074219024112226
2026-08-04,2023,2023-09-14,-0.6074219024112224,1,-0.6074219024112226
2026-08-04,2023,2023-09-15,-0.7315959240578385,1,-0.7315959240578387
2026-08-04,2023,2023-09-16,-0.4211608699412982,1,-0.4211608699412984
2026-08-04,2023,2023-09-17,-0.2969868482946822,1,-0.29698684829468236
2026-08-04,2023,2023-09-18,-0.3280303537063362,1,-0.3280303537063364
2026-08-04,2023,2023-09-19,-0.5142913861762604,1,-0.5142913861762606
2026-08-04,2023,2023-09-20,-0.7005524186461844,1,-0.7005524186461847
2026-08-04,2023,2023-09-21,-0.7626394294694924,1,-0.7626394294694926
2026-08-04,2023,2023-09-22,-0.8557699457044545,1,-0.8557699457044549
2026-08-04,2023,2023-09-23,-0.9178569565277627,1,-0.917856956527763
2026-08-04,2023,2023-09-24,-0.9178569565277627,1,-0.917856956527763
2026-08-04,2023,2023-09-25,-0.8868134511161085,1,-0.8868134511161089
2026-08-04,2023,2023-09-26,-0.8247264402928005,1,-0.8247264402928007
2026-08-04,2023,2023-09-27,-0.8247264402928005,1,-0.8247264402928007
2026-08-04,2023,2023-09-28,-0.7626394294694924,1,-0.7626394294694926
2026-08-04,2023,2023-09-29,-0.8557699457044545,1,-0.8557699457044549
2026-08-04,2023,2023-09-30,-0.8557699457044545,1,-0.8557699457044549
2026-08-04,2024,2024-05-01,-0.7379315120536195,1,-0.737931512053619
2026-08-04,2024,2024-05-02,-0.7379315120536195,1,-0.737931512053619
2026-08-04,2024,2024-05-03,-0.7791844208707666,1,-0.7791844208707659
2026-08-04,2024,2024-05-04,-0.614172785602178,1,-0.6141727856021775
2026-08-04,2024,2024-05-05,-0.614172785602178,1,-0.6141727856021775
2026-08-04,2024,2024-05-06,-0.7791844208707666,1,-0.7791844208707659
2026-08-04,2024,2024-05-07,-0.7379315120536195,1,-0.737931512053619
2026-08-04,2024,2024-05-08,-0.7379315120536195,1,-0.737931512053619
2026-08-04,2024,2024-05-09,-0.7791844208707666,1,-0.7791844208707659
2026-08-04,2024,2024-05-10,-0.7379315120536195,1,-0.737931512053619
2026-08-04,2024,2024-05-11,-0.7379315120536195,1,-0.737931512053619
2026-08-04,2024,2024-05-12,-0.8204373296879137,1,-0.820437329687913
2026-08-04,2024,2024-05-13,-0.6966786032364723,1,-0.6966786032364718
2026-08-04,2024,2024-05-14,-0.7379315120536195,1,-0.737931512053619
2026-08-04,2024,2024-05-15,-0.6966786032364723,1,-0.6966786032364718
2026-08-04,2024,2024-05-16,-0.7379315120536195,1,-0.737931512053619
2026-08-04,2024,2024-05-17,-0.6554256944193252,1,-0.6554256944193246
2026-08-04,2024,2024-05-18,-0.6554256944193252,1,-0.6554256944193246
2026-08-04,2024,2024-05-19,-0.7379315120536195,1,-0.737931512053619
2026-08-04,2024,2024-05-20,-0.7379315120536195,1,-0.737931512053619
2026-08-04,2024,2024-05-21,-0.6554256944193252,1,-0.6554256944193246
2026-08-04,2024,2024-05-22,-0.7379315120536195,1,-0.737931512053619
2026-08-04,2024,2024-05-23,-0.6554256944193252,1,-0.6554256944193246
2026-08-04,2024,2024-05-24,-0.6554256944193252,1,-0.6554256944193246
2026-08-04,2024,2024-05-25,-0.7379315120536195,1,-0.737931512053619
2026-08-04,2024,2024-05-26,-0.6966786032364723,1,-0.6966786032364718
2026-08-04,2024,2024-05-27,-0.7379315120536195,1,-0.737931512053619
2026-08-04,2024,2024-05-28,-0.6966786032364723,1,-0.6966786032364718
2026-08-04,2024,2024-05-29,-0.6966786032364723,1,-0.6966786032364718
2026-08-04,2024,2024-05-30,-0.6966786032364723,1,-0.6966786032364718
2026-08-04,2024,2024-05-31,-0.7379315120536195,1,-0.737931512053619
2026-08-04,2024,2024-06-01,-0.7379315120536195,1,-0.737931512053619
2026-08-04,2024,2024-06-02,-0.7791844208707666,1,-0.7791844208707659
2026-08-04,2024,2024-06-03,-0.6966786032364723,1,-0.6966786032364718
2026-08-04,2024,2024-06-04,-0.6554256944193252,1,-0.6554256944193246
2026-08-04,2024,2024-06-05,-0.6966786032364723,1,-0.6966786032364718
2026-08-04,2024,2024-06-06,-0.6966786032364723,1,-0.6966786032364718
2026-08-04,2024,2024-06-07,-0.6966786032364723,1,-0.6966786032364718
2026-08-04,2024,2024-06-08,-0.6554256944193252,1,-0.6554256944193246
2026-08-04,2024,2024-06-09,-0.7379315120536195,1,-0.737931512053619
2026-08-04,2024,2024-06-10,-0.6554256944193252,1,-0.6554256944193246
2026-08-04,2024,2024-06-11,-0.5316669679678837,1,-0.5316669679678832
2026-08-04,2024,2024-06-12,-0.4904140591507366,1,-0.49041405915073605
2026-08-04,2024,2024-06-13,-0.5729198767850309,1,-0.5729198767850303
2026-08-04,2024,2024-06-14,-0.3666553326992952,1,-0.3666553326992947
2026-08-04,2024,2024-06-15,-0.4491611503335895,1,-0.44916115033358894
2026-08-04,2024,2024-06-16,-0.40790824151644234,1,-0.4079082415164418
2026-08-04,2024,2024-06-17,-0.40790824151644234,1,-0.4079082415164418
2026-08-04,2024,2024-06-18,-0.5729198767850309,1,-0.5729198767850303
2026-08-04,2024,2024-06-19,-0.4491611503335895,1,-0.44916115033358894
2026-08-04,2024,2024-06-20,-0.5316669679678837,1,-0.5316669679678832
2026-08-04,2024,2024-06-21,-0.6966786032364723,1,-0.6966786032364718
2026-08-04,2024,2024-06-22,-0.6554256944193252,1,-0.6554256944193246
2026-08-04,2024,2024-06-23,-0.614172785602178,1,-0.6141727856021775
2026-08-04,2024,2024-06-24,-0.11913787979641234,1,-0.11913787979641187
2026-08-04,2024,2024-06-25,-0.24289660624785375,1,-0.24289660624785325
2026-08-04,2024,2024-06-26,-0.3254024238821481,1,-0.3254024238821476
2026-08-04,2024,2024-06-27,-0.4491611503335895,1,-0.44916115033358894
2026-08-04,2024,2024-06-28,2.2322779227809746,1,2.2322779227809746
2026-08-04,2024,2024-06-29,0.16963248192361766,1,0.16963248192361807
2026-08-04,2024,2024-06-30,-0.5729198767850309,1,-0.5729198767850303
2026-08-04,2024,2024-07-01,1.3247139288037377,1,1.324713928803738
2026-08-04,2024,2024-07-02,1.4072197464380318,1,1.407219746438032
2026-08-04,2024,2024-07-03,1.2422081111694434,1,1.2422081111694436
2026-08-04,2024,2024-07-04,2.1497721051466803,1,2.1497721051466803
2026-08-04,2024,2024-07-05,2.026013378695239,1,2.026013378695239
2026-08-04,2024,2024-07-06,2.851071555038182,1,2.851071555038182
2026-08-04,2024,2024-07-07,3.263600643209654,1,3.2636006432096534
2026-08-04,2024,2024-07-08,3.098589007941065,1,3.0985890079410647
2026-08-04,2024,2024-07-09,1.5722313817066205,1,1.5722313817066205
2026-08-04,2024,2024-07-10,0.3758970260093534,1,0.3758970260093537
2026-08-04,2024,2024-07-11,-0.036632062162118055,1,-0.036632062162117604
2026-08-04,2024,2024-07-12,-0.4491611503335895,1,-0.44916115033358894
2026-08-04,2024,2024-07-13,-0.3666553326992952,1,-0.3666553326992947
2026-08-04,2024,2024-07-14,1.737243016975209,1,1.737243016975209
2026-08-04,2024,2024-07-15,1.159702293535149,1,1.1597022935351493
2026-08-04,2024,2024-07-16,-0.036632062162118055,1,-0.036632062162117604
2026-08-04,2024,2024-07-17,-0.20164369743070662,1,-0.20164369743070612
2026-08-04,2024,2024-07-18,0.00462084665502909,1,0.004620846655029535
2026-08-04,2024,2024-07-19,1.0771964759008548,1,1.077196475900855
2026-08-04,2024,2024-07-20,1.2422081111694434,1,1.2422081111694436
2026-08-04,2024,2024-07-21,2.1910250139638277,1,2.1910250139638277
2026-08-04,2024,2024-07-22,2.6860599197695936,1,2.6860599197695936
2026-08-04,2024,2024-07-23,1.2834610199865906,1,1.2834610199865908
2026-08-04,2024,2024-07-24,0.3758970260093534,1,0.3758970260093537
2026-08-04,2024,2024-07-25,1.2009552023522962,1,1.2009552023522965
2026-08-04,2024,2024-07-26,1.2834610199865906,1,1.2834610199865908
2026-08-04,2024,2024-07-27,1.8197488346095034,1,1.8197488346095034
2026-08-04,2024,2024-07-28,2.1085191963295333,1,2.1085191963295333
2026-08-04,2024,2024-07-29,2.273530831598122,1,2.273530831598122
2026-08-04,2024,2024-07-30,1.5309784728894733,1,1.5309784728894733
2026-08-04,2024,2024-07-31,0.4996557524607948,1,0.49965575246079513
2026-08-04,2024,2024-08-01,0.9946906582665606,1,0.9946906582665608
2026-08-04,2024,2024-08-02,1.2009552023522962,1,1.2009552023522965
2026-08-04,2024,2024-08-03,0.8296790229979719,1,0.8296790229979721
2026-08-04,2024,2024-08-04,2.1497721051466803,1,2.1497721051466803
2026-08-04,2024,2024-08-05,1.2834610199865906,1,1.2834610199865908
2026-08-04,2024,2024-08-06,0.2933912083750591,1,0.2933912083750595
2026-08-04,2024,2024-08-07,-0.0778849709792652,1,-0.07788497097926474
2026-08-04,2024,2024-08-08,0.7471732053636776,1,0.7471732053636779
2026-08-04,2024,2024-08-09,0.9946906582665606,1,0.9946906582665608
2026-08-04,2024,2024-08-10,1.118449384718002,1,1.1184493847180021
2026-08-04,2024,2024-08-11,1.6134842905237676,1,1.6134842905237676
2026-08-04,2024,2024-08-12,1.5309784728894733,1,1.5309784728894733
2026-08-04,2024,2024-08-13,0.7471732053636776,1,0.7471732053636779
2026-08-04,2024,2024-08-14,0.04587375547217623,1,0.04587375547217667
2026-08-04,2024,2024-08-15,-0.3254024238821481,1,-0.3254024238821476
2026-08-04,2024,2024-08-16,-0.4904140591507366,1,-0.49041405915073605
2026-08-04,2024,2024-08-17,0.8261227359229294,1,0.8261227359229296
2026-08-04,2024,2024-08-18,1.0750627026506032,1,1.0750627026506034
2026-08-04,2024,2024-08-19,1.4107760292049634,1,1.4107760292049636
2026-08-04,2024,2024-08-20,0.015289701417990588,1,0.01528970141799103
2026-08-04,2024,2024-08-21,-0.3638103050497129,1,-0.3638103050497124
2026-08-04,2024,2024-08-22,-0.4505836648763991,1,-0.45058366487639856
2026-08-04,2024,2024-08-23,-0.4505836648763991,1,-0.45058366487639856
2026-08-04,2024,2024-08-24,-0.2336502653096835,1,-0.233650265309683
2026-08-04,2024,2024-08-25,-0.20164369814872507,1,-0.20164369814872457
2026-08-04,2024,2024-08-26,-0.41857709771544077,1,-0.4185770977154402
2026-08-04,2024,2024-08-27,-0.6127502717773868,1,-0.6127502717773863
2026-08-04,2024,2024-08-28,-0.6561369516907299,1,-0.6561369516907294
2026-08-04,2024,2024-08-29,-0.6881435188516883,1,-0.6881435188516878
2026-08-04,2024,2024-08-30,-0.7749168786783747,1,-0.774916878678374
2026-08-04,2024,2024-08-31,-0.6881435188516883,1,-0.6881435188516878
2026-08-04,2024,2024-09-01,-0.6013701590250021,1,-0.6013701590250016
2026-08-04,2024,2024-09-02,-0.6241303845297717,1,-0.6241303845297711
2026-08-04,2024,2024-09-03,-0.7315301987650316,1,-0.731530198765031
2026-08-04,2024,2024-09-04,-0.699523631604073,1,-0.6995236316040725
2026-08-04,2024,2024-09-05,-0.6561369516907299,1,-0.6561369516907294
2026-08-04,2024,2024-09-06,-0.5807437046164285,1,-0.580743704616428
2026-08-04,2024,2024-09-07,-0.4975266304287479,1,-0.49752663042874734
2026-08-04,2024,2024-09-08,-0.15612324785720447,1,-0.156123247857204
2026-08-04,2024,2024-09-09,-0.5430470814382871,1,-0.5430470814382865
2026-08-04,2024,2024-09-10,-0.4975266304287479,1,-0.49752663042874734
2026-08-04,2024,2024-09-11,-0.4975266304287479,1,-0.49752663042874734
2026-08-04,2024,2024-09-12,-0.47476640492397837,1,-0.4747664049239778
2026-08-04,2024,2024-09-13,0.5039232917811128,1,0.5039232917811132
2026-08-04,2024,2024-09-14,-0.08784257134289587,1,-0.08784257134289541
2026-08-04,2024,2024-09-15,-0.4975266304287479,1,-0.49752663042874734
2026-08-04,2024,2024-09-16,-0.6796084344669043,1,-0.6796084344669038
2026-08-04,2024,2024-09-17,-0.5202868559335174,1,-0.5202868559335169
2026-08-04,2024,2024-09-18,-0.5430470814382871,1,-0.5430470814382865
2026-08-04,2024,2024-09-19,0.549443742790652,1,0.5494437427906523
2026-08-04,2024,2024-09-20,-0.2926846008858219,1,-0.2926846008858214
2026-08-04,2024,2024-09-21,-0.6796084344669043,1,-0.6796084344669038
2026-08-04,2024,2024-09-22,-0.7934095619907522,1,-0.7934095619907515
2026-08-04,2024,2024-09-23,-0.7706493364859827,1,-0.770649336485982
2026-08-04,2024,2024-09-24,-0.7706493364859827,1,-0.770649336485982
2026-08-04,2024,2024-09-25,-0.7934095619907522,1,-0.7934095619907515
2026-08-04,2024,2024-09-26,-0.7706493364859827,1,-0.770649336485982
2026-08-04,2024,2024-09-27,-0.8161697874955218,1,-0.8161697874955212
2026-08-04,2024,2024-09-28,-0.7934095619907522,1,-0.7934095619907515
2026-08-04,2024,2024-09-29,-0.7934095619907522,1,-0.7934095619907515
2026-08-04,2024,2024-09-30,-0.7934095619907522,1,-0.7934095619907515
2026-08-04,2025,2025-05-01,-0.8546459608564081,1,-0.8546459608564082
2026-08-04,2025,2025-05-02,-0.8941874267988311,1,-0.8941874267988313
2026-08-04,2025,2025-05-03,-0.9732703586836772,1,-0.9732703586836774
2026-08-04,2025,2025-05-04,-1.0128118246261002,1,-1.0128118246261004
2026-08-04,2025,2025-05-05,-0.9337288927412541,1,-0.9337288927412544
2026-08-04,2025,2025-05-06,-0.9732703586836772,1,-0.9732703586836774
2026-08-04,2025,2025-05-07,-0.8546459608564081,1,-0.8546459608564082
2026-08-04,2025,2025-05-08,-0.8151044949139851,1,-0.8151044949139852
2026-08-04,2025,2025-05-09,-0.8546459608564081,1,-0.8546459608564082
2026-08-04,2025,2025-05-10,-1.0128118246261002,1,-1.0128118246261004
2026-08-04,2025,2025-05-11,-0.9337288927412541,1,-0.9337288927412544
2026-08-04,2025,2025-05-12,-0.8151044949139851,1,-0.8151044949139852
2026-08-04,2025,2025-05-13,-0.696480097086716,1,-0.6964800970867161
2026-08-04,2025,2025-05-14,-0.656938631144293,1,-0.6569386311442931
2026-08-04,2025,2025-05-15,-0.696480097086716,1,-0.6964800970867161
2026-08-04,2025,2025-05-16,-0.775563028971562,1,-0.7755630289715622
2026-08-04,2025,2025-05-17,-0.8941874267988311,1,-0.8941874267988313
2026-08-04,2025,2025-05-18,-0.8546459608564081,1,-0.8546459608564082
2026-08-04,2025,2025-05-19,-0.656938631144293,1,-0.6569386311442931
2026-08-04,2025,2025-05-20,-0.34060690360490864,1,-0.3406069036049086
2026-08-04,2025,2025-05-21,-0.2615239717200626,1,-0.2615239717200625
2026-08-04,2025,2025-05-22,-0.4592313014321778,1,-0.4592313014321778
2026-08-04,2025,2025-05-23,-0.656938631144293,1,-0.6569386311442931
2026-08-04,2025,2025-05-24,-0.9732703586836772,1,-0.9732703586836774
2026-08-04,2025,2025-05-25,-0.9337288927412541,1,-0.9337288927412544
2026-08-04,2025,2025-05-26,-0.696480097086716,1,-0.6964800970867161
2026-08-04,2025,2025-05-27,-0.736021563029139,1,-0.7360215630291391
2026-08-04,2025,2025-05-28,-0.5778556992594468,1,-0.5778556992594468
2026-08-04,2025,2025-05-29,-0.656938631144293,1,-0.6569386311442931
2026-08-04,2025,2025-05-30,-0.696480097086716,1,-0.6964800970867161
2026-08-04,2025,2025-05-31,-0.9337288927412541,1,-0.9337288927412544
2026-08-04,2025,2025-06-01,-0.775563028971562,1,-0.7755630289715622
2026-08-04,2025,2025-06-02,-0.4592313014321778,1,-0.4592313014321778
2026-08-04,2025,2025-06-03,-0.5383142333170238,1,-0.5383142333170238
2026-08-04,2025,2025-06-04,-0.4592313014321778,1,-0.4592313014321778
2026-08-04,2025,2025-06-05,-0.4592313014321778,1,-0.4592313014321778
2026-08-04,2025,2025-06-06,-0.4987727673746008,1,-0.4987727673746008
2026-08-04,2025,2025-06-07,-0.736021563029139,1,-0.7360215630291391
2026-08-04,2025,2025-06-08,-0.775563028971562,1,-0.7755630289715622
2026-08-04,2025,2025-06-09,-0.5778556992594468,1,-0.5778556992594468
2026-08-04,2025,2025-06-10,-0.656938631144293,1,-0.6569386311442931
2026-08-04,2025,2025-06-11,-0.736021563029139,1,-0.7360215630291391
2026-08-04,2025,2025-06-12,-0.656938631144293,1,-0.6569386311442931
2026-08-04,2025,2025-06-13,-0.696480097086716,1,-0.6964800970867161
2026-08-04,2025,2025-06-14,-0.8941874267988311,1,-0.8941874267988313
2026-08-04,2025,2025-06-15,-0.4987727673746008,1,-0.4987727673746008
2026-08-04,2025,2025-06-16,0.29205655147385984,1,0.29205655147386017
2026-08-04,2025,2025-06-17,1.0038029384374745,1,1.0038029384374751
2026-08-04,2025,2025-06-18,0.8851785406102054,1,0.8851785406102061
2026-08-04,2025,2025-06-19,0.5688468130708211,1,0.5688468130708215
2026-08-04,2025,2025-06-20,0.05480775581932167,1,0.054807755819321895
2026-08-04,2025,2025-06-21,-0.18244103983521653,1,-0.18244103983521642
2026-08-04,2025,2025-06-22,0.01526628987689864,1,0.015266289876898844
2026-08-04,2025,2025-06-23,-0.10335810795037045,1,-0.1033581079503703
2026-08-04,2025,2025-06-24,-0.34060690360490864,1,-0.3406069036049086
2026-08-04,2025,2025-06-25,-0.4196898354897547,1,-0.41968983548975464
2026-08-04,2025,2025-06-26,-0.3010654376624856,1,-0.3010654376624855
2026-08-04,2025,2025-06-27,-0.2615239717200626,1,-0.2615239717200625
2026-08-04,2025,2025-06-28,-0.18244103983521653,1,-0.18244103983521642
2026-08-04,2025,2025-06-29,-0.024275176065524394,1,-0.024275176065524207
2026-08-04,2025,2025-06-30,0.17343215364659076,1,0.17343215364659104
2026-08-04,2025,2025-07-01,0.17343215364659076,1,0.17343215364659104
2026-08-04,2025,2025-07-02,0.13389068770416773,1,0.13389068770416798
2026-08-04,2025,2025-07-03,-0.024275176065524394,1,-0.024275176065524207
2026-08-04,2025,2025-07-04,0.0943492217617447,1,0.09434922176174494
2026-08-04,2025,2025-07-05,2.0714225188828963,1,2.071422518882897
2026-08-04,2025,2025-07-06,2.4272957123647037,1,2.4272957123647045
2026-08-04,2025,2025-07-07,2.90179330367378,1,2.9017933036737813
2026-08-04,2025,2025-07-08,2.743627439904088,1,2.743627439904089
2026-08-04,2025,2025-07-09,2.3482127804798574,1,2.3482127804798583
2026-08-04,2025,2025-07-10,0.8851785406102054,1,0.8851785406102061
2026-08-04,2025,2025-07-11,-0.3010654376624856,1,-0.3010654376624855
2026-08-04,2025,2025-07-12,-0.656938631144293,1,-0.6569386311442931
2026-08-04,2025,2025-07-13,-0.4196898354897547,1,-0.41968983548975464
2026-08-04,2025,2025-07-14,-0.38014836954733167,1,-0.3801483695473316
2026-08-04,2025,2025-07-15,-0.4592313014321778,1,-0.4592313014321778
2026-08-04,2025,2025-07-16,-0.6173971652018698,1,-0.6173971652018698
2026-08-04,2025,2025-07-17,-0.38014836954733167,1,-0.3801483695473316
2026-08-04,2025,2025-07-18,-0.38014836954733167,1,-0.3801483695473316
2026-08-04,2025,2025-07-19,-0.38014836954733167,1,-0.3801483695473316
2026-08-04,2025,2025-07-20,0.9642614724950515,1,0.9642614724950521
2026-08-04,2025,2025-07-21,1.715549325401089,1,1.7155493254010898
2026-08-04,2025,2025-07-22,2.0714225188828963,1,2.071422518882897
2026-08-04,2025,2025-07-23,1.873715189170781,1,1.8737151891707822
2026-08-04,2025,2025-07-24,1.834173723228358,1,1.834173723228359
2026-08-04,2025,2025-07-25,1.873715189170781,1,1.8737151891707822
2026-08-04,2025,2025-07-26,0.6479297449556671,1,0.6479297449556677
2026-08-04,2025,2025-07-27,0.9642614724950515,1,0.9642614724950521
2026-08-04,2025,2025-07-28,1.7550907913435119,1,1.755090791343513
2026-08-04,2025,2025-07-29,0.6479297449556671,1,0.6479297449556677
2026-08-04,2025,2025-07-30,-0.10335810795037045,1,-0.1033581079503703
2026-08-04,2025,2025-07-31,-0.22198250577763956,1,-0.22198250577763948
2026-08-04,2025,2025-08-01,-0.4196898354897547,1,-0.41968983548975464
2026-08-04,2025,2025-08-02,0.450222415243552,1,0.45022241524355244
2026-08-04,2025,2025-08-03,1.873715189170781,1,1.8737151891707822
2026-08-04,2025,2025-08-04,1.9527981210556271,1,1.9527981210556282
2026-08-04,2025,2025-08-05,2.6250030420768184,1,2.62500304207682
2026-08-04,2025,2025-08-06,2.5854615761343958,1,2.585461576134397
2026-08-04,2025,2025-08-07,0.6874712108980902,1,0.6874712108980907
2026-08-04,2025,2025-08-08,-0.14289957389279348,1,-0.14289957389279334
2026-08-04,2025,2025-08-09,-0.4987727673746008,1,-0.4987727673746008
2026-08-04,2025,2025-08-10,-0.736021563029139,1,-0.7360215630291391
2026-08-04,2025,2025-08-11,-0.736021563029139,1,-0.7360215630291391
2026-08-04,2025,2025-08-12,-0.696480097086716,1,-0.6964800970867161
2026-08-04,2025,2025-08-13,-0.6173971652018698,1,-0.6173971652018698
2026-08-04,2025,2025-08-14,-0.6173971652018698,1,-0.6173971652018698
2026-08-04,2025,2025-08-15,-0.5383142333170238,1,-0.5383142333170238
2026-08-04,2025,2025-08-16,0.5688468130708211,1,0.5688468130708215
2026-08-04,2025,2025-08-17,1.3622722887998118,1,1.3622722887998127
2026-08-04,2025,2025-08-18,1.636466393544858,1,1.636466393544859
2026-08-04,2025,2025-08-19,1.2819911306734193,1,1.2819911306734202
2026-08-04,2025,2025-08-20,1.509254707657941,1,1.509254707657942
2026-08-04,2025,2025-08-21,1.0411476562942414,1,1.041147656294242
2026-08-04,2025,2025-08-22,1.1214288144206341,1,1.1214288144206348
2026-08-04,2025,2025-08-23,1.4092028165603367,1,1.4092028165603376
2026-08-04,2025,2025-08-24,1.6698170239107262,1,1.669817023910727
2026-08-04,2025,2025-08-25,1.235060602912895,1,1.2350606029128957
2026-08-04,2025,2025-08-26,0.9608664981678489,1,0.9608664981678495
2026-08-04,2025,2025-08-27,0.05800302580631763,1,0.05800302580631785
2026-08-04,2025,2025-08-28,-0.503965081078431,1,-0.503965081078431
2026-08-04,2025,2025-08-29,0.3791276583118884,1,0.37912765831188877
2026-08-04,2025,2025-08-30,1.3622722887998118,1,1.3622722887998127
2026-08-04,2025,2025-08-31,1.3622722887998118,1,1.3622722887998127
2026-08-04,2025,2025-09-01,1.0547275536888978,1,1.0547275536888985
2026-08-04,2025,2025-09-02,0.9275158678019806,1,0.9275158678019813
2026-08-04,2025,2025-09-03,0.011072498045793097,1,0.0110724980457933
2026-08-04,2025,2025-09-04,-0.6978780276970845,1,-0.6978780276970846
2026-08-04,2025,2025-09-05,-0.8115098161893453,1,-0.8115098161893454
2026-08-04,2025,2025-09-06,-0.744808555457609,1,-0.7448085554576092
2026-08-04,2025,2025-09-07,0.06119829579331373,1,0.06119829579331395
2026-08-04,2025,2025-09-08,1.1204302925765246,1,1.1204302925765253
2026-08-04,2025,2025-09-09,-0.21039965209981726,1,-0.21039965209981715
2026-08-04,2025,2025-09-10,-0.6992759583074529,1,-0.699275958307453
2026-08-04,2025,2025-09-11,-0.8079151374647054,1,-0.8079151374647056
2026-08-04,2025,2025-09-12,-0.8893945218326447,1,-0.8893945218326449
2026-08-04,2025,2025-09-13,-0.8893945218326447,1,-0.8893945218326449
2026-08-04,2025,2025-09-14,-0.7807553426753923,1,-0.7807553426753924
2026-08-04,2025,2025-09-15,-0.7807553426753923,1,-0.7807553426753924
2026-08-04,2025,2025-09-16,-0.10176047294256478,1,-0.10176047294256463
2026-08-04,2025,2025-09-17,0.8488323446833936,1,0.8488323446833942
2026-08-04,2025,2025-09-18,-0.10176047294256478,1,-0.10176047294256463
2026-08-04,2025,2025-09-19,-0.8622347270433316,1,-0.8622347270433317
2026-08-04,2025,2025-09-20,-0.15608006252119094,1,-0.1560800625211908
2026-08-04,2025,2025-09-21,-0.15608006252119094,1,-0.1560800625211908
2026-08-04,2025,2025-09-22,-0.9165543166219577,1,-0.916554316621958
2026-08-04,2025,2025-09-23,-0.9437141114112709,1,-0.9437141114112712
2026-08-04,2025,2025-09-24,-0.9165543166219577,1,-0.916554316621958
2026-08-04,2025,2025-09-25,-0.9165543166219577,1,-0.916554316621958
2026-08-04,2025,2025-09-26,-0.9165543166219577,1,-0.916554316621958
2026-08-04,2025,2025-09-27,-0.9708739062005839,1,-0.9708739062005841
2026-08-04,2025,2025-09-28,-0.9437141114112709,1,-0.9437141114112712
2026-08-04,2025,2025-09-29,-0.9437141114112709,1,-0.9437141114112712
2026-08-04,2025,2025-09-30,-0.9708739062005839,1,-0.9708739062005841
2026-08-05,2021,2021-05-01,-0.9579360221862406,1,-0.9579360221862394
2026-08-05,2021,2021-05-02,-0.9579360221862406,1,-0.9579360221862394
2026-08-05,2021,2021-05-03,-0.7899048329094033,1,-0.7899048329094023
2026-08-05,2021,2021-05-04,-0.7418959216874498,1,-0.7418959216874488
2026-08-05,2021,2021-05-05,-0.9579360221862406,1,-0.9579360221862394
2026-08-05,2021,2021-05-06,-0.5978691880215893,1,-0.5978691880215884
2026-08-05,2021,2021-05-07,-0.621873643632566,1,-0.6218736436325651
2026-08-05,2021,2021-05-08,-0.6458780992435428,1,-0.6458780992435419
2026-08-05,2021,2021-05-09,-0.2858112650788915,1,-0.2858112650788909
2026-08-05,2021,2021-05-10,-0.45384245435572873,1,-0.453842454355728
2026-08-05,2021,2021-05-11,-0.621873643632566,1,-0.6218736436325651
2026-08-05,2021,2021-05-12,-0.5738647324106125,1,-0.5738647324106116
2026-08-05,2021,2021-05-13,-0.6938870104654963,1,-0.6938870104654953
2026-08-05,2021,2021-05-14,-0.4778469099667055,1,-0.4778469099667047
2026-08-05,2021,2021-05-15,-0.3818290875227985,1,-0.3818290875227978
2026-08-05,2021,2021-05-16,-0.7418959216874498,1,-0.7418959216874488
2026-08-05,2021,2021-05-17,-0.2618068094679147,1,-0.2618068094679141
2026-08-05,2021,2021-05-18,-0.45384245435572873,1,-0.453842454355728
2026-08-05,2021,2021-05-19,-0.5018513655776823,1,-0.5018513655776815
2026-08-05,2021,2021-05-20,-0.6698825548545195,1,-0.6698825548545186
2026-08-05,2021,2021-05-21,-0.5978691880215893,1,-0.5978691880215884
2026-08-05,2021,2021-05-22,-0.9579360221862406,1,-0.9579360221862394
2026-08-05,2021,2021-05-23,-0.5738647324106125,1,-0.5738647324106116
2026-08-05,2021,2021-05-24,-0.2858112650788915,1,-0.2858112650788909
2026-08-05,2021,2021-05-25,-0.2618068094679147,1,-0.2618068094679141
2026-08-05,2021,2021-05-26,-0.40583354313377523,1,-0.40583354313377457
2026-08-05,2021,2021-05-27,-0.5978691880215893,1,-0.5978691880215884
2026-08-05,2021,2021-05-28,-0.5978691880215893,1,-0.5978691880215884
2026-08-05,2021,2021-05-29,-0.4778469099667055,1,-0.4778469099667047
2026-08-05,2021,2021-05-30,-0.7659003772984265,1,-0.7659003772984255
2026-08-05,2021,2021-05-31,-0.2618068094679147,1,-0.2618068094679141
2026-08-05,2021,2021-06-01,-0.16578898702400768,1,-0.16578898702400718
2026-08-05,2021,2021-06-02,-0.4778469099667055,1,-0.4778469099667047
2026-08-05,2021,2021-06-03,-0.3818290875227985,1,-0.3818290875227978
2026-08-05,2021,2021-06-04,-0.5498602767996358,1,-0.549860276799635
2026-08-05,2021,2021-06-05,-0.6458780992435428,1,-0.6458780992435419
2026-08-05,2021,2021-06-06,-0.4778469099667055,1,-0.4778469099667047
2026-08-05,2021,2021-06-07,-0.02176225335814716,1,-0.02176225335814679
2026-08-05,2021,2021-06-08,0.7223758705821323,1,0.7223758705821319
2026-08-05,2021,2021-06-09,0.9144115154699463,1,0.9144115154699458
2026-08-05,2021,2021-06-10,1.0584382491358069,1,1.0584382491358064
2026-08-05,2021,2021-06-11,0.5543446813052949,1,0.5543446813052948
2026-08-05,2021,2021-06-12,0.0022422022528295945,1,0.0022422022528299436
2026-08-05,2021,2021-06-13,-0.06977116458010067,1,-0.06977116458010027
2026-08-05,2021,2021-06-14,-0.2618068094679147,1,-0.2618068094679141
2026-08-05,2021,2021-06-15,-0.06977116458010067,1,-0.06977116458010027
2026-08-05,2021,2021-06-16,-0.333820176300845,1,-0.3338201763008444
2026-08-05,2021,2021-06-17,-0.2858112650788915,1,-0.2858112650788909
2026-08-05,2021,2021-06-18,-0.4778469099667055,1,-0.4778469099667047
2026-08-05,2021,2021-06-19,-0.5738647324106125,1,-0.5738647324106116
2026-08-05,2021,2021-06-20,-0.35782463191182173,1,-0.35782463191182107
2026-08-05,2021,2021-06-21,-0.16578898702400768,1,-0.16578898702400718
2026-08-05,2021,2021-06-22,-0.06977116458010067,1,-0.06977116458010027
2026-08-05,2021,2021-06-23,-0.4778469099667055,1,-0.4778469099667047
2026-08-05,2021,2021-06-24,-0.3980017115652954,1,-0.39800171156529474
2026-08-05,2021,2021-06-25,-0.4623967020912318,1,-0.46239670209123107
2026-08-05,2021,2021-06-26,-0.5027872370061914,1,-0.5027872370061907
2026-08-05,2021,2021-06-27,-0.5551799997266395,1,-0.5551799997266387
2026-08-05,2021,2021-06-28,-0.2692117305134227,1,-0.2692117305134221
2026-08-05,2021,2021-06-29,-0.15242397726703827,1,-0.15242397726703777
2026-08-05,2021,2021-06-30,-0.4503944742857434,1,-0.4503944742857427
2026-08-05,2021,2021-07-01,-0.43839224648025504,1,-0.4383922464802543
2026-08-05,2021,2021-07-02,-0.5671822275321278,1,-0.5671822275321269
2026-08-05,2021,2021-07-03,-0.7123582878879834,1,-0.7123582878879824
2026-08-05,2021,2021-07-04,-0.6075727624470875,1,-0.6075727624470866
2026-08-05,2021,2021-07-05,-0.4503944742857434,1,-0.4503944742857427
2026-08-05,2021,2021-07-06,-0.007247916911182696,1,-0.007247916911182339
2026-08-05,2021,2021-07-07,-0.12403567015756693,1,-0.12403567015756647
2026-08-05,2021,2021-07-08,-0.2932161861243994,1,-0.2932161861243988
2026-08-05,2021,2021-07-09,-0.333606721039359,1,-0.3336067210393584
2026-08-05,2021,2021-07-10,1.4345956569603895,1,1.4345956569603886
2026-08-05,2021,2021-07-11,0.5886930771262279,1,0.5886930771262276
2026-08-05,2021,2021-07-12,1.1890179226621327,1,1.189017922662132
2026-08-05,2021,2021-07-13,0.3431153428279705,1,0.34311534282797057
2026-08-05,2021,2021-07-14,0.08115152922573053,1,0.08115152922573081
2026-08-05,2021,2021-07-15,0.4047027190683794,1,0.4047027190683794
2026-08-05,2021,2021-07-16,1.3131285465714595,1,1.3131285465714588
2026-08-05,2021,2021-07-17,1.483458389228287,1,1.4834583892282862
2026-08-05,2021,2021-07-18,2.5622140593881944,1,2.5622140593881926
2026-08-05,2021,2021-07-19,4.719725399708009,1,4.719725399708005
2026-08-05,2021,2021-07-20,3.1299802015776192,1,3.129980201577617
2026-08-05,2021,2021-07-21,2.3351076025124247,1,2.335107602512423
2026-08-05,2021,2021-07-22,2.2783309882934817,1,2.27833098829348
2026-08-05,2021,2021-07-23,2.2783309882934817,1,2.27833098829348
2026-08-05,2021,2021-07-24,1.7673414603229995,1,1.7673414603229984
2026-08-05,2021,2021-07-25,1.483458389228287,1,1.4834583892282862
2026-08-05,2021,2021-07-26,0.8589156328199195,1,0.858915632819919
2026-08-05,2021,2021-07-27,0.4047027190683794,1,0.4047027190683794
2026-08-05,2021,2021-07-28,0.8589156328199195,1,0.858915632819919
2026-08-05,2021,2021-07-29,0.802139018600977,1,0.8021390186009767
2026-08-05,2021,2021-07-30,0.802139018600977,1,0.8021390186009767
2026-08-05,2021,2021-07-31,0.9724688612578045,1,0.972468861257804
2026-08-05,2021,2021-08-01,1.5970116176661722,1,1.5970116176661713
2026-08-05,2021,2021-08-02,2.0512245314177115,1,2.05122453141771
2026-08-05,2021,2021-08-03,2.221554374074539,1,2.221554374074538
2026-08-05,2021,2021-08-04,2.9028737447018496,1,2.9028737447018473
2026-08-05,2021,2021-08-05,2.221554374074539,1,2.221554374074538
2026-08-05,2021,2021-08-06,1.6537882318851143,1,1.6537882318851131
2026-08-05,2021,2021-08-07,0.575032561725207,1,0.5750325617252068
2026-08-05,2021,2021-08-08,0.23437287641155186,1,0.23437287641155202
2026-08-05,2021,2021-08-09,0.9724688612578045,1,0.972468861257804
2026-08-05,2021,2021-08-10,1.9944479171987697,1,1.9944479171987683
2026-08-05,2021,2021-08-11,1.0860220896956896,1,1.0860220896956891
2026-08-05,2021,2021-08-12,0.06404303375472446,1,0.06404303375472475
2026-08-05,2021,2021-08-13,-0.3901698799968155,1,-0.39016987999681485
2026-08-05,2021,2021-08-14,-0.6172763368725857,1,-0.6172763368725848
2026-08-05,2021,2021-08-15,-0.787606179529413,1,-0.787606179529412
2026-08-05,2021,2021-08-16,-0.5037231084347006,1,-0.5037231084346998
2026-08-05,2021,2021-08-17,-0.39138934575678463,1,-0.39138934575678397
2026-08-05,2021,2021-08-18,-0.051461339899111086,1,-0.051461339899110684
2026-08-05,2021,2021-08-19,0.12415593513642048,1,0.12415593513642072
2026-08-05,2021,2021-08-20,0.06184799538678019,1,0.061847995386780485
2026-08-05,2021,2021-08-21,-0.10246273543536173,1,-0.10246273543536129
2026-08-05,2021,2021-08-22,0.11284939092303083,1,0.11284939092303108
2026-08-05,2021,2021-08-23,-0.2780800104708935,1,-0.2780800104708929
2026-08-05,2021,2021-08-24,-0.051461339899111086,1,-0.051461339899110684
2026-08-05,2021,2021-08-25,0.2884666659585624,1,0.28846666595856246
2026-08-05,2021,2021-08-26,1.3082506835315832,1,1.3082506835315826
2026-08-05,2021,2021-08-27,1.03063061742355,1,1.0306306174235496
2026-08-05,2021,2021-08-28,1.1439399527094412,1,1.1439399527094405
2026-08-05,2021,2021-08-29,0.07315453960016984,1,0.07315453960017011
2026-08-05,2021,2021-08-30,0.5263918807437346,1,0.5263918807437344
2026-08-05,2021,2021-08-31,-0.26677346625750376,1,-0.2667734662575032
2026-08-05,2021,2021-09-01,-0.6690094118648178,1,-0.6690094118648169
2026-08-05,2021,2021-09-02,-0.7426238958278479,1,-0.7426238958278469
2026-08-05,2021,2021-09-03,-0.6916225002915972,1,-0.6916225002915962
2026-08-05,2021,2021-09-04,-0.9579360221862406,1,-0.9579360221862394
2026-08-05,2021,2021-09-05,-0.9579360221862406,1,-0.9579360221862394
2026-08-05,2021,2021-09-06,-0.9579360221862406,1,-0.9579360221862394
2026-08-05,2021,2021-09-07,-0.7318051379184458,1,-0.7318051379184448
2026-08-05,2021,2021-09-08,-0.7770313147720048,1,-0.7770313147720038
2026-08-05,2021,2021-09-09,-0.9579360221862406,1,-0.9579360221862394
2026-08-05,2021,2021-09-10,-0.6639658726381075,1,-0.6639658726381066
2026-08-05,2021,2021-09-11,-0.6413527842113279,1,-0.641352784211327
2026-08-05,2021,2021-09-12,-0.7544182263452253,1,-0.7544182263452243
2026-08-05,2021,2021-09-13,-0.6639658726381075,1,-0.6639658726381066
2026-08-05,2021,2021-09-14,-0.7544182263452253,1,-0.7544182263452243
2026-08-05,2021,2021-09-15,-0.6639658726381075,1,-0.6639658726381066
2026-08-05,2021,2021-09-16,-0.9579360221862406,1,-0.9579360221862394
2026-08-05,2021,2021-09-17,-0.7996444031987843,1,-0.7996444031987833
2026-08-05,2021,2021-09-18,-0.7996444031987843,1,-0.7996444031987833
2026-08-05,2021,2021-09-19,-0.6865789610648869,1,-0.686578961064886
2026-08-05,2021,2021-09-20,-0.6639658726381075,1,-0.6639658726381066
2026-08-05,2021,2021-09-21,-0.7544182263452253,1,-0.7544182263452243
2026-08-05,2021,2021-09-22,-0.6865789610648869,1,-0.686578961064886
2026-08-05,2021,2021-09-23,-0.4830611652238716,1,-0.4830611652238708
2026-08-05,2021,2021-09-24,-0.6187396957845485,1,-0.6187396957845476
2026-08-05,2021,2021-09-25,-0.9579360221862406,1,-0.9579360221862394
2026-08-05,2021,2021-09-26,-0.9579360221862406,1,-0.9579360221862394
2026-08-05,2021,2021-09-27,-0.9579360221862406,1,-0.9579360221862394
2026-08-05,2021,2021-09-28,-0.9579360221862406,1,-0.9579360221862394
2026-08-05,2021,2021-09-29,-0.9579360221862406,1,-0.9579360221862394
2026-08-05,2021,2021-09-30,-0.9579360221862406,1,-0.9579360221862394
2026-08-05,2022,2022-05-01,-0.7702244441230726,1,-0.7702244441230733
2026-08-05,2022,2022-05-02,-0.7164491112559979,1,-0.7164491112559986
2026-08-05,2022,2022-05-03,-0.6626737783889232,1,-0.6626737783889238
2026-08-05,2022,2022-05-04,-0.6626737783889232,1,-0.6626737783889238
2026-08-05,2022,2022-05-05,-0.6088984455218485,1,-0.6088984455218491
2026-08-05,2022,2022-05-06,-0.6088984455218485,1,-0.6088984455218491
2026-08-05,2022,2022-05-07,-0.6626737783889232,1,-0.6626737783889238
2026-08-05,2022,2022-05-08,-0.6626737783889232,1,-0.6626737783889238
2026-08-05,2022,2022-05-09,-0.6626737783889232,1,-0.6626737783889238
2026-08-05,2022,2022-05-10,-0.6626737783889232,1,-0.6626737783889238
2026-08-05,2022,2022-05-11,-0.6088984455218485,1,-0.6088984455218491
2026-08-05,2022,2022-05-12,-0.6626737783889232,1,-0.6626737783889238
2026-08-05,2022,2022-05-13,-0.6626737783889232,1,-0.6626737783889238
2026-08-05,2022,2022-05-14,-0.6626737783889232,1,-0.6626737783889238
2026-08-05,2022,2022-05-15,-0.6626737783889232,1,-0.6626737783889238
2026-08-05,2022,2022-05-16,-0.6626737783889232,1,-0.6626737783889238
2026-08-05,2022,2022-05-17,-0.6088984455218485,1,-0.6088984455218491
2026-08-05,2022,2022-05-18,-0.5551231126547739,1,-0.5551231126547744
2026-08-05,2022,2022-05-19,-0.5551231126547739,1,-0.5551231126547744
2026-08-05,2022,2022-05-20,-0.5551231126547739,1,-0.5551231126547744
2026-08-05,2022,2022-05-21,-0.6626737783889232,1,-0.6626737783889238
2026-08-05,2022,2022-05-22,-0.6088984455218485,1,-0.6088984455218491
2026-08-05,2022,2022-05-23,-0.5551231126547739,1,-0.5551231126547744
2026-08-05,2022,2022-05-24,-0.4475724469206245,1,-0.447572446920625
2026-08-05,2022,2022-05-25,-0.5551231126547739,1,-0.5551231126547744
2026-08-05,2022,2022-05-26,-0.5013477797876992,1,-0.5013477797876997
2026-08-05,2022,2022-05-27,-0.4475724469206245,1,-0.447572446920625
2026-08-05,2022,2022-05-28,-0.1786957825852511,1,-0.17869578258525134
2026-08-05,2022,2022-05-29,0.25150688035134633,1,0.25150688035134644
2026-08-05,2022,2022-05-30,0.03640554888304763,1,0.03640554888304758
2026-08-05,2022,2022-05-31,-0.3937971140535498,1,-0.3937971140535502
2026-08-05,2022,2022-06-01,-0.3937971140535498,1,-0.3937971140535502
2026-08-05,2022,2022-06-02,-0.23247111545232577,1,-0.23247111545232604
2026-08-05,2022,2022-06-03,-0.3937971140535498,1,-0.3937971140535502
2026-08-05,2022,2022-06-04,-0.4475724469206245,1,-0.447572446920625
2026-08-05,2022,2022-06-05,-0.5013477797876992,1,-0.5013477797876997
2026-08-05,2022,2022-06-06,-0.5551231126547739,1,-0.5551231126547744
2026-08-05,2022,2022-06-07,-0.6088984455218485,1,-0.6088984455218491
2026-08-05,2022,2022-06-08,-0.5551231126547739,1,-0.5551231126547744
2026-08-05,2022,2022-06-09,-0.5551231126547739,1,-0.5551231126547744
2026-08-05,2022,2022-06-10,-0.5551231126547739,1,-0.5551231126547744
2026-08-05,2022,2022-06-11,-0.6626737783889232,1,-0.6626737783889238
2026-08-05,2022,2022-06-12,-0.5551231126547739,1,-0.5551231126547744
2026-08-05,2022,2022-06-13,-0.5013477797876992,1,-0.5013477797876997
2026-08-05,2022,2022-06-14,-0.6088984455218485,1,-0.6088984455218491
2026-08-05,2022,2022-06-15,-0.6088984455218485,1,-0.6088984455218491
2026-08-05,2022,2022-06-16,-0.5551231126547739,1,-0.5551231126547744
2026-08-05,2022,2022-06-17,-0.23247111545232577,1,-0.23247111545232604
2026-08-05,2022,2022-06-18,-0.4475724469206245,1,-0.447572446920625
2026-08-05,2022,2022-06-19,0.03640554888304763,1,0.03640554888304758
2026-08-05,2022,2022-06-20,0.25150688035134633,1,0.25150688035134644
2026-08-05,2022,2022-06-21,-0.07114511685110173,1,-0.07114511685110188
2026-08-05,2022,2022-06-22,-0.12492044971817641,1,-0.1249204497181766
2026-08-05,2022,2022-06-23,-0.1786957825852511,1,-0.17869578258525134
2026-08-05,2022,2022-06-24,0.7892602090220932,1,0.7892602090220937
2026-08-05,2022,2022-06-25,2.0260928649648107,1,2.0260928649648124
2026-08-05,2022,2022-06-26,2.1874188635660348,1,2.1874188635660365
2026-08-05,2022,2022-06-27,3.0478241894392295,1,3.047824189439232
2026-08-05,2022,2022-06-28,3.639352850977051,1,3.6393528509770543
2026-08-05,2022,2022-06-29,4.230881512514872,1,4.230881512514876
2026-08-05,2022,2022-06-30,4.607308842584396,1,4.6073088425844
2026-08-05,2022,2022-07-01,3.7469035167112006,1,3.7469035167112037
2026-08-05,2022,2022-07-02,2.617621526502632,1,2.617621526502634
2026-08-05,2022,2022-07-03,1.5958902020282133,1,1.5958902020282146
2026-08-05,2022,2022-07-04,0.950586207623317,1,0.9505862076233178
2026-08-05,2022,2022-07-05,0.6817095432879438,1,0.6817095432879442
2026-08-05,2022,2022-07-06,0.46660821181964507,1,0.46660821181964535
2026-08-05,2022,2022-07-07,0.46660821181964507,1,0.46660821181964535
2026-08-05,2022,2022-07-08,0.03640554888304763,1,0.03640554888304758
2026-08-05,2022,2022-07-09,0.30528221321842103,1,0.3052822132184212
2026-08-05,2022,2022-07-10,0.5203835446867198,1,0.5203835446867201
2026-08-05,2022,2022-07-11,0.627934210420869,1,0.6279342104208695
2026-08-05,2022,2022-07-12,0.0901808817501223,1,0.0901808817501223
2026-08-05,2022,2022-07-13,-0.07114511685110173,1,-0.07114511685110188
2026-08-05,2022,2022-07-14,-0.28624644831940044,1,-0.2862464483194008
2026-08-05,2022,2022-07-15,-0.3400217811864752,1,-0.3400217811864756
2026-08-05,2022,2022-07-16,-0.4475724469206246,1,-0.4475724469206251
2026-08-05,2022,2022-07-17,0.036405548883047534,1,0.036405548883047485
2026-08-05,2022,2022-07-18,0.3590575460854955,1,0.3590575460854957
2026-08-05,2022,2022-07-19,0.09018088175012222,1,0.09018088175012222
2026-08-05,2022,2022-07-20,0.3052822132184208,1,0.305282213218421
2026-08-05,2022,2022-07-21,0.25150688035134616,1,0.2515068803513463
2026-08-05,2022,2022-07-22,0.19773154748427146,1,0.19773154748427155
2026-08-05,2022,2022-07-23,0.5741588775537942,1,0.5741588775537947
2026-08-05,2022,2022-07-24,0.6817095432879435,1,0.681709543287944
2026-08-05,2022,2022-07-25,0.5741588775537942,1,0.5741588775537947
2026-08-05,2022,2022-07-26,-0.07114511685110182,1,-0.07114511685110197
2026-08-05,2022,2022-07-27,0.3590575460854955,1,0.3590575460854957
2026-08-05,2022,2022-07-28,0.4128328789525702,1,0.4128328789525705
2026-08-05,2022,2022-07-29,0.6279342104208689,1,0.6279342104208694
2026-08-05,2022,2022-07-30,1.1656875390916155,1,1.1656875390916166
2026-08-05,2022,2022-07-31,1.8109915334965114,1,1.810991533496513
2026-08-05,2022,2022-08-01,2.1336435306989596,1,2.1336435306989614
2026-08-05,2022,2022-08-02,2.8864981908380045,1,2.886498190838007
2026-08-05,2022,2022-08-03,1.9185421992306608,1,1.9185421992306626
2026-08-05,2022,2022-08-04,0.1439562146171968,1,0.14395621461719685
2026-08-05,2022,2022-08-05,-0.12492044971817651,1,-0.1249204497181767
2026-08-05,2022,2022-08-06,-0.07114511685110182,1,-0.07114511685110197
2026-08-05,2022,2022-08-07,0.19773154748427146,1,0.19773154748427155
2026-08-05,2022,2022-08-08,0.6279342104208689,1,0.6279342104208694
2026-08-05,2022,2022-08-09,0.8430355418891676,1,0.8430355418891683
2026-08-05,2022,2022-08-10,0.6279342104208689,1,0.6279342104208694
2026-08-05,2022,2022-08-11,0.6279342104208689,1,0.6279342104208694
2026-08-05,2022,2022-08-12,0.09018088175012222,1,0.09018088175012222
2026-08-05,2022,2022-08-13,-0.39379711405354983,1,-0.3937971140535503
2026-08-05,2022,2022-08-14,0.09018088175012222,1,0.09018088175012222
2026-08-05,2022,2022-08-15,0.3052822132184208,1,0.305282213218421
2026-08-05,2022,2022-08-16,0.25150688035134616,1,0.2515068803513463
2026-08-05,2022,2022-08-17,-0.12492044974869848,1,-0.12492044974869868
2026-08-05,2022,2022-08-18,-0.33894627454958337,1,-0.33894627454958376
2026-08-05,2022,2022-08-19,-0.2797934083988534,1,-0.27979340839885375
2026-08-05,2022,2022-08-20,-0.33571975457786407,1,-0.33571975457786446
2026-08-05,2022,2022-08-21,-0.3023790482008882,1,-0.30237904820088857
2026-08-05,2022,2022-08-22,-0.2959260082574498,1,-0.2959260082574502
2026-08-05,2022,2022-08-23,-0.1378265296355755,1,-0.1378265296355757
2026-08-05,2022,2022-08-24,-0.23354662213500052,1,-0.2335466221350008
2026-08-05,2022,2022-08-25,-0.5067253130866155,1,-0.5067253130866161
2026-08-05,2022,2022-08-26,-0.4938192331997384,1,-0.49381923319973897
2026-08-05,2022,2022-08-27,-0.14105304960729473,1,-0.14105304960729495
2026-08-05,2022,2022-08-28,-0.5529720993504683,1,-0.5529720993504689
2026-08-05,2022,2022-08-29,-0.5099518330583347,1,-0.5099518330583352
2026-08-05,2022,2022-08-30,-0.5992188856143212,1,-0.5992188856143219
2026-08-05,2022,2022-08-31,-0.5034987931148961,1,-0.5034987931148966
2026-08-05,2022,2022-09-01,-0.5067253130866155,1,-0.5067253130866161
2026-08-05,2022,2022-09-02,-0.6615982717367704,1,-0.6615982717367711
2026-08-05,2022,2022-09-03,-0.5992188856143212,1,-0.5992188856143219
2026-08-05,2022,2022-09-04,-0.5465190594070297,1,-0.5465190594070303
2026-08-05,2022,2022-09-05,-0.4443459269641662,1,-0.4443459269641667
2026-08-05,2022,2022-09-06,-0.35830539437989894,1,-0.3583053943798994
2026-08-05,2022,2022-09-07,-0.1378265296660974,1,-0.1378265296660976
2026-08-05,2022,2022-09-08,-0.35077684779956864,1,-0.3507768477995691
2026-08-05,2022,2022-09-09,-0.5701802058764783,1,-0.570180205876479
2026-08-05,2022,2022-09-10,-0.4411194070077079,1,-0.4411194070077084
2026-08-05,2022,2022-09-11,-0.5959923656502324,1,-0.5959923656502331
2026-08-05,2022,2022-09-12,-0.5250089262724087,1,-0.5250089262724092
2026-08-05,2022,2022-09-13,-0.5185558863289702,1,-0.5185558863289708
2026-08-05,2022,2022-09-14,-0.5056498064420931,1,-0.5056498064420937
2026-08-05,2022,2022-09-15,-0.6347106053108637,1,-0.6347106053108643
2026-08-05,2022,2022-09-16,-0.628257565367425,1,-0.6282575653674257
2026-08-05,2022,2022-09-17,-0.5701802058764783,1,-0.570180205876479
2026-08-05,2022,2022-09-18,-0.6863349248583718,1,-0.6863349248583724
2026-08-05,2022,2022-09-19,-0.6992410047452489,1,-0.6992410047452496
2026-08-05,2022,2022-09-20,-0.7056940446886873,1,-0.7056940446886881
2026-08-05,2022,2022-09-21,-0.6992410047452489,1,-0.6992410047452496
2026-08-05,2022,2022-09-22,-0.6992410047452489,1,-0.6992410047452496
2026-08-05,2022,2022-09-23,-0.7702244441230726,1,-0.7702244441230733
2026-08-05,2022,2022-09-24,-0.7702244441230726,1,-0.7702244441230733
2026-08-05,2022,2022-09-25,-0.6992410047452489,1,-0.6992410047452496
2026-08-05,2022,2022-09-26,-0.6347106053108637,1,-0.6347106053108643
2026-08-05,2022,2022-09-27,-0.6863349248583718,1,-0.6863349248583724
2026-08-05,2022,2022-09-28,-0.6863349248583718,1,-0.6863349248583724
2026-08-05,2022,2022-09-29,-0.6798818849149333,1,-0.679881884914934
2026-08-05,2022,2022-09-30,-0.6540697251411791,1,-0.6540697251411798
2026-08-05,2023,2023-05-01,-0.8857242805180837,1,-0.8857242805180839
2026-08-05,2023,2023-05-02,-0.8857242805180837,1,-0.8857242805180839
2026-08-05,2023,2023-05-03,-0.9176632339387433,1,-0.9176632339387435
2026-08-05,2023,2023-05-04,-0.7260295134147863,1,-0.7260295134147865
2026-08-05,2023,2023-05-05,-0.7260295134147863,1,-0.7260295134147865
2026-08-05,2023,2023-05-06,-0.7579684668354457,1,-0.7579684668354459
2026-08-05,2023,2023-05-07,-0.7579684668354457,1,-0.7579684668354459
2026-08-05,2023,2023-05-08,-0.9176632339387433,1,-0.9176632339387435
2026-08-05,2023,2023-05-09,-0.8537853270974243,1,-0.8537853270974245
2026-08-05,2023,2023-05-10,-0.8537853270974243,1,-0.8537853270974245
2026-08-05,2023,2023-05-11,-0.8537853270974243,1,-0.8537853270974245
2026-08-05,2023,2023-05-12,-0.8857242805180837,1,-0.8857242805180839
2026-08-05,2023,2023-05-13,-0.9496021873594027,1,-0.9496021873594029
2026-08-05,2023,2023-05-14,-1.0134800942007218,1,-1.013480094200722
2026-08-05,2023,2023-05-15,-0.8537853270974243,1,-0.8537853270974245
2026-08-05,2023,2023-05-16,-0.5982736997321483,1,-0.5982736997321485
2026-08-05,2023,2023-05-17,0.23213908920499873,1,0.23213908920499854
2026-08-05,2023,2023-05-18,0.008566415260382241,1,0.00856641526038205
2026-08-05,2023,2023-05-19,-0.6302126531528077,1,-0.63021265315280794
2026-08-05,2023,2023-05-20,-0.8218463736767647,1,-0.8218463736767649
2026-08-05,2023,2023-05-21,-0.6302126531528077,1,-0.63021265315280794
2026-08-05,2023,2023-05-22,-0.6302126531528077,1,-0.63021265315280794
2026-08-05,2023,2023-05-23,-0.8537853270974243,1,-0.8537853270974245
2026-08-05,2023,2023-05-24,-0.7899074202561053,1,-0.7899074202561055
2026-08-05,2023,2023-05-25,-0.7579684668354457,1,-0.7579684668354459
2026-08-05,2023,2023-05-26,-0.8537853270974243,1,-0.8537853270974245
2026-08-05,2023,2023-05-27,-0.7260295134147863,1,-0.7260295134147865
2026-08-05,2023,2023-05-28,-0.7579684668354457,1,-0.7579684668354459
2026-08-05,2023,2023-05-29,-0.7579684668354457,1,-0.7579684668354459
2026-08-05,2023,2023-05-30,-0.7579684668354457,1,-0.7579684668354459
2026-08-05,2023,2023-05-31,-0.8537853270974243,1,-0.8537853270974245
2026-08-05,2023,2023-06-01,-0.7260295134147863,1,-0.7260295134147865
2026-08-05,2023,2023-06-02,-0.8537853270974243,1,-0.8537853270974245
2026-08-05,2023,2023-06-03,-0.8537853270974243,1,-0.8537853270974245
2026-08-05,2023,2023-06-04,-0.6940905599941267,1,-0.6940905599941269
2026-08-05,2023,2023-06-05,-0.4066399792081913,1,-0.40663997920819145
2026-08-05,2023,2023-06-06,-0.6621516065734673,1,-0.6621516065734675
2026-08-05,2023,2023-06-07,-0.3747010257875318,1,-0.37470102578753195
2026-08-05,2023,2023-06-08,-0.5982736997321483,1,-0.5982736997321485
2026-08-05,2023,2023-06-09,-0.7899074202561053,1,-0.7899074202561055
2026-08-05,2023,2023-06-10,-0.7579684668354457,1,-0.7579684668354459
2026-08-05,2023,2023-06-11,-0.7899074202561053,1,-0.7899074202561055
2026-08-05,2023,2023-06-12,-0.7579684668354457,1,-0.7579684668354459
2026-08-05,2023,2023-06-13,-0.5343957928908293,1,-0.5343957928908295
2026-08-05,2023,2023-06-14,-0.6621516065734673,1,-0.6621516065734675
2026-08-05,2023,2023-06-15,-0.7260295134147863,1,-0.7260295134147865
2026-08-05,2023,2023-06-16,-0.4385789326288508,1,-0.43857893262885095
2026-08-05,2023,2023-06-17,-0.11918939842225576,1,-0.11918939842225595
2026-08-05,2023,2023-06-18,0.32795594946697726,1,0.3279559494669771
2026-08-05,2023,2023-06-19,-0.21500625868423426,1,-0.21500625868423445
2026-08-05,2023,2023-06-20,-0.5024568394701697,1,-0.50245683947017
2026-08-05,2023,2023-06-21,-0.5982736997321483,1,-0.5982736997321485
2026-08-05,2023,2023-06-22,-0.7899074202561053,1,-0.7899074202561055
2026-08-05,2023,2023-06-23,-0.8218463736767647,1,-0.8218463736767649
2026-08-05,2023,2023-06-24,-0.6314147897836425,1,-0.6314147897836427
2026-08-05,2023,2023-06-25,-0.2493494853665632,1,-0.2493494853665634
2026-08-05,2023,2023-06-26,-0.1983673735565915,1,-0.1983673735565917
2026-08-05,2023,2023-06-27,-0.37035686737581897,1,-0.37035686737581913
2026-08-05,2023,2023-06-28,0.011708437041260412,1,0.011708437041260221
2026-08-05,2023,2023-06-29,0.32374847125905565,1,0.3237484712590555
2026-08-05,2023,2023-06-30,-0.37035686737581897,1,-0.37035686737581913
2026-08-05,2023,2023-07-01,-0.5613895195843586,1,-0.5613895195843588
2026-08-05,2023,2023-07-02,0.027677913751590164,1,0.027677913751589973
2026-08-05,2023,2023-07-03,0.16772845415015802,1,0.16772845415015783
2026-08-05,2023,2023-07-04,-0.0933294682576656,1,-0.09332946825766579
2026-08-05,2023,2023-07-05,-0.37035686737581897,1,-0.37035686737581913
2026-08-05,2023,2023-07-06,-0.023304198058381666,1,-0.023304198058381857
2026-08-05,2023,2023-07-07,0.16772845415015802,1,0.16772845415015783
2026-08-05,2023,2023-07-08,-0.17932421516727928,1,-0.17932421516727948
2026-08-05,2023,2023-07-09,0.5497937585672372,1,0.549793758567237
2026-08-05,2023,2023-07-10,2.0270728644255827,1,2.0270728644255827
2026-08-05,2023,2023-07-11,2.18309288153448,1,2.18309288153448
2026-08-05,2023,2023-07-12,1.801027577117401,1,1.8010275771174007
2026-08-05,2023,2023-07-13,0.4097432181686693,1,0.40974321816866915
2026-08-05,2023,2023-07-14,0.16772845415015802,1,0.16772845415015783
2026-08-05,2023,2023-07-15,0.5861452105015053,1,0.586145210501505
2026-08-05,2023,2023-07-16,2.3000294655396063,1,2.3000294655396063
2026-08-05,2023,2023-07-17,2.718978950104475,1,2.718978950104475
2026-08-05,2023,2023-07-18,2.6428063165472255,1,2.6428063165472255
2026-08-05,2023,2023-07-19,1.2716989125167455,1,1.2716989125167453
2026-08-05,2023,2023-07-20,0.471886260165632,1,0.47188626016563184
2026-08-05,2023,2023-07-21,0.1671957259366363,1,0.16719572593663612
2026-08-05,2023,2023-07-22,0.09102309237938745,1,0.09102309237938726
2026-08-05,2023,2023-07-23,0.6623178440587542,1,0.6623178440587539
2026-08-05,2023,2023-07-24,0.8527494279518766,1,0.8527494279518764
2026-08-05,2023,2023-07-25,1.0050946950663742,1,1.005094695066374
2026-08-05,2023,2023-07-26,1.2716989125167455,1,1.2716989125167453
2026-08-05,2023,2023-07-27,1.3478715460739943,1,1.347871546073994
2026-08-05,2023,2023-07-28,1.1955262789594967,1,1.1955262789594965
2026-08-05,2023,2023-07-29,1.5763894467457409,1,1.5763894467457407
2026-08-05,2023,2023-07-30,2.4142884158754785,1,2.4142884158754785
2026-08-05,2023,2023-07-31,1.8429936641961122,1,1.842993664196112
2026-08-05,2023,2023-08-01,0.5480588937228809,1,0.5480588937228806
2026-08-05,2023,2023-08-02,2.4142884158754785,1,2.4142884158754785
2026-08-05,2023,2023-08-03,2.3000294655396063,1,2.3000294655396063
2026-08-05,2023,2023-08-04,2.5666336829899765,1,2.5666336829899765
2026-08-05,2023,2023-08-05,2.490461049432728,1,2.490461049432728
2026-08-05,2023,2023-08-06,2.7951515836617236,1,2.7951515836617236
2026-08-05,2023,2023-08-07,1.8429936641961122,1,1.842993664196112
2026-08-05,2023,2023-08-08,0.7384904776160031,1,0.7384904776160028
2026-08-05,2023,2023-08-09,0.052936775600763014,1,0.05293677560076283
2026-08-05,2023,2023-08-10,0.052936775600763014,1,0.05293677560076283
2026-08-05,2023,2023-08-11,-0.061322174735110396,1,-0.061322174735110584
2026-08-05,2023,2023-08-12,0.3957136266083829,1,0.3957136266083827
2026-08-05,2023,2023-08-13,0.43379994338700756,1,0.4337999433870074
2026-08-05,2023,2023-08-14,-0.13749480829235938,1,-0.13749480829235958
2026-08-05,2023,2023-08-15,-0.2517537586282327,1,-0.25175375862823285
2026-08-05,2023,2023-08-16,-0.2517537586282327,1,-0.25175375862823285
2026-08-05,2023,2023-08-17,1.300739102614335,1,1.3007391026143347
2026-08-05,2023,2023-08-18,1.4933565735806436,1,1.4933565735806433
2026-08-05,2023,2023-08-19,2.228549685886608,1,2.228549685886608
2026-08-05,2023,2023-08-20,2.0006554433610284,1,2.0006554433610284
2026-08-05,2023,2023-08-21,1.7022076577169103,1,1.70220765771691
2026-08-05,2023,2023-08-22,0.8096738460039076,1,0.8096738460039073
2026-08-05,2023,2023-08-23,1.0728448600887566,1,1.0728448600887563
2026-08-05,2023,2023-08-24,0.7391203028853672,1,0.739120302885367
2026-08-05,2023,2023-08-25,0.12599111842717153,1,0.12599111842717134
2026-08-05,2023,2023-08-26,-0.17245666721694733,1,-0.17245666721694752
2026-08-05,2023,2023-08-27,-0.17245666721694733,1,-0.17245666721694752
2026-08-05,2023,2023-08-28,-0.17245666721694733,1,-0.17245666721694752
2026-08-05,2023,2023-08-29,0.8802273891224479,1,0.8802273891224477
2026-08-05,2023,2023-08-30,0.35388536095275025,1,0.3538853609527501
2026-08-05,2023,2023-08-31,-0.13717989565767727,1,-0.13717989565767746
2026-08-05,2023,2023-09-01,-0.3135637534540279,1,-0.3135637534540281
2026-08-05,2023,2023-09-02,-0.17245666721694733,1,-0.17245666721694752
2026-08-05,2023,2023-09-03,-0.2592438235054455,1,-0.25924382350544567
2026-08-05,2023,2023-09-04,-0.3650741381832559,1,-0.36507413818325607
2026-08-05,2023,2023-09-05,-0.3135637534540279,1,-0.3135637534540281
2026-08-05,2023,2023-09-06,-0.6444787654380626,1,-0.6444787654380628
2026-08-05,2023,2023-09-07,-0.7537422834813954,1,-0.7537422834813956
2026-08-05,2023,2023-09-08,-0.8511439625011428,1,-0.851143962501143
2026-08-05,2023,2023-09-09,-0.7212750571414795,1,-0.7212750571414798
2026-08-05,2023,2023-09-10,-0.5264716991019848,1,-0.526471699101985
2026-08-05,2023,2023-09-11,-0.5914061517818163,1,-0.5914061517818165
2026-08-05,2023,2023-09-12,-0.6563406044616479,1,-0.6563406044616481
2026-08-05,2023,2023-09-13,-0.5914061517818163,1,-0.5914061517818165
2026-08-05,2023,2023-09-14,-0.5589389254419005,1,-0.5589389254419007
2026-08-05,2023,2023-09-15,-0.7212750571414795,1,-0.7212750571414798
2026-08-05,2023,2023-09-16,-0.46153724642215316,1,-0.4615372464221533
2026-08-05,2023,2023-09-17,-0.33166834106248994,1,-0.3316683410624901
2026-08-05,2023,2023-09-18,-0.36413556740240577,1,-0.36413556740240594
2026-08-05,2023,2023-09-19,-0.5264716991019848,1,-0.526471699101985
2026-08-05,2023,2023-09-20,-0.6888078308015638,1,-0.688807830801564
2026-08-05,2023,2023-09-21,-0.7862095098213111,1,-0.7862095098213113
2026-08-05,2023,2023-09-22,-0.8511439625011428,1,-0.851143962501143
2026-08-05,2023,2023-09-23,-0.8836111888410586,1,-0.8836111888410588
2026-08-05,2023,2023-09-24,-0.8511439625011428,1,-0.851143962501143
2026-08-05,2023,2023-09-25,-0.8836111888410586,1,-0.8836111888410588
2026-08-05,2023,2023-09-26,-0.8511439625011428,1,-0.851143962501143
2026-08-05,2023,2023-09-27,-0.8186767361612269,1,-0.8186767361612272
2026-08-05,2023,2023-09-28,-0.7537422834813954,1,-0.7537422834813956
2026-08-05,2023,2023-09-29,-0.8511439625011428,1,-0.851143962501143
2026-08-05,2023,2023-09-30,-0.8836111888410586,1,-0.8836111888410588
2026-08-05,2024,2024-05-01,-0.7398330921803622,1,-0.7398330921803616
2026-08-05,2024,2024-05-02,-0.7398330921803622,1,-0.7398330921803616
2026-08-05,2024,2024-05-03,-0.7807640514605484,1,-0.7807640514605477
2026-08-05,2024,2024-05-04,-0.6170402143398038,1,-0.6170402143398033
2026-08-05,2024,2024-05-05,-0.6170402143398038,1,-0.6170402143398033
2026-08-05,2024,2024-05-06,-0.7807640514605484,1,-0.7807640514605477
2026-08-05,2024,2024-05-07,-0.7398330921803622,1,-0.7398330921803616
2026-08-05,2024,2024-05-08,-0.6989021329001761,1,-0.6989021329001756
2026-08-05,2024,2024-05-09,-0.7807640514605484,1,-0.7807640514605477
2026-08-05,2024,2024-05-10,-0.7398330921803622,1,-0.7398330921803616
2026-08-05,2024,2024-05-11,-0.7398330921803622,1,-0.7398330921803616
2026-08-05,2024,2024-05-12,-0.7807640514605484,1,-0.7807640514605477
2026-08-05,2024,2024-05-13,-0.7398330921803622,1,-0.7398330921803616
2026-08-05,2024,2024-05-14,-0.7398330921803622,1,-0.7398330921803616
2026-08-05,2024,2024-05-15,-0.6989021329001761,1,-0.6989021329001756
2026-08-05,2024,2024-05-16,-0.7398330921803622,1,-0.7398330921803616
2026-08-05,2024,2024-05-17,-0.6579711736199899,1,-0.6579711736199894
2026-08-05,2024,2024-05-18,-0.6579711736199899,1,-0.6579711736199894
2026-08-05,2024,2024-05-19,-0.7398330921803622,1,-0.7398330921803616
2026-08-05,2024,2024-05-20,-0.7398330921803622,1,-0.7398330921803616
2026-08-05,2024,2024-05-21,-0.6579711736199899,1,-0.6579711736199894
2026-08-05,2024,2024-05-22,-0.7398330921803622,1,-0.7398330921803616
2026-08-05,2024,2024-05-23,-0.6579711736199899,1,-0.6579711736199894
2026-08-05,2024,2024-05-24,-0.6579711736199899,1,-0.6579711736199894
2026-08-05,2024,2024-05-25,-0.7398330921803622,1,-0.7398330921803616
2026-08-05,2024,2024-05-26,-0.6989021329001761,1,-0.6989021329001756
2026-08-05,2024,2024-05-27,-0.6989021329001761,1,-0.6989021329001756
2026-08-05,2024,2024-05-28,-0.6989021329001761,1,-0.6989021329001756
2026-08-05,2024,2024-05-29,-0.6989021329001761,1,-0.6989021329001756
2026-08-05,2024,2024-05-30,-0.6989021329001761,1,-0.6989021329001756
2026-08-05,2024,2024-05-31,-0.7398330921803622,1,-0.7398330921803616
2026-08-05,2024,2024-06-01,-0.7398330921803622,1,-0.7398330921803616
2026-08-05,2024,2024-06-02,-0.7807640514605484,1,-0.7807640514605477
2026-08-05,2024,2024-06-03,-0.6989021329001761,1,-0.6989021329001756
2026-08-05,2024,2024-06-04,-0.6989021329001761,1,-0.6989021329001756
2026-08-05,2024,2024-06-05,-0.6989021329001761,1,-0.6989021329001756
2026-08-05,2024,2024-06-06,-0.6989021329001761,1,-0.6989021329001756
2026-08-05,2024,2024-06-07,-0.6989021329001761,1,-0.6989021329001756
2026-08-05,2024,2024-06-08,-0.6579711736199899,1,-0.6579711736199894
2026-08-05,2024,2024-06-09,-0.6989021329001761,1,-0.6989021329001756
2026-08-05,2024,2024-06-10,-0.6989021329001761,1,-0.6989021329001756
2026-08-05,2024,2024-06-11,-0.5351782957794314,1,-0.5351782957794309
2026-08-05,2024,2024-06-12,-0.4942473364992453,1,-0.4942473364992448
2026-08-05,2024,2024-06-13,-0.5761092550596176,1,-0.5761092550596171
2026-08-05,2024,2024-06-14,-0.37145445865868687,1,-0.3714544586586864
2026-08-05,2024,2024-06-15,-0.45331637721905915,1,-0.45331637721905865
2026-08-05,2024,2024-06-16,-0.37145445865868687,1,-0.3714544586586864
2026-08-05,2024,2024-06-17,-0.412385417938873,1,-0.4123854179388725
2026-08-05,2024,2024-06-18,-0.5761092550596176,1,-0.5761092550596171
2026-08-05,2024,2024-06-19,-0.4942473364992453,1,-0.4942473364992448
2026-08-05,2024,2024-06-20,-0.4942473364992453,1,-0.4942473364992448
2026-08-05,2024,2024-06-21,-0.6989021329001761,1,-0.6989021329001756
2026-08-05,2024,2024-06-22,-0.6579711736199899,1,-0.6579711736199894
2026-08-05,2024,2024-06-23,-0.6579711736199899,1,-0.6579711736199894
2026-08-05,2024,2024-06-24,-0.12586870297756994,1,-0.12586870297756952
2026-08-05,2024,2024-06-25,-0.2486615808181284,1,-0.24866158081812795
2026-08-05,2024,2024-06-26,-0.33052349937850073,1,-0.3305234993785003
2026-08-05,2024,2024-06-27,-0.45331637721905915,1,-0.45331637721905865
2026-08-05,2024,2024-06-28,2.2071959759930406,1,2.2071959759930406
2026-08-05,2024,2024-06-29,0.11971705270354698,1,0.11971705270354735
2026-08-05,2024,2024-06-30,-0.5761092550596176,1,-0.5761092550596171
2026-08-05,2024,2024-07-01,1.3476458311091315,1,1.3476458311091317
2026-08-05,2024,2024-07-02,1.429507749669504,1,1.4295077496695041
2026-08-05,2024,2024-07-03,1.2657839125487593,1,1.2657839125487595
2026-08-05,2024,2024-07-04,2.1662650167128548,1,2.1662650167128548
2026-08-05,2024,2024-07-05,2.00254117959211,1,2.00254117959211
2026-08-05,2024,2024-07-06,2.8211603651958335,1,2.8211603651958335
2026-08-05,2024,2024-07-07,3.2304699579976948,1,3.2304699579976943
2026-08-05,2024,2024-07-08,3.1076770801571363,1,3.107677080157136
2026-08-05,2024,2024-07-09,1.5523006275100624,1,1.5523006275100624
2026-08-05,2024,2024-07-10,0.40623376766485003,1,0.4062337676648503
2026-08-05,2024,2024-07-11,-0.04400678441719763,1,-0.04400678441719723
2026-08-05,2024,2024-07-12,-0.45331637721905915,1,-0.45331637721905865
2026-08-05,2024,2024-07-13,-0.33052349937850073,1,-0.3305234993785003
2026-08-05,2024,2024-07-14,1.6750935053506208,1,1.6750935053506208
2026-08-05,2024,2024-07-15,1.1429910347082008,1,1.142991034708201
2026-08-05,2024,2024-07-16,-0.04400678441719763,1,-0.04400678441719723
2026-08-05,2024,2024-07-17,-0.2486615808181284,1,-0.24866158081812795
2026-08-05,2024,2024-07-18,0.03785513414317467,1,0.03785513414317506
2026-08-05,2024,2024-07-19,1.1429910347082008,1,1.142991034708201
2026-08-05,2024,2024-07-20,1.183921993988387,1,1.1839219939883872
2026-08-05,2024,2024-07-21,2.1662650167128548,1,2.1662650167128548
2026-08-05,2024,2024-07-22,2.698367487355275,1,2.698367487355275
2026-08-05,2024,2024-07-23,1.2657839125487593,1,1.2657839125487595
2026-08-05,2024,2024-07-24,0.32437184910447775,1,0.3243718491044781
2026-08-05,2024,2024-07-25,1.183921993988387,1,1.1839219939883872
2026-08-05,2024,2024-07-26,1.3067148718289454,1,1.3067148718289456
2026-08-05,2024,2024-07-27,1.8388173424713654,1,1.8388173424713654
2026-08-05,2024,2024-07-28,2.1662650167128548,1,2.1662650167128548
2026-08-05,2024,2024-07-29,2.2890578945534132,1,2.2890578945534132
2026-08-05,2024,2024-07-30,1.5523006275100624,1,1.5523006275100624
2026-08-05,2024,2024-07-31,0.5290266455054085,1,0.5290266455054088
2026-08-05,2024,2024-08-01,1.0611291161478285,1,1.0611291161478287
2026-08-05,2024,2024-08-02,1.183921993988387,1,1.1839219939883872
2026-08-05,2024,2024-08-03,0.8564743197468977,1,0.8564743197468979
2026-08-05,2024,2024-08-04,2.1662650167128548,1,2.1662650167128548
2026-08-05,2024,2024-08-05,1.3067148718289454,1,1.3067148718289456
2026-08-05,2024,2024-08-06,0.32437184910447775,1,0.3243718491044781
2026-08-05,2024,2024-08-07,-0.08493774369738379,1,-0.08493774369738337
2026-08-05,2024,2024-08-08,0.7746124011865254,1,0.7746124011865256
2026-08-05,2024,2024-08-09,0.9792671975874562,1,0.9792671975874564
2026-08-05,2024,2024-08-10,1.1429910347082008,1,1.142991034708201
2026-08-05,2024,2024-08-11,1.5932315867902485,1,1.5932315867902485
2026-08-05,2024,2024-08-12,1.47043870894969,1,1.4704387089496902
2026-08-05,2024,2024-08-13,0.7336814419063393,1,0.7336814419063397
2026-08-05,2024,2024-08-14,0.07878609342336083,1,0.07878609342336122
2026-08-05,2024,2024-08-15,-0.33052349937850073,1,-0.3305234993785003
2026-08-05,2024,2024-08-16,-0.4942473364992453,1,-0.4942473364992448
2026-08-05,2024,2024-08-17,0.8610160592674463,1,0.8610160592674465
2026-08-05,2024,2024-08-18,1.0656701279894922,1,1.0656701279894925
2026-08-05,2024,2024-08-19,1.3999384159795378,1,1.399938415979538
2026-08-05,2024,2024-08-20,0.031030154321309265,1,0.031030154321309653
2026-08-05,2024,2024-08-21,-0.37827798312278255,1,-0.37827798312278205
2026-08-05,2024,2024-08-22,-0.4214827228787824,1,-0.4214827228787819
2026-08-05,2024,2024-08-23,-0.41011309282082903,1,-0.41011309282082853
2026-08-05,2024,2024-08-24,-0.23729413379682956,1,-0.23729413379682912
2026-08-05,2024,2024-08-25,-0.205459024098783,1,-0.20545902409878256
2026-08-05,2024,2024-08-26,-0.45331783257682884,1,-0.45331783257682834
2026-08-05,2024,2024-08-27,-0.6147671615428749,1,-0.6147671615428744
2026-08-05,2024,2024-08-28,-0.6579719012988747,1,-0.6579719012988742
2026-08-05,2024,2024-08-29,-0.6898070109969212,1,-0.6898070109969207
2026-08-05,2024,2024-08-30,-0.7443813808108746,1,-0.744381380810874
2026-08-05,2024,2024-08-31,-0.6898070109969212,1,-0.6898070109969207
2026-08-05,2024,2024-09-01,-0.5829320518448284,1,-0.5829320518448279
2026-08-05,2024,2024-09-02,-0.6261367916008282,1,-0.6261367916008277
2026-08-05,2024,2024-09-03,-0.7330117507529211,1,-0.7330117507529206
2026-08-05,2024,2024-09-04,-0.7011766410548746,1,-0.7011766410548741
2026-08-05,2024,2024-09-05,-0.6579719012988747,1,-0.6579719012988742
2026-08-05,2024,2024-09-06,-0.5829320518448284,1,-0.5829320518448279
2026-08-05,2024,2024-09-07,-0.47605854805050535,1,-0.47605854805050485
2026-08-05,2024,2024-09-08,-0.1577089064278104,1,-0.15770890642781
2026-08-05,2024,2024-09-09,-0.5670155885141325,1,-0.5670155885141319
2026-08-05,2024,2024-09-10,-0.5442763283982257,1,-0.5442763283982252
2026-08-05,2024,2024-09-11,-0.4987978081664121,1,-0.4987978081664116
2026-08-05,2024,2024-09-12,-0.4533192879345986,1,-0.4533192879345981
2026-08-05,2024,2024-09-13,0.5017296369334863,1,0.5017296369334866
2026-08-05,2024,2024-09-14,-0.11223038619599678,1,-0.11223038619599635
2026-08-05,2024,2024-09-15,-0.47605854805050535,1,-0.47605854805050485
2026-08-05,2024,2024-09-16,-0.6807118890936664,1,-0.6807118890936659
2026-08-05,2024,2024-09-17,-0.5442763283982257,1,-0.5442763283982252
2026-08-05,2024,2024-09-18,-0.5442763283982257,1,-0.5442763283982252
2026-08-05,2024,2024-09-19,0.5699474172812067,1,0.569947417281207
2026-08-05,2024,2024-09-20,-0.29414446712325104,1,-0.2941444671232506
2026-08-05,2024,2024-09-21,-0.6807118890936664,1,-0.6807118890936659
2026-08-05,2024,2024-09-22,-0.7489296694413867,1,-0.7489296694413862
2026-08-05,2024,2024-09-23,-0.7716689295572936,1,-0.7716689295572929
2026-08-05,2024,2024-09-24,-0.7716689295572936,1,-0.7716689295572929
2026-08-05,2024,2024-09-25,-0.7716689295572936,1,-0.7716689295572929
2026-08-05,2024,2024-09-26,-0.7944081896732004,1,-0.7944081896731997
2026-08-05,2024,2024-09-27,-0.817147449789107,1,-0.8171474497891064
2026-08-05,2024,2024-09-28,-0.7716689295572936,1,-0.7716689295572929
2026-08-05,2024,2024-09-29,-0.817147449789107,1,-0.8171474497891064
2026-08-05,2024,2024-09-30,-0.7944081896732004,1,-0.7944081896731997
2026-08-05,2025,2025-05-01,-0.8579445166789198,1,-0.8579445166789196
2026-08-05,2025,2025-05-02,-0.9369008057696063,1,-0.9369008057696061
2026-08-05,2025,2025-05-03,-0.9763789503149497,1,-0.9763789503149495
2026-08-05,2025,2025-05-04,-0.9763789503149497,1,-0.9763789503149495
2026-08-05,2025,2025-05-05,-0.9369008057696063,1,-0.9369008057696061
2026-08-05,2025,2025-05-06,-0.9763789503149497,1,-0.9763789503149495
2026-08-05,2025,2025-05-07,-0.8579445166789198,1,-0.8579445166789196
2026-08-05,2025,2025-05-08,-0.8579445166789198,1,-0.8579445166789196
2026-08-05,2025,2025-05-09,-0.8579445166789198,1,-0.8579445166789196
2026-08-05,2025,2025-05-10,-0.9763789503149497,1,-0.9763789503149495
2026-08-05,2025,2025-05-11,-0.9369008057696063,1,-0.9369008057696061
2026-08-05,2025,2025-05-12,-0.8184663721335764,1,-0.8184663721335762
2026-08-05,2025,2025-05-13,-0.7395100830428899,1,-0.7395100830428896
2026-08-05,2025,2025-05-14,-0.6605537939522033,1,-0.6605537939522029
2026-08-05,2025,2025-05-15,-0.7000319384975465,1,-0.7000319384975462
2026-08-05,2025,2025-05-16,-0.7395100830428899,1,-0.7395100830428896
2026-08-05,2025,2025-05-17,-0.8974226612242631,1,-0.8974226612242628
2026-08-05,2025,2025-05-18,-0.8579445166789198,1,-0.8579445166789196
2026-08-05,2025,2025-05-19,-0.6605537939522033,1,-0.6605537939522029
2026-08-05,2025,2025-05-20,-0.3052504930441136,1,-0.3052504930441132
2026-08-05,2025,2025-05-21,-0.2657723484987703,1,-0.2657723484987699
2026-08-05,2025,2025-05-22,-0.4631630712254868,1,-0.46316307122548644
2026-08-05,2025,2025-05-23,-0.62107564940686,1,-0.6210756494068597
2026-08-05,2025,2025-05-24,-0.9763789503149497,1,-0.9763789503149495
2026-08-05,2025,2025-05-25,-0.9369008057696063,1,-0.9369008057696061
2026-08-05,2025,2025-05-26,-0.6605537939522033,1,-0.6605537939522029
2026-08-05,2025,2025-05-27,-0.7000319384975465,1,-0.7000319384975462
2026-08-05,2025,2025-05-28,-0.5815975048615167,1,-0.5815975048615164
2026-08-05,2025,2025-05-29,-0.6605537939522033,1,-0.6605537939522029
2026-08-05,2025,2025-05-30,-0.7000319384975465,1,-0.7000319384975462
2026-08-05,2025,2025-05-31,-0.9763789503149497,1,-0.9763789503149495
2026-08-05,2025,2025-06-01,-0.7789882275882332,1,-0.7789882275882329
2026-08-05,2025,2025-06-02,-0.4236849266801435,1,-0.4236849266801432
2026-08-05,2025,2025-06-03,-0.5026412157708301,1,-0.5026412157708298
2026-08-05,2025,2025-06-04,-0.4631630712254868,1,-0.46316307122548644
2026-08-05,2025,2025-06-05,-0.4236849266801435,1,-0.4236849266801432
2026-08-05,2025,2025-06-06,-0.5026412157708301,1,-0.5026412157708298
2026-08-05,2025,2025-06-07,-0.7000319384975465,1,-0.7000319384975462
2026-08-05,2025,2025-06-08,-0.7395100830428899,1,-0.7395100830428896
2026-08-05,2025,2025-06-09,-0.5815975048615167,1,-0.5815975048615164
2026-08-05,2025,2025-06-10,-0.6605537939522033,1,-0.6605537939522029
2026-08-05,2025,2025-06-11,-0.7395100830428899,1,-0.7395100830428896
2026-08-05,2025,2025-06-12,-0.6605537939522033,1,-0.6605537939522029
2026-08-05,2025,2025-06-13,-0.6605537939522033,1,-0.6605537939522029
2026-08-05,2025,2025-06-14,-0.8974226612242631,1,-0.8974226612242628
2026-08-05,2025,2025-06-15,-0.5026412157708301,1,-0.5026412157708298
2026-08-05,2025,2025-06-16,0.28692167513603584,1,0.28692167513603634
2026-08-05,2025,2025-06-17,0.9975282769522151,1,0.9975282769522158
2026-08-05,2025,2025-06-18,0.8790938433161852,1,0.8790938433161859
2026-08-05,2025,2025-06-19,0.5632686869534389,1,0.5632686869534395
2026-08-05,2025,2025-06-20,0.05005280786397606,1,0.05005280786397655
2026-08-05,2025,2025-06-21,-0.1868160594080837,1,-0.18681605940808327
2026-08-05,2025,2025-06-22,-0.028903481226710534,1,-0.028903481226710073
2026-08-05,2025,2025-06-23,-0.10785977031739713,1,-0.10785977031739669
2026-08-05,2025,2025-06-24,-0.3842067821348002,1,-0.38420678213479986
2026-08-05,2025,2025-06-25,-0.4236849266801435,1,-0.4236849266801432
2026-08-05,2025,2025-06-26,-0.3052504930441136,1,-0.3052504930441132
2026-08-05,2025,2025-06-27,-0.2657723484987703,1,-0.2657723484987699
2026-08-05,2025,2025-06-28,-0.226294203953427,1,-0.2262942039534266
2026-08-05,2025,2025-06-29,-0.028903481226710534,1,-0.028903481226710073
2026-08-05,2025,2025-06-30,0.20796538604534925,1,0.20796538604534978
2026-08-05,2025,2025-07-01,0.16848724150000594,1,0.16848724150000643
2026-08-05,2025,2025-07-02,0.08953095240931935,1,0.08953095240931984
2026-08-05,2025,2025-07-03,0.010574663318632762,1,0.010574663318633232
2026-08-05,2025,2025-07-04,0.08953095240931935,1,0.08953095240931984
2026-08-05,2025,2025-07-05,2.102916324221827,1,2.102916324221828
2026-08-05,2025,2025-07-06,2.4187414805845737,1,2.4187414805845746
2026-08-05,2025,2025-07-07,2.8924792151286933,1,2.892479215128694
2026-08-05,2025,2025-07-08,2.7345666369473203,1,2.734566636947321
2026-08-05,2025,2025-07-09,2.3792633360392306,1,2.3792633360392315
2026-08-05,2025,2025-07-10,0.9185719878615286,1,0.9185719878615293
2026-08-05,2025,2025-07-11,-0.3052504930441136,1,-0.3052504930441132
2026-08-05,2025,2025-07-12,-0.6605537939522033,1,-0.6605537939522029
2026-08-05,2025,2025-07-13,-0.4236849266801435,1,-0.4236849266801432
2026-08-05,2025,2025-07-14,-0.3842067821348002,1,-0.38420678213479986
2026-08-05,2025,2025-07-15,-0.4631630712254868,1,-0.46316307122548644
2026-08-05,2025,2025-07-16,-0.62107564940686,1,-0.6210756494068597
2026-08-05,2025,2025-07-17,-0.3842067821348002,1,-0.38420678213479986
2026-08-05,2025,2025-07-18,-0.3842067821348002,1,-0.38420678213479986
2026-08-05,2025,2025-07-19,-0.3842067821348002,1,-0.38420678213479986
2026-08-05,2025,2025-07-20,0.9580501324068719,1,0.9580501324068725
2026-08-05,2025,2025-07-21,1.7081348787683943,1,1.7081348787683952
2026-08-05,2025,2025-07-22,2.102916324221827,1,2.102916324221828
2026-08-05,2025,2025-07-23,1.8660474569497676,1,1.8660474569497685
2026-08-05,2025,2025-07-24,1.8265693124044242,1,1.826569312404425
2026-08-05,2025,2025-07-25,1.905525601495111,1,1.9055256014951119
2026-08-05,2025,2025-07-26,0.6422249760441255,1,0.6422249760441261
2026-08-05,2025,2025-07-27,0.9580501324068719,1,0.9580501324068725
2026-08-05,2025,2025-07-28,1.7476130233137377,1,1.7476130233137386
2026-08-05,2025,2025-07-29,0.6817031205894688,1,0.6817031205894694
2026-08-05,2025,2025-07-30,-0.06838162577205383,1,-0.06838162577205337
2026-08-05,2025,2025-07-31,-0.2657723484987703,1,-0.2657723484987699
2026-08-05,2025,2025-08-01,-0.3842067821348002,1,-0.38420678213479986
2026-08-05,2025,2025-08-02,0.444834253317409,1,0.44483425331740956
2026-08-05,2025,2025-08-03,1.8660474569497676,1,1.8660474569497685
2026-08-05,2025,2025-08-04,1.8660474569497676,1,1.8660474569497685
2026-08-05,2025,2025-08-05,2.6161322033112904,1,2.6161322033112913
2026-08-05,2025,2025-08-06,2.6556103478566335,1,2.6556103478566344
2026-08-05,2025,2025-08-07,0.6422249760441255,1,0.6422249760441261
2026-08-05,2025,2025-08-08,-0.14733791486274042,1,-0.14733791486273998
2026-08-05,2025,2025-08-09,-0.5026412157708301,1,-0.5026412157708298
2026-08-05,2025,2025-08-10,-0.7000319384975465,1,-0.7000319384975462
2026-08-05,2025,2025-08-11,-0.7395100830428899,1,-0.7395100830428896
2026-08-05,2025,2025-08-12,-0.7000319384975465,1,-0.7000319384975462
2026-08-05,2025,2025-08-13,-0.5815975048615167,1,-0.5815975048615164
2026-08-05,2025,2025-08-14,-0.6605537939522033,1,-0.6605537939522029
2026-08-05,2025,2025-08-15,-0.5421193603161734,1,-0.542119360316173
2026-08-05,2025,2025-08-16,0.5237905424080956,1,0.5237905424080962
2026-08-05,2025,2025-08-17,1.3467056505232742,1,1.3467056505232748
2026-08-05,2025,2025-08-18,1.6679760670631851,1,1.667976067063186
2026-08-05,2025,2025-08-19,1.313353425054058,1,1.3133534250540586
2026-08-05,2025,2025-08-20,1.5073408587932295,1,1.5073408587932304
2026-08-05,2025,2025-08-21,1.0390483871799088,1,1.0390483871799094
2026-08-05,2025,2025-08-22,1.0860137658456697,1,1.0860137658456703
2026-08-05,2025,2025-08-23,1.4072841823855804,1,1.407284182385581
2026-08-05,2025,2025-08-24,1.6679760670631851,1,1.667976067063186
2026-08-05,2025,2025-08-25,1.2330358209190804,1,1.233035820919081
2026-08-05,2025,2025-08-26,0.9723439362414759,1,0.9723439362414765
2026-08-05,2025,2025-08-27,0.04188491209096094,1,0.041884912090961415
2026-08-05,2025,2025-08-28,-0.5400773891265541,1,-0.5400773891265538
2026-08-05,2025,2025-08-29,0.3631553286308713,1,0.3631553286308718
2026-08-05,2025,2025-08-30,1.3936710291890355,1,1.3936710291890362
2026-08-05,2025,2025-08-31,1.3603188037198193,1,1.36031880371982
2026-08-05,2025,2025-09-01,1.0724006126491252,1,1.072400612649126
2026-08-05,2025,2025-09-02,0.9253785575757149,1,0.9253785575757155
2026-08-05,2025,2025-09-03,0.008532686621744475,1,0.008532686621744945
2026-08-05,2025,2025-09-04,-0.7340648228657257,1,-0.7340648228657254
2026-08-05,2025,2025-09-05,-0.8143824270007035,1,-0.8143824270007033
2026-08-05,2025,2025-09-06,-0.7476779760622706,1,-0.7476779760622703
2026-08-05,2025,2025-09-07,0.06094332271103515,1,0.060943322711035634
2026-08-05,2025,2025-09-08,1.041090352862259,1,1.0410903528622597
2026-08-05,2025,2025-09-09,-0.21131974121986022,1,-0.2113197412198598
2026-08-05,2025,2025-09-10,-0.7286195626885618,1,-0.7286195626885614
2026-08-05,2025,2025-09-11,-0.8102984818678304,1,-0.8102984818678302
2026-08-05,2025,2025-09-12,-0.8919774010470989,1,-0.8919774010470987
2026-08-05,2025,2025-09-13,-0.8647510946540095,1,-0.8647510946540092
2026-08-05,2025,2025-09-14,-0.7830721754747407,1,-0.7830721754747405
2026-08-05,2025,2025-09-15,-0.7558458690816513,1,-0.7558458690816511
2026-08-05,2025,2025-09-16,-0.10241451564750216,1,-0.10241451564750172
2026-08-05,2025,2025-09-17,0.8777325145037216,1,0.8777325145037222
2026-08-05,2025,2025-09-18,-0.10241451564750216,1,-0.10241451564750172
2026-08-05,2025,2025-09-19,-0.8647510946540095,1,-0.8647510946540092
2026-08-05,2025,2025-09-20,-0.15686712843368125,1,-0.1568671284336808
2026-08-05,2025,2025-09-21,-0.15686712843368125,1,-0.1568671284336808
2026-08-05,2025,2025-09-22,-0.9192037074401885,1,-0.9192037074401883
2026-08-05,2025,2025-09-23,-0.9192037074401885,1,-0.9192037074401883
2026-08-05,2025,2025-09-24,-0.9192037074401885,1,-0.9192037074401883
2026-08-05,2025,2025-09-25,-0.8919774010470989,1,-0.8919774010470987
2026-08-05,2025,2025-09-26,-0.8919774010470989,1,-0.8919774010470987
2026-08-05,2025,2025-09-27,-0.9464300138332781,1,-0.94643001383327785
2026-08-05,2025,2025-09-28,-0.9736563202263676,1,-0.9736563202263674
2026-08-05,2025,2025-09-29,-0.9464300138332781,1,-0.94643001383327785
2026-08-05,2025,2025-09-30,-0.9464300138332781,1,-0.94643001383327785
2026-08-06,2021,2021-05-01,-0.9616135150170739,1,-0.9616135150170741
2026-08-06,2021,2021-05-02,-0.9616135150170739,1,-0.9616135150170741
2026-08-06,2021,2021-05-03,-0.7666196107905978,1,-0.766619610790598
2026-08-06,2021,2021-05-04,-0.6934968967056693,1,-0.6934968967056694
2026-08-06,2021,2021-05-05,-0.9616135150170739,1,-0.9616135150170741
2026-08-06,2021,2021-05-06,-0.5716257065641216,1,-0.5716257065641217
2026-08-06,2021,2021-05-07,-0.6203741826207406,1,-0.6203741826207407
2026-08-06,2021,2021-05-08,-0.7422453727622883,1,-0.7422453727622884
2026-08-06,2021,2021-05-09,-0.3035090882527169,1,-0.303509088252717
2026-08-06,2021,2021-05-10,-0.4253802783942645,1,-0.4253802783942647
2026-08-06,2021,2021-05-11,-0.5959999445924311,1,-0.5959999445924312
2026-08-06,2021,2021-05-12,-0.5959999445924311,1,-0.5959999445924312
2026-08-06,2021,2021-05-13,-0.5716257065641216,1,-0.5716257065641217
2026-08-06,2021,2021-05-14,-0.47412875445088354,1,-0.4741287544508837
2026-08-06,2021,2021-05-15,-0.3035090882527169,1,-0.303509088252717
2026-08-06,2021,2021-05-16,-0.6934968967056693,1,-0.6934968967056694
2026-08-06,2021,2021-05-17,-0.23038637416778832,1,-0.2303863741677884
2026-08-06,2021,2021-05-18,-0.5959999445924311,1,-0.5959999445924312
2026-08-06,2021,2021-05-19,-0.5716257065641216,1,-0.5716257065641217
2026-08-06,2021,2021-05-20,-0.5959999445924311,1,-0.5959999445924312
2026-08-06,2021,2021-05-21,-0.6934968967056693,1,-0.6934968967056694
2026-08-06,2021,2021-05-22,-0.9616135150170739,1,-0.9616135150170741
2026-08-06,2021,2021-05-23,-0.6447484206490502,1,-0.6447484206490504
2026-08-06,2021,2021-05-24,-0.3035090882527169,1,-0.303509088252717
2026-08-06,2021,2021-05-25,-0.23038637416778832,1,-0.2303863741677884
2026-08-06,2021,2021-05-26,-0.49850299247919305,1,-0.4985029924791932
2026-08-06,2021,2021-05-27,-0.49850299247919305,1,-0.4985029924791932
2026-08-06,2021,2021-05-28,-0.5228772305075026,1,-0.5228772305075027
2026-08-06,2021,2021-05-29,-0.47412875445088354,1,-0.4741287544508837
2026-08-06,2021,2021-05-30,-0.5959999445924311,1,-0.5959999445924312
2026-08-06,2021,2021-05-31,-0.23038637416778832,1,-0.2303863741677884
2026-08-06,2021,2021-06-01,-0.15726366008285977,1,-0.15726366008285983
2026-08-06,2021,2021-06-02,-0.449754516422574,1,-0.4497545164225742
2026-08-06,2021,2021-06-03,-0.401006040365955,1,-0.40100604036595516
2026-08-06,2021,2021-06-04,-0.49850299247919305,1,-0.4985029924791932
2026-08-06,2021,2021-06-05,-0.6691226586773598,1,-0.6691226586773599
2026-08-06,2021,2021-06-06,-0.5472514685358121,1,-0.5472514685358122
2026-08-06,2021,2021-06-07,0.03773024414361641,1,0.03773024414361638
2026-08-06,2021,2021-06-08,0.6470861948513544,1,0.6470861948513545
2026-08-06,2021,2021-06-09,0.8664543371061402,1,0.8664543371061404
2026-08-06,2021,2021-06-10,0.9152028131627592,1,0.9152028131627594
2026-08-06,2021,2021-06-11,0.5739634807664259,1,0.573963480766426
2026-08-06,2021,2021-06-12,-0.011018231913002633,1,-0.011018231913002666
2026-08-06,2021,2021-06-13,-0.011018231913002633,1,-0.011018231913002666
2026-08-06,2021,2021-06-14,-0.27913485022440737,1,-0.2791348502244075
2026-08-06,2021,2021-06-15,-0.035392469941312156,1,-0.0353924699413122
2026-08-06,2021,2021-06-16,-0.27913485022440737,1,-0.2791348502244075
2026-08-06,2021,2021-06-17,-0.27913485022440737,1,-0.2791348502244075
2026-08-06,2021,2021-06-18,-0.449754516422574,1,-0.4497545164225742
2026-08-06,2021,2021-06-19,-0.5959999445924311,1,-0.5959999445924312
2026-08-06,2021,2021-06-20,-0.49850299247919305,1,-0.4985029924791932
2026-08-06,2021,2021-06-21,-0.27913485022440737,1,-0.2791348502244075
2026-08-06,2021,2021-06-22,-0.1816378981111693,1,-0.18163789811116934
2026-08-06,2021,2021-06-23,-0.4253802783942645,1,-0.4253802783942647
2026-08-06,2021,2021-06-24,-0.5551955644025162,1,-0.5551955644025163
2026-08-06,2021,2021-06-25,-0.5023589081779313,1,-0.5023589081779314
2026-08-06,2021,2021-06-26,-0.4617093709675012,1,-0.46170937096750136
2026-08-06,2021,2021-06-27,-0.5145460271920861,1,-0.5145460271920862
2026-08-06,2021,2021-06-28,-0.2666380452512826,1,-0.2666380452512827
2026-08-06,2021,2021-06-29,-0.1081280765775281,1,-0.10812807657752815
2026-08-06,2021,2021-06-30,-0.5023589081779313,1,-0.5023589081779314
2026-08-06,2021,2021-07-01,-0.4617093709675012,1,-0.46170937096750136
2026-08-06,2021,2021-07-02,-0.5673826834166709,1,-0.567382683416671
2026-08-06,2021,2021-07-03,-0.7787293083150101,1,-0.7787293083150103
2026-08-06,2021,2021-07-04,-0.6202193396412556,1,-0.6202193396412558
2026-08-06,2021,2021-07-05,-0.5023589081779313,1,-0.5023589081779314
2026-08-06,2021,2021-07-06,-0.0024547641283585637,1,-0.0024547641283585962
2026-08-06,2021,2021-07-07,-0.12031519559168287,1,-0.12031519559168292
2026-08-06,2021,2021-07-08,-0.3438489395041769,1,-0.343848939504177
2026-08-06,2021,2021-07-09,-0.33166182049002213,1,-0.33166182049002224
2026-08-06,2021,2021-07-10,1.480982368838239,1,1.4809823688382393
2026-08-06,2021,2021-07-11,0.6274969303986931,1,0.6274969303986933
2026-08-06,2021,2021-07-12,1.1517753124765755,1,1.1517753124765757
2026-08-06,2021,2021-07-13,0.41615030550035403,1,0.4161503055003541
2026-08-06,2021,2021-07-14,0.0747561301245359,1,0.07475613012453589
2026-08-06,2021,2021-07-15,0.347657722011589,1,0.347657722011589
2026-08-06,2021,2021-07-16,1.3153799406849487,1,1.315379940684949
2026-08-06,2021,2021-07-17,1.4292296134700497,1,1.42922961347005
2026-08-06,2021,2021-07-18,2.6815760141061618,1,2.681576014106162
2026-08-06,2021,2021-07-19,4.730870124237982,1,4.730870124237983
2026-08-06,2021,2021-07-20,3.1938995416391167,1,3.1938995416391176
2026-08-06,2021,2021-07-21,2.340026995750858,1,2.3400269957508586
2026-08-06,2021,2021-07-22,2.340026995750858,1,2.3400269957508586
2026-08-06,2021,2021-07-23,2.226177322965757,1,2.2261773229657575
2026-08-06,2021,2021-07-24,1.7707786318253529,1,1.7707786318253533
2026-08-06,2021,2021-07-25,1.5430792862551506,1,1.543079286255151
2026-08-06,2021,2021-07-26,0.859981249544544,1,0.8599812495445442
2026-08-06,2021,2021-07-27,0.5184322311892406,1,0.5184322311892408
2026-08-06,2021,2021-07-28,0.859981249544544,1,0.8599812495445442
2026-08-06,2021,2021-07-29,0.859981249544544,1,0.8599812495445442
2026-08-06,2021,2021-07-30,0.859981249544544,1,0.8599812495445442
2026-08-06,2021,2021-07-31,0.9169060859370944,1,0.9169060859370947
2026-08-06,2021,2021-08-01,1.600004122647701,1,1.6000041226477015
2026-08-06,2021,2021-08-02,2.1123276501806565,1,2.112327650180657
2026-08-06,2021,2021-08-03,2.169252486573207,1,2.1692524865732072
2026-08-06,2021,2021-08-04,2.909275359676364,1,2.9092753596763643
2026-08-06,2021,2021-08-05,2.169252486573207,1,2.1692524865732072
2026-08-06,2021,2021-08-06,1.7138537954328026,1,1.713853795432803
2026-08-06,2021,2021-08-07,0.46150739479669,1,0.46150739479669006
2026-08-06,2021,2021-08-08,0.23380804922648785,1,0.23380804922648787
2026-08-06,2021,2021-08-09,0.8030564131519935,1,0.8030564131519937
2026-08-06,2021,2021-08-10,1.9984779773955552,1,1.9984779773955557
2026-08-06,2021,2021-08-11,1.0876805951147464,1,1.0876805951147466
2026-08-06,2021,2021-08-12,0.06303354004883617,1,0.06303354004883616
2026-08-06,2021,2021-08-13,-0.3354403146990178,1,-0.3354403146990179
2026-08-06,2021,2021-08-14,-0.56313966026922,1,-0.5631396602692201
2026-08-06,2021,2021-08-15,-0.7339141694468717,1,-0.7339141694468718
2026-08-06,2021,2021-08-16,-0.56313966026922,1,-0.5631396602692201
2026-08-06,2021,2021-08-17,-0.38983719523265103,1,-0.3898371952326512
2026-08-06,2021,2021-08-18,-0.058257488874864274,1,-0.05825748887486432
2026-08-06,2021,2021-08-19,0.056097775082020414,1,0.05609777508202039
2026-08-06,2021,2021-08-20,-0.058257488874864274,1,-0.05825748887486432
2026-08-06,2021,2021-08-21,-0.046771403361997504,1,-0.046771403361997546
2026-08-06,2021,2021-08-22,0.056097775082020414,1,0.05609777508202039
2026-08-06,2021,2021-08-23,-0.2869680167886333,1,-0.28696801678863343
2026-08-06,2021,2021-08-24,-0.10969207809687306,1,-0.10969207809687312
2026-08-06,2021,2021-08-25,0.28480830299578946,1,0.28480830299578946
2026-08-06,2021,2021-08-26,1.3254917641206176,1,1.3254917641206179
2026-08-06,2021,2021-08-27,0.9594538012242301,1,0.9594538012242303
2026-08-06,2021,2021-08-28,1.148215825428857,1,1.1482158254288573
2026-08-06,2021,2021-08-29,0.17045303903890494,1,0.17045303903890494
2026-08-06,2021,2021-08-30,0.5020327453966918,1,0.502032745396692
2026-08-06,2021,2021-08-31,-0.27548193127576653,1,-0.27548193127576664
2026-08-06,2021,2021-09-01,-0.630033808659287,1,-0.6300338086592872
2026-08-06,2021,2021-09-02,-0.721416901590438,1,-0.7214169015904381
2026-08-06,2021,2021-09-03,-0.7329029871033048,1,-0.7329029871033049
2026-08-06,2021,2021-09-04,-0.721416901590438,1,-0.7214169015904381
2026-08-06,2021,2021-09-05,-0.7843375763253138,1,-0.784337576325314
2026-08-06,2021,2021-09-06,-0.7843375763253138,1,-0.784337576325314
2026-08-06,2021,2021-09-07,-0.7548639757854715,1,-0.7548639757854717
2026-08-06,2021,2021-09-08,-0.7548639757854715,1,-0.7548639757854717
2026-08-06,2021,2021-09-09,-0.8008083178369387,1,-0.800808317836939
2026-08-06,2021,2021-09-10,-0.7548639757854715,1,-0.7548639757854717
2026-08-06,2021,2021-09-11,-0.7089196337340044,1,-0.7089196337340045
2026-08-06,2021,2021-09-12,-0.7548639757854715,1,-0.7548639757854717
2026-08-06,2021,2021-09-13,-0.6629752916825371,1,-0.6629752916825372
2026-08-06,2021,2021-09-14,-0.7778361468112052,1,-0.7778361468112054
2026-08-06,2021,2021-09-15,-0.6629752916825371,1,-0.6629752916825372
2026-08-06,2021,2021-09-16,-0.8008083178369387,1,-0.800808317836939
2026-08-06,2021,2021-09-17,-0.9616135150170739,1,-0.9616135150170741
2026-08-06,2021,2021-09-18,-0.9616135150170739,1,-0.9616135150170741
2026-08-06,2021,2021-09-19,-0.5940587786053363,1,-0.5940587786053364
2026-08-06,2021,2021-09-20,-0.6859474627082708,1,-0.6859474627082709
2026-08-06,2021,2021-09-21,-0.7318918047597379,1,-0.731891804759738
2026-08-06,2021,2021-09-22,-0.6859474627082708,1,-0.6859474627082709
2026-08-06,2021,2021-09-23,-0.5710866075796027,1,-0.5710866075796028
2026-08-06,2021,2021-09-24,-0.6400031206568035,1,-0.6400031206568036
2026-08-06,2021,2021-09-25,-0.9616135150170739,1,-0.9616135150170741
2026-08-06,2021,2021-09-26,-0.9616135150170739,1,-0.9616135150170741
2026-08-06,2021,2021-09-27,-0.9616135150170739,1,-0.9616135150170741
2026-08-06,2021,2021-09-28,-0.9616135150170739,1,-0.9616135150170741
2026-08-06,2021,2021-09-29,-0.9616135150170739,1,-0.9616135150170741
2026-08-06,2021,2021-09-30,-0.9616135150170739,1,-0.9616135150170741
2026-08-06,2022,2022-05-01,-0.7707021331557304,1,-0.7707021331557301
2026-08-06,2022,2022-05-02,-0.7160864689993762,1,-0.716086468999376
2026-08-06,2022,2022-05-03,-0.7160864689993762,1,-0.716086468999376
2026-08-06,2022,2022-05-04,-0.661470804843022,1,-0.6614708048430218
2026-08-06,2022,2022-05-05,-0.6068551406866677,1,-0.6068551406866675
2026-08-06,2022,2022-05-06,-0.6068551406866677,1,-0.6068551406866675
2026-08-06,2022,2022-05-07,-0.661470804843022,1,-0.6614708048430218
2026-08-06,2022,2022-05-08,-0.661470804843022,1,-0.6614708048430218
2026-08-06,2022,2022-05-09,-0.661470804843022,1,-0.6614708048430218
2026-08-06,2022,2022-05-10,-0.661470804843022,1,-0.6614708048430218
2026-08-06,2022,2022-05-11,-0.6068551406866677,1,-0.6068551406866675
2026-08-06,2022,2022-05-12,-0.661470804843022,1,-0.6614708048430218
2026-08-06,2022,2022-05-13,-0.6068551406866677,1,-0.6068551406866675
2026-08-06,2022,2022-05-14,-0.6068551406866677,1,-0.6068551406866675
2026-08-06,2022,2022-05-15,-0.7160864689993762,1,-0.716086468999376
2026-08-06,2022,2022-05-16,-0.661470804843022,1,-0.6614708048430218
2026-08-06,2022,2022-05-17,-0.6068551406866677,1,-0.6068551406866675
2026-08-06,2022,2022-05-18,-0.6068551406866677,1,-0.6068551406866675
2026-08-06,2022,2022-05-19,-0.5522394765303135,1,-0.5522394765303134
2026-08-06,2022,2022-05-20,-0.5522394765303135,1,-0.5522394765303134
2026-08-06,2022,2022-05-21,-0.661470804843022,1,-0.6614708048430218
2026-08-06,2022,2022-05-22,-0.5522394765303135,1,-0.5522394765303134
2026-08-06,2022,2022-05-23,-0.49762381237395925,1,-0.4976238123739591
2026-08-06,2022,2022-05-24,-0.49762381237395925,1,-0.4976238123739591
2026-08-06,2022,2022-05-25,-0.5522394765303135,1,-0.5522394765303134
2026-08-06,2022,2022-05-26,-0.44300814821760504,1,-0.4430081482176049
2026-08-06,2022,2022-05-27,-0.44300814821760504,1,-0.4430081482176049
2026-08-06,2022,2022-05-28,-0.22454549159218815,1,-0.2245454915921882
2026-08-06,2022,2022-05-29,0.2669954858149999,1,0.26699548581499954
2026-08-06,2022,2022-05-30,-0.006082834966771235,1,-0.00608283496677142
2026-08-06,2022,2022-05-31,-0.44300814821760504,1,-0.4430081482176049
2026-08-06,2022,2022-06-01,-0.3337768199048966,1,-0.33377681990489655
2026-08-06,2022,2022-06-02,-0.2791611557485424,1,-0.2791611557485424
2026-08-06,2022,2022-06-03,-0.3883924840612508,1,-0.3883924840612507
2026-08-06,2022,2022-06-04,-0.49762381237395925,1,-0.4976238123739591
2026-08-06,2022,2022-06-05,-0.5522394765303135,1,-0.5522394765303134
2026-08-06,2022,2022-06-06,-0.6068551406866677,1,-0.6068551406866675
2026-08-06,2022,2022-06-07,-0.6068551406866677,1,-0.6068551406866675
2026-08-06,2022,2022-06-08,-0.5522394765303135,1,-0.5522394765303134
2026-08-06,2022,2022-06-09,-0.5522394765303135,1,-0.5522394765303134
2026-08-06,2022,2022-06-10,-0.5522394765303135,1,-0.5522394765303134
2026-08-06,2022,2022-06-11,-0.661470804843022,1,-0.6614708048430218
2026-08-06,2022,2022-06-12,-0.5522394765303135,1,-0.5522394765303134
2026-08-06,2022,2022-06-13,-0.49762381237395925,1,-0.4976238123739591
2026-08-06,2022,2022-06-14,-0.6068551406866677,1,-0.6068551406866675
2026-08-06,2022,2022-06-15,-0.5522394765303135,1,-0.5522394765303134
2026-08-06,2022,2022-06-16,-0.5522394765303135,1,-0.5522394765303134
2026-08-06,2022,2022-06-17,-0.2791611557485424,1,-0.2791611557485424
2026-08-06,2022,2022-06-18,-0.44300814821760504,1,-0.4430081482176049
2026-08-06,2022,2022-06-19,0.048532829189582995,1,0.04853282918958277
2026-08-06,2022,2022-06-20,0.21237982165864566,1,0.21237982165864533
2026-08-06,2022,2022-06-21,-0.060698499123125464,1,-0.06069849912312561
2026-08-06,2022,2022-06-22,-0.11531416327947969,1,-0.1153141632794798
2026-08-06,2022,2022-06-23,-0.1699298274358339,1,-0.16992982743583399
2026-08-06,2022,2022-06-24,0.7585364632221879,1,0.7585364632221872
2026-08-06,2022,2022-06-25,2.014696738818335,1,2.014696738818334
2026-08-06,2022,2022-06-26,2.178543731287398,1,2.1785437312873968
2026-08-06,2022,2022-06-27,3.10701002194542,1,3.1070100219454178
2026-08-06,2022,2022-06-28,3.5439353351962537,1,3.5439353351962515
2026-08-06,2022,2022-06-29,4.199323305072505,1,4.199323305072502
2026-08-06,2022,2022-06-30,4.6908642824796924,1,4.690864282479689
2026-08-06,2022,2022-07-01,3.7623979918216706,1,3.762397991821668
2026-08-06,2022,2022-07-02,2.670084708694586,1,2.670084708694584
2026-08-06,2022,2022-07-03,1.5777714255675015,1,1.5777714255675002
2026-08-06,2022,2022-07-04,0.9223834556912507,1,0.9223834556912498
2026-08-06,2022,2022-07-05,0.7039207990658337,1,0.703920799065833
2026-08-06,2022,2022-07-06,0.4308424782840626,1,0.43084247828406214
2026-08-06,2022,2022-07-07,0.4854581424404168,1,0.4854581424404163
2026-08-06,2022,2022-07-08,-0.006082834966771235,1,-0.00608283496677142
2026-08-06,2022,2022-07-09,0.32161114997135415,1,0.32161114997135376
2026-08-06,2022,2022-07-10,0.5400738065967711,1,0.5400738065967705
2026-08-06,2022,2022-07-11,0.5946894707531253,1,0.5946894707531246
2026-08-06,2022,2022-07-12,0.15776415750229145,1,0.15776415750229114
2026-08-06,2022,2022-07-13,-0.11531416327947969,1,-0.1153141632794798
2026-08-06,2022,2022-07-14,-0.2791611557485424,1,-0.2791611557485424
2026-08-06,2022,2022-07-15,-0.3883924840612508,1,-0.3883924840612507
2026-08-06,2022,2022-07-16,-0.3883924840612508,1,-0.3883924840612507
2026-08-06,2022,2022-07-17,-0.006082834966771235,1,-0.00608283496677142
2026-08-06,2022,2022-07-18,0.4308424782840626,1,0.43084247828406214
2026-08-06,2022,2022-07-19,0.048532829189582995,1,0.04853282918958277
2026-08-06,2022,2022-07-20,0.2669954858149999,1,0.26699548581499954
2026-08-06,2022,2022-07-21,0.2669954858149999,1,0.26699548581499954
2026-08-06,2022,2022-07-22,0.21237982165864566,1,0.21237982165864533
2026-08-06,2022,2022-07-23,0.5946894707531253,1,0.5946894707531246
2026-08-06,2022,2022-07-24,0.6493051349094795,1,0.6493051349094788
2026-08-06,2022,2022-07-25,0.5400738065967711,1,0.5400738065967705
2026-08-06,2022,2022-07-26,-0.060698499123125464,1,-0.06069849912312561
2026-08-06,2022,2022-07-27,0.37622681412770836,1,0.3762268141277079
2026-08-06,2022,2022-07-28,0.37622681412770836,1,0.3762268141277079
2026-08-06,2022,2022-07-29,0.6493051349094795,1,0.6493051349094788
2026-08-06,2022,2022-07-30,1.1954617764730218,1,1.1954617764730207
2026-08-06,2022,2022-07-31,1.7962340821929184,1,1.796234082192917
2026-08-06,2022,2022-08-01,2.1239280671310437,1,2.1239280671310423
2026-08-06,2022,2022-08-02,2.8885473653200027,1,2.888547365320001
2026-08-06,2022,2022-08-03,1.9054654105056268,1,1.9054654105056252
2026-08-06,2022,2022-08-04,0.10314849334593722,1,0.10314849334593695
2026-08-06,2022,2022-08-05,-0.11531416327947969,1,-0.1153141632794798
2026-08-06,2022,2022-08-06,-0.060698499123125464,1,-0.06069849912312561
2026-08-06,2022,2022-08-07,0.15776415750229145,1,0.15776415750229114
2026-08-06,2022,2022-08-08,0.5946894707531253,1,0.5946894707531246
2026-08-06,2022,2022-08-09,0.8131521273785421,1,0.8131521273785414
2026-08-06,2022,2022-08-10,0.6493051349094795,1,0.6493051349094788
2026-08-06,2022,2022-08-11,0.6493051349094795,1,0.6493051349094788
2026-08-06,2022,2022-08-12,0.048532829189582995,1,0.04853282918958277
2026-08-06,2022,2022-08-13,-0.3337768199048966,1,-0.33377681990489655
2026-08-06,2022,2022-08-14,0.10314849334593722,1,0.10314849334593695
2026-08-06,2022,2022-08-15,0.2669954858149999,1,0.26699548581499954
2026-08-06,2022,2022-08-16,0.32161114997135415,1,0.32161114997135376
2026-08-06,2022,2022-08-17,-0.12514407289701487,1,-0.12514407289701499
2026-08-06,2022,2022-08-18,-0.33268387811299865,1,-0.3326838781129986
2026-08-06,2022,2022-08-19,-0.28899129988427563,1,-0.28899129988427563
2026-08-06,2022,2022-08-20,-0.34251472580332615,1,-0.3425147258033261
2026-08-06,2022,2022-08-21,-0.3195760811925619,1,-0.31957608119256187
2026-08-06,2022,2022-08-22,-0.28899129988427563,1,-0.28899129988427563
2026-08-06,2022,2022-08-23,-0.12186712366690572,1,-0.12186712366690583
2026-08-06,2022,2022-08-24,-0.21580617858457002,1,-0.21580617858457007
2026-08-06,2022,2022-08-25,-0.4528385268715364,1,-0.4528385268715363
2026-08-06,2022,2022-08-26,-0.4834233081798227,1,-0.48342330817982254
2026-08-06,2022,2022-08-27,-0.2092522801243517,1,-0.20925228012435176
2026-08-06,2022,2022-08-28,-0.49325415587015026,1,-0.4932541558701501
2026-08-06,2022,2022-08-29,-0.5500545310193099,1,-0.5500545310193098
2026-08-06,2022,2022-08-30,-0.6003010077082513,1,-0.6003010077082511
2026-08-06,2022,2022-08-31,-0.4528385268715364,1,-0.4528385268715363
2026-08-06,2022,2022-09-01,-0.49980805433036857,1,-0.4998080543303684
2026-08-06,2022,2022-09-02,-0.6636552813176294,1,-0.6636552813176292
2026-08-06,2022,2022-09-03,-0.6068549061684696,1,-0.6068549061684694
2026-08-06,2022,2022-09-04,-0.5467775817892008,1,-0.5467775817892007
2026-08-06,2022,2022-09-05,-0.44300767918120887,1,-0.44300767918120876
2026-08-06,2022,2022-09-06,-0.3894842532621584,1,-0.3894842532621583
2026-08-06,2022,2022-09-07,-0.115312287133895,1,-0.11531228713389512
2026-08-06,2022,2022-09-08,-0.338144834781319,1,-0.33814483478131896
2026-08-06,2022,2022-09-09,-0.5544234839685247,1,-0.5544234839685246
2026-08-06,2022,2022-09-10,-0.3971299209232842,1,-0.3971299209232841
2026-08-06,2022,2022-09-11,-0.5806390778093982,1,-0.580639077809398
2026-08-06,2022,2022-09-12,-0.5085461947469964,1,-0.5085461947469962
2026-08-06,2022,2022-09-13,-0.5151000932072146,1,-0.5151000932072145
2026-08-06,2022,2022-09-14,-0.5085461947469964,1,-0.5085461947469962
2026-08-06,2022,2022-09-15,-0.6265163670309266,1,-0.6265163670309264
2026-08-06,2022,2022-09-16,-0.6265163670309266,1,-0.6265163670309264
2026-08-06,2022,2022-09-17,-0.5478695855083064,1,-0.5478695855083063
2026-08-06,2022,2022-09-18,-0.6658397577922368,1,-0.6658397577922366
2026-08-06,2022,2022-09-19,-0.6986092500933285,1,-0.6986092500933283
2026-08-06,2022,2022-09-20,-0.7051631485535469,1,-0.7051631485535467
2026-08-06,2022,2022-09-21,-0.6986092500933285,1,-0.6986092500933283
2026-08-06,2022,2022-09-22,-0.7707021331557304,1,-0.7707021331557301
2026-08-06,2022,2022-09-23,-0.7707021331557304,1,-0.7707021331557301
2026-08-06,2022,2022-09-24,-0.7707021331557304,1,-0.7707021331557301
2026-08-06,2022,2022-09-25,-0.6723936562524551,1,-0.6723936562524548
2026-08-06,2022,2022-09-26,-0.6265163670309266,1,-0.6265163670309264
2026-08-06,2022,2022-09-27,-0.6658397577922368,1,-0.6658397577922366
2026-08-06,2022,2022-09-28,-0.6723936562524551,1,-0.6723936562524548
2026-08-06,2022,2022-09-29,-0.6986092500933285,1,-0.6986092500933283
2026-08-06,2022,2022-09-30,-0.6658397577922368,1,-0.6658397577922366
2026-08-06,2023,2023-05-01,-0.8792981942284513,1,-0.8792981942284521
2026-08-06,2023,2023-05-02,-0.9119557160330642,1,-0.911955716033065
2026-08-06,2023,2023-05-03,-0.8792981942284513,1,-0.8792981942284521
2026-08-06,2023,2023-05-04,-0.74866810701,1,-0.7486681070100006
2026-08-06,2023,2023-05-05,-0.74866810701,1,-0.7486681070100006
2026-08-06,2023,2023-05-06,-0.7160105852053871,1,-0.7160105852053877
2026-08-06,2023,2023-05-07,-0.8466406724238386,1,-0.8466406724238392
2026-08-06,2023,2023-05-08,-0.9119557160330642,1,-0.911955716033065
2026-08-06,2023,2023-05-09,-0.8792981942284513,1,-0.8792981942284521
2026-08-06,2023,2023-05-10,-0.8466406724238386,1,-0.8466406724238392
2026-08-06,2023,2023-05-11,-0.8466406724238386,1,-0.8466406724238392
2026-08-06,2023,2023-05-12,-0.8792981942284513,1,-0.8792981942284521
2026-08-06,2023,2023-05-13,-0.9446132378376771,1,-0.9446132378376779
2026-08-06,2023,2023-05-14,-1.0099282814469028,1,-1.0099282814469035
2026-08-06,2023,2023-05-15,-0.8792981942284513,1,-0.8792981942284521
2026-08-06,2023,2023-05-16,-0.6180380197915485,1,-0.618038019791549
2026-08-06,2023,2023-05-17,0.263715068932999,1,0.26371506893299884
2026-08-06,2023,2023-05-18,0.03511241630070893,1,0.03511241630070865
2026-08-06,2023,2023-05-19,-0.6180380197915485,1,-0.618038019791549
2026-08-06,2023,2023-05-20,-0.8466406724238386,1,-0.8466406724238392
2026-08-06,2023,2023-05-21,-0.6180380197915485,1,-0.618038019791549
2026-08-06,2023,2023-05-22,-0.5527229761823227,1,-0.5527229761823232
2026-08-06,2023,2023-05-23,-0.8466406724238386,1,-0.8466406724238392
2026-08-06,2023,2023-05-24,-0.8139831506192257,1,-0.8139831506192263
2026-08-06,2023,2023-05-25,-0.74866810701,1,-0.7486681070100006
2026-08-06,2023,2023-05-26,-0.8792981942284513,1,-0.8792981942284521
2026-08-06,2023,2023-05-27,-0.6833530634007742,1,-0.6833530634007748
2026-08-06,2023,2023-05-28,-0.7813256288146128,1,-0.7813256288146134
2026-08-06,2023,2023-05-29,-0.7813256288146128,1,-0.7813256288146134
2026-08-06,2023,2023-05-30,-0.74866810701,1,-0.7486681070100006
2026-08-06,2023,2023-05-31,-0.9119557160330642,1,-0.911955716033065
2026-08-06,2023,2023-06-01,-0.7160105852053871,1,-0.7160105852053877
2026-08-06,2023,2023-06-02,-0.8466406724238386,1,-0.8466406724238392
2026-08-06,2023,2023-06-03,-0.8792981942284513,1,-0.8792981942284521
2026-08-06,2023,2023-06-04,-0.6833530634007742,1,-0.6833530634007748
2026-08-06,2023,2023-06-05,-0.38943536715925836,1,-0.3894353671592588
2026-08-06,2023,2023-06-06,-0.6833530634007742,1,-0.6833530634007748
2026-08-06,2023,2023-06-07,-0.42209288896387126,1,-0.4220928889638717
2026-08-06,2023,2023-06-08,-0.6180380197915485,1,-0.618038019791549
2026-08-06,2023,2023-06-09,-0.7813256288146128,1,-0.7813256288146134
2026-08-06,2023,2023-06-10,-0.7813256288146128,1,-0.7813256288146134
2026-08-06,2023,2023-06-11,-0.8139831506192257,1,-0.8139831506192263
2026-08-06,2023,2023-06-12,-0.74866810701,1,-0.7486681070100006
2026-08-06,2023,2023-06-13,-0.5200654543777098,1,-0.5200654543777103
2026-08-06,2023,2023-06-14,-0.6833530634007742,1,-0.6833530634007748
2026-08-06,2023,2023-06-15,-0.7160105852053871,1,-0.7160105852053877
2026-08-06,2023,2023-06-16,-0.4547504107684841,1,-0.4547504107684846
2026-08-06,2023,2023-06-17,-0.09551767091774255,1,-0.09551767091774288
2026-08-06,2023,2023-06-18,0.32903011254222475,1,0.32903011254222464
2026-08-06,2023,2023-06-19,-0.2588052799408069,1,-0.25880527994080726
2026-08-06,2023,2023-06-20,-0.5200654543777098,1,-0.5200654543777103
2026-08-06,2023,2023-06-21,-0.5527229761823227,1,-0.5527229761823232
2026-08-06,2023,2023-06-22,-0.74866810701,1,-0.7486681070100006
2026-08-06,2023,2023-06-23,-0.8139831506192257,1,-0.8139831506192263
2026-08-06,2023,2023-06-24,-0.6068625141820269,1,-0.6068625141820274
2026-08-06,2023,2023-06-25,-0.29294171502281796,1,-0.29294171502281835
2026-08-06,2023,2023-06-26,-0.222625895684169,1,-0.2226258956841694
2026-08-06,2023,2023-06-27,-0.34442838559444894,1,-0.3444283855944494
2026-08-06,2023,2023-06-28,0.004650323234084503,1,0.00465032323408421
2026-08-06,2023,2023-06-29,0.33740027116031146,1,0.33740027116031135
2026-08-06,2023,2023-06-30,-0.3280996246921425,1,-0.32809962469214293
2026-08-06,2023,2023-07-01,-0.5553758436103959,1,-0.5553758436103965
2026-08-06,2023,2023-07-02,0.056136993805715546,1,0.05613699380571528
2026-08-06,2023,2023-07-03,0.19676863248301352,1,0.1967686324830133
2026-08-06,2023,2023-07-04,-0.11715216667619552,1,-0.11715216667619587
2026-08-06,2023,2023-07-05,-0.3795862952637735,1,-0.37958629526377397
2026-08-06,2023,2023-07-06,-0.030507586435240104,1,-0.030507586435240413
2026-08-06,2023,2023-07-07,0.19676863248301352,1,0.1967686324830133
2026-08-06,2023,2023-07-08,-0.17113922511253807,1,-0.17113922511253846
2026-08-06,2023,2023-07-09,0.5458473413115469,1,0.5458473413115468
2026-08-06,2023,2023-07-10,1.9986496229267345,1,1.9986496229267352
2026-08-06,2023,2023-07-11,2.2610837515143123,1,2.2610837515143127
2026-08-06,2023,2023-07-12,1.7362154943391568,1,1.7362154943391572
2026-08-06,2023,2023-07-13,0.4240448514012669,1,0.4240448514012668
2026-08-06,2023,2023-07-14,0.1616107228136889,1,0.16161072281368868
2026-08-06,2023,2023-07-15,0.6470368100506871,1,0.6470368100506871
2026-08-06,2023,2023-07-16,2.304001901548277,1,2.3040019015482773
2026-08-06,2023,2023-07-17,2.7182431744226747,1,2.7182431744226756
2026-08-06,2023,2023-07-18,2.6805848768886387,1,2.6805848768886396
2026-08-06,2023,2023-07-19,1.2872278681293012,1,1.2872278681293017
2026-08-06,2023,2023-07-20,0.4587453223805066,1,0.4587453223805065
2026-08-06,2023,2023-07-21,0.15747894210821742,1,0.1574789421082172
2026-08-06,2023,2023-07-22,0.08216234704014518,1,0.08216234704014493
2026-08-06,2023,2023-07-23,0.6846951075847233,1,0.6846951075847233
2026-08-06,2023,2023-07-24,0.8353282977208679,1,0.8353282977208679
2026-08-06,2023,2023-07-25,1.0236197853910485,1,1.0236197853910487
2026-08-06,2023,2023-07-26,1.2872278681293012,1,1.2872278681293017
2026-08-06,2023,2023-07-27,1.3625444631973735,1,1.362544463197374
2026-08-06,2023,2023-07-28,1.1365946779931568,1,1.136594677993157
2026-08-06,2023,2023-07-29,1.5884942484015907,1,1.5884942484015911
2026-08-06,2023,2023-07-30,2.4546350916844215,1,2.454635091684422
2026-08-06,2023,2023-07-31,1.8897606286738795,1,1.8897606286738802
2026-08-06,2023,2023-08-01,0.5717202149826149,1,0.5717202149826148
2026-08-06,2023,2023-08-02,2.3793184966163494,1,2.37931849661635
2026-08-06,2023,2023-08-03,2.304001901548277,1,2.3040019015482773
2026-08-06,2023,2023-08-04,2.56760998428653,1,2.567609984286531
2026-08-06,2023,2023-08-05,2.492293389218458,1,2.4922933892184584
2026-08-06,2023,2023-08-06,2.7559014719567108,1,2.7559014719567116
2026-08-06,2023,2023-08-07,1.8521023311398437,1,1.8521023311398443
2026-08-06,2023,2023-08-08,0.7223534051187593,1,0.7223534051187593
2026-08-06,2023,2023-08-09,0.08216234704014518,1,0.08216234704014493
2026-08-06,2023,2023-08-10,0.04450404950610906,1,0.04450404950610879
2026-08-06,2023,2023-08-11,-0.0684708430959994,1,-0.06847084309599973
2026-08-06,2023,2023-08-12,0.3834287273124341,1,0.383428727312434
2026-08-06,2023,2023-08-13,0.4210870248464704,1,0.4210870248464703
2026-08-06,2023,2023-08-14,-0.10612914063003563,1,-0.10612914063003596
2026-08-06,2023,2023-08-15,-0.2567623307661801,1,-0.2567623307661805
2026-08-06,2023,2023-08-16,-0.21910403323214397,1,-0.2191040332321444
2026-08-06,2023,2023-08-17,1.2509461398221968,1,1.2509461398221973
2026-08-06,2023,2023-08-18,1.556528027937522,1,1.5565280279375224
2026-08-06,2023,2023-08-19,2.102378046007399,1,2.1023780460073995
2026-08-06,2023,2023-08-20,1.9650819717476549,1,1.9650819717476555
2026-08-06,2023,2023-08-21,1.6938241021972658,1,1.6938241021972662
2026-08-06,2023,2023-08-22,0.7925733076492097,1,0.7925733076492097
2026-08-06,2023,2023-08-23,1.0638311771995983,1,1.0638311771995985
2026-08-06,2023,2023-08-24,0.7239252705193376,1,0.7239252705193376
2026-08-06,2023,2023-08-25,0.11276149428868813,1,0.1127614942886879
2026-08-06,2023,2023-08-26,-0.14300150546378262,1,-0.14300150546378299
2026-08-06,2023,2023-08-27,-0.1928203938266367,1,-0.1928203938266371
2026-08-06,2023,2023-08-28,-0.1773255240287187,1,-0.1773255240287191
2026-08-06,2023,2023-08-29,0.8767162145770001,1,0.8767162145770002
2026-08-06,2023,2023-08-30,0.418343382404013,1,0.41834338240401286
2026-08-06,2023,2023-08-31,-0.14300150546378262,1,-0.14300150546378299
2026-08-06,2023,2023-09-01,-0.3301164680863811,1,-0.33011646808638156
2026-08-06,2023,2023-09-02,-0.2116495425936548,1,-0.21164954259365518
2026-08-06,2023,2023-09-03,-0.26146843095650885,1,-0.26146843095650923
2026-08-06,2023,2023-09-04,-0.3301164680863811,1,-0.33011646808638156
2026-08-06,2023,2023-09-05,-0.29579244952144496,1,-0.29579244952144534
2026-08-06,2023,2023-09-06,-0.6202034864037879,1,-0.6202034864037884
2026-08-06,2023,2023-09-07,-0.7620103646802145,1,-0.7620103646802152
2026-08-06,2023,2023-09-08,-0.8859693230635586,1,-0.8859693230635594
2026-08-06,2023,2023-09-09,-0.7310206250843785,1,-0.7310206250843791
2026-08-06,2023,2023-09-10,-0.545082187509362,1,-0.5450821875093625
2026-08-06,2023,2023-09-11,-0.6070616667010342,1,-0.6070616667010348
2026-08-06,2023,2023-09-12,-0.6070616667010342,1,-0.6070616667010348
2026-08-06,2023,2023-09-13,-0.5760719271051982,1,-0.5760719271051987
2026-08-06,2023,2023-09-14,-0.5760719271051982,1,-0.5760719271051987
2026-08-06,2023,2023-09-15,-0.7310206250843785,1,-0.7310206250843791
2026-08-06,2023,2023-09-16,-0.48310270831769,1,-0.4831027083176905
2026-08-06,2023,2023-09-17,-0.3281540103385098,1,-0.32815401033851027
2026-08-06,2023,2023-09-18,-0.3281540103385098,1,-0.32815401033851027
2026-08-06,2023,2023-09-19,-0.48310270831769,1,-0.4831027083176905
2026-08-06,2023,2023-09-20,-0.7000308854885424,1,-0.7000308854885431
2026-08-06,2023,2023-09-21,-0.7930001042760505,1,-0.7930001042760512
2026-08-06,2023,2023-09-22,-0.8549795834677226,1,-0.8549795834677233
2026-08-06,2023,2023-09-23,-0.9169590626593946,1,-0.9169590626593954
2026-08-06,2023,2023-09-24,-0.8859693230635586,1,-0.8859693230635594
2026-08-06,2023,2023-09-25,-0.8239898438718866,1,-0.8239898438718872
2026-08-06,2023,2023-09-26,-0.8549795834677226,1,-0.8549795834677233
2026-08-06,2023,2023-09-27,-0.8239898438718866,1,-0.8239898438718872
2026-08-06,2023,2023-09-28,-0.7620103646802145,1,-0.7620103646802152
2026-08-06,2023,2023-09-29,-0.8549795834677226,1,-0.8549795834677233
2026-08-06,2023,2023-09-30,-0.8549795834677226,1,-0.8549795834677233
2026-08-06,2024,2024-05-01,-0.7780744103818564,1,-0.778074410381856
2026-08-06,2024,2024-05-02,-0.7370313540852397,1,-0.7370313540852392
2026-08-06,2024,2024-05-03,-0.7780744103818564,1,-0.778074410381856
2026-08-06,2024,2024-05-04,-0.6139021851953895,1,-0.6139021851953891
2026-08-06,2024,2024-05-05,-0.6139021851953895,1,-0.6139021851953891
2026-08-06,2024,2024-05-06,-0.7780744103818564,1,-0.778074410381856
2026-08-06,2024,2024-05-07,-0.7370313540852397,1,-0.7370313540852392
2026-08-06,2024,2024-05-08,-0.7370313540852397,1,-0.7370313540852392
2026-08-06,2024,2024-05-09,-0.7780744103818564,1,-0.778074410381856
2026-08-06,2024,2024-05-10,-0.7370313540852397,1,-0.7370313540852392
2026-08-06,2024,2024-05-11,-0.7370313540852397,1,-0.7370313540852392
2026-08-06,2024,2024-05-12,-0.7780744103818564,1,-0.778074410381856
2026-08-06,2024,2024-05-13,-0.7370313540852397,1,-0.7370313540852392
2026-08-06,2024,2024-05-14,-0.7370313540852397,1,-0.7370313540852392
2026-08-06,2024,2024-05-15,-0.695988297788623,1,-0.6959882977886226
2026-08-06,2024,2024-05-16,-0.7370313540852397,1,-0.7370313540852392
2026-08-06,2024,2024-05-17,-0.6549452414920063,1,-0.6549452414920058
2026-08-06,2024,2024-05-18,-0.6549452414920063,1,-0.6549452414920058
2026-08-06,2024,2024-05-19,-0.7370313540852397,1,-0.7370313540852392
2026-08-06,2024,2024-05-20,-0.7370313540852397,1,-0.7370313540852392
2026-08-06,2024,2024-05-21,-0.6549452414920063,1,-0.6549452414920058
2026-08-06,2024,2024-05-22,-0.695988297788623,1,-0.6959882977886226
2026-08-06,2024,2024-05-23,-0.6549452414920063,1,-0.6549452414920058
2026-08-06,2024,2024-05-24,-0.6549452414920063,1,-0.6549452414920058
2026-08-06,2024,2024-05-25,-0.7370313540852397,1,-0.7370313540852392
2026-08-06,2024,2024-05-26,-0.695988297788623,1,-0.6959882977886226
2026-08-06,2024,2024-05-27,-0.7370313540852397,1,-0.7370313540852392
2026-08-06,2024,2024-05-28,-0.695988297788623,1,-0.6959882977886226
2026-08-06,2024,2024-05-29,-0.6549452414920063,1,-0.6549452414920058
2026-08-06,2024,2024-05-30,-0.695988297788623,1,-0.6959882977886226
2026-08-06,2024,2024-05-31,-0.7370313540852397,1,-0.7370313540852392
2026-08-06,2024,2024-06-01,-0.7370313540852397,1,-0.7370313540852392
2026-08-06,2024,2024-06-02,-0.7780744103818564,1,-0.778074410381856
2026-08-06,2024,2024-06-03,-0.695988297788623,1,-0.6959882977886226
2026-08-06,2024,2024-06-04,-0.695988297788623,1,-0.6959882977886226
2026-08-06,2024,2024-06-05,-0.695988297788623,1,-0.6959882977886226
2026-08-06,2024,2024-06-06,-0.7370313540852397,1,-0.7370313540852392
2026-08-06,2024,2024-06-07,-0.695988297788623,1,-0.6959882977886226
2026-08-06,2024,2024-06-08,-0.6549452414920063,1,-0.6549452414920058
2026-08-06,2024,2024-06-09,-0.7370313540852397,1,-0.7370313540852392
2026-08-06,2024,2024-06-10,-0.695988297788623,1,-0.6959882977886226
2026-08-06,2024,2024-06-11,-0.531816072602156,1,-0.5318160726021556
2026-08-06,2024,2024-06-12,-0.4907730163055393,1,-0.4907730163055388
2026-08-06,2024,2024-06-13,-0.5728591288987728,1,-0.5728591288987723
2026-08-06,2024,2024-06-14,-0.3676438474156891,1,-0.3676438474156886
2026-08-06,2024,2024-06-15,-0.4907730163055393,1,-0.4907730163055388
2026-08-06,2024,2024-06-16,-0.3676438474156891,1,-0.3676438474156886
2026-08-06,2024,2024-06-17,-0.4086869037123058,1,-0.4086869037123053
2026-08-06,2024,2024-06-18,-0.5728591288987728,1,-0.5728591288987723
2026-08-06,2024,2024-06-19,-0.4907730163055393,1,-0.4907730163055388
2026-08-06,2024,2024-06-20,-0.4907730163055393,1,-0.4907730163055388
2026-08-06,2024,2024-06-21,-0.695988297788623,1,-0.6959882977886226
2026-08-06,2024,2024-06-22,-0.6549452414920063,1,-0.6549452414920058
2026-08-06,2024,2024-06-23,-0.6549452414920063,1,-0.6549452414920058
2026-08-06,2024,2024-06-24,-0.1213855096359887,1,-0.12138550963598815
2026-08-06,2024,2024-06-25,-0.16242856593260543,1,-0.1624285659326049
2026-08-06,2024,2024-06-26,-0.32660079111907236,1,-0.32660079111907186
2026-08-06,2024,2024-06-27,-0.44972996000892257,1,-0.44972996000892207
2026-08-06,2024,2024-06-28,2.218068699271165,1,2.218068699271166
2026-08-06,2024,2024-06-29,0.12487282814371171,1,0.12487282814371228
2026-08-06,2024,2024-06-30,-0.5728591288987728,1,-0.5728591288987723
2026-08-06,2024,2024-07-01,1.3561645170422136,1,1.3561645170422145
2026-08-06,2024,2024-07-02,1.4382506296354471,1,1.438250629635448
2026-08-06,2024,2024-07-03,1.2740784044489804,1,1.2740784044489812
2026-08-06,2024,2024-07-04,2.1359825866779314,1,2.1359825866779323
2026-08-06,2024,2024-07-05,2.0128534177880812,1,2.012853417788082
2026-08-06,2024,2024-07-06,2.833714543720416,1,2.8337145437204168
2026-08-06,2024,2024-07-07,3.2441451066865836,1,3.2441451066865845
2026-08-06,2024,2024-07-08,3.0799728815001166,1,3.0799728815001175
2026-08-06,2024,2024-07-09,1.5203367422286806,1,1.5203367422286815
2026-08-06,2024,2024-07-10,0.3711311659234121,1,0.3711311659234127
2026-08-06,2024,2024-07-11,-0.03929939704275523,1,-0.039299397042754675
2026-08-06,2024,2024-07-12,-0.44972996000892257,1,-0.44972996000892207
2026-08-06,2024,2024-07-13,-0.32660079111907236,1,-0.32660079111907186
2026-08-06,2024,2024-07-14,1.6845089674151474,1,1.6845089674151483
2026-08-06,2024,2024-07-15,1.1509492355591302,1,1.150949235559131
2026-08-06,2024,2024-07-16,-0.03929939704275523,1,-0.039299397042754675
2026-08-06,2024,2024-07-17,-0.2445146785258389,1,-0.24451467852583839
2026-08-06,2024,2024-07-18,0.001743659253861509,1,0.0017436592538620707
2026-08-06,2024,2024-07-19,1.1099061792625133,1,1.1099061792625142
2026-08-06,2024,2024-07-20,1.2330353481523635,1,1.2330353481523644
2026-08-06,2024,2024-07-21,2.1770256429745483,1,2.177025642974549
2026-08-06,2024,2024-07-22,2.6284992622373324,1,2.6284992622373333
2026-08-06,2024,2024-07-23,1.2740784044489804,1,1.2740784044489812
2026-08-06,2024,2024-07-24,0.3711311659234121,1,0.3711311659234127
2026-08-06,2024,2024-07-25,1.1919922918557468,1,1.1919922918557477
2026-08-06,2024,2024-07-26,1.315121460745597,1,1.3151214607455979
2026-08-06,2024,2024-07-27,1.8486811926016145,1,1.8486811926016153
2026-08-06,2024,2024-07-28,2.1359825866779314,1,2.1359825866779323
2026-08-06,2024,2024-07-29,2.3411978681610153,1,2.341197868161016
2026-08-06,2024,2024-07-30,1.5613797985252973,1,1.5613797985252982
2026-08-06,2024,2024-07-31,0.535303391109879,1,0.5353033911098797
2026-08-06,2024,2024-08-01,1.0278200666692798,1,1.0278200666692807
2026-08-06,2024,2024-08-02,1.1919922918557468,1,1.1919922918557477
2026-08-06,2024,2024-08-03,0.8636478414828129,1,0.8636478414828136
2026-08-06,2024,2024-08-04,2.1770256429745483,1,2.177025642974549
2026-08-06,2024,2024-08-05,1.2740784044489804,1,1.2740784044489812
2026-08-06,2024,2024-08-06,0.28904505333017866,1,0.28904505333017927
2026-08-06,2024,2024-08-07,-0.08034245333937196,1,-0.08034245333937141
2026-08-06,2024,2024-08-08,0.7405186725929628,1,0.7405186725929634
2026-08-06,2024,2024-08-09,0.9867770103726632,1,0.9867770103726639
2026-08-06,2024,2024-08-10,1.1099061792625133,1,1.1099061792625142
2026-08-06,2024,2024-08-11,1.6434659111185308,1,1.6434659111185317
2026-08-06,2024,2024-08-12,1.5203367422286806,1,1.5203367422286815
2026-08-06,2024,2024-08-13,0.7405186725929628,1,0.7405186725929634
2026-08-06,2024,2024-08-14,0.08382977184709497,1,0.08382977184709554
2026-08-06,2024,2024-08-15,-0.32660079111907236,1,-0.32660079111907186
2026-08-06,2024,2024-08-16,-0.4907730163055393,1,-0.4907730163055388
2026-08-06,2024,2024-08-17,0.8248849549854973,1,0.824884954985498
2026-08-06,2024,2024-08-18,1.0506217646175027,1,1.0506217646175036
2026-08-06,2024,2024-08-19,1.429129950465238,1,1.4291299504652388
2026-08-06,2024,2024-08-20,0.004023829050708303,1,0.0040238290507088655
2026-08-06,2024,2024-08-21,-0.374484356797027,1,-0.3744843567970265
2026-08-06,2024,2024-08-22,-0.438329111036345,1,-0.4383291110363445
2026-08-06,2024,2024-08-23,-0.41780758288803665,1,-0.41780758288803616
2026-08-06,2024,2024-08-24,-0.24451467852399836,1,-0.24451467852399783
2026-08-06,2024,2024-08-25,-0.23311382955264773,1,-0.2331138295526472
2026-08-06,2024,2024-08-26,-0.438329111036345,1,-0.4383291110363445
2026-08-06,2024,2024-08-27,-0.6116220154003832,1,-0.6116220154003827
2026-08-06,2024,2024-08-28,-0.6549452414913928,1,-0.6549452414913923
2026-08-06,2024,2024-08-29,-0.6663460904627434,1,-0.666346090462743
2026-08-06,2024,2024-08-30,-0.7735140707930709,1,-0.7735140707930704
2026-08-06,2024,2024-08-31,-0.6982684675824022,1,-0.6982684675824018
2026-08-06,2024,2024-09-01,-0.6116220154003832,1,-0.6116220154003827
2026-08-06,2024,2024-09-02,-0.6116220154003832,1,-0.6116220154003827
2026-08-06,2024,2024-09-03,-0.7415916936734119,1,-0.7415916936734115
2026-08-06,2024,2024-09-04,-0.6982684675824022,1,-0.6982684675824018
2026-08-06,2024,2024-09-05,-0.6549452414913928,1,-0.6549452414913923
2026-08-06,2024,2024-09-06,-0.5796996382807242,1,-0.5796996382807238
2026-08-06,2024,2024-09-07,-0.518135053834572,1,-0.5181350538345716
2026-08-06,2024,2024-09-08,-0.13050618880865184,1,-0.1305061888086513
2026-08-06,2024,2024-09-09,-0.5409367517772733,1,-0.5409367517772729
2026-08-06,2024,2024-09-10,-0.5409367517772733,1,-0.5409367517772729
2026-08-06,2024,2024-09-11,-0.4953333558918709,1,-0.4953333558918704
2026-08-06,2024,2024-09-12,-0.4725316579491697,1,-0.4725316579491692
2026-08-06,2024,2024-09-13,0.4851396556442804,1,0.485139655644281
2026-08-06,2024,2024-09-14,-0.10770449086595059,1,-0.10770449086595005
2026-08-06,2024,2024-09-15,-0.4725316579491697,1,-0.4725316579491692
2026-08-06,2024,2024-09-16,-0.6777469394334803,1,-0.6777469394334799
2026-08-06,2024,2024-09-17,-0.5409367517772733,1,-0.5409367517772729
2026-08-06,2024,2024-09-18,-0.5409367517772733,1,-0.5409367517772729
2026-08-06,2024,2024-09-19,0.5535447494723837,1,0.5535447494723844
2026-08-06,2024,2024-09-20,-0.2901180744075602,1,-0.2901180744075597
2026-08-06,2024,2024-09-21,-0.6777469394334803,1,-0.6777469394334799
2026-08-06,2024,2024-09-22,-0.7233503353188828,1,-0.7233503353188824
2026-08-06,2024,2024-09-23,-0.7689537312042852,1,-0.7689537312042848
2026-08-06,2024,2024-09-24,-0.7917554291469863,1,-0.7917554291469858
2026-08-06,2024,2024-09-25,-0.7689537312042852,1,-0.7689537312042848
2026-08-06,2024,2024-09-26,-0.7917554291469863,1,-0.7917554291469858
2026-08-06,2024,2024-09-27,-0.8145571270896875,1,-0.8145571270896871
2026-08-06,2024,2024-09-28,-0.8145571270896875,1,-0.8145571270896871
2026-08-06,2024,2024-09-29,-0.7917554291469863,1,-0.7917554291469858
2026-08-06,2024,2024-09-30,-0.7917554291469863,1,-0.7917554291469858
2026-08-06,2025,2025-05-01,-0.8524352100842506,1,-0.8524352100842509
2026-08-06,2025,2025-05-02,-0.8918452775294546,1,-0.891845277529455
2026-08-06,2025,2025-05-03,-0.9706654124198628,1,-0.9706654124198631
2026-08-06,2025,2025-05-04,-0.9706654124198628,1,-0.9706654124198631
2026-08-06,2025,2025-05-05,-0.9312553449746587,1,-0.931255344974659
2026-08-06,2025,2025-05-06,-0.9706654124198628,1,-0.9706654124198631
2026-08-06,2025,2025-05-07,-0.8524352100842506,1,-0.8524352100842509
2026-08-06,2025,2025-05-08,-0.8130251426390466,1,-0.8130251426390469
2026-08-06,2025,2025-05-09,-0.8524352100842506,1,-0.8524352100842509
2026-08-06,2025,2025-05-10,-1.0100754798650668,1,-1.0100754798650673
2026-08-06,2025,2025-05-11,-0.9312553449746587,1,-0.931255344974659
2026-08-06,2025,2025-05-12,-0.8130251426390466,1,-0.8130251426390469
2026-08-06,2025,2025-05-13,-0.7342050077486384,1,-0.7342050077486388
2026-08-06,2025,2025-05-14,-0.6553848728582303,1,-0.6553848728582308
2026-08-06,2025,2025-05-15,-0.6947949403034344,1,-0.6947949403034348
2026-08-06,2025,2025-05-16,-0.7342050077486384,1,-0.7342050077486388
2026-08-06,2025,2025-05-17,-0.8918452775294546,1,-0.891845277529455
2026-08-06,2025,2025-05-18,-0.8524352100842506,1,-0.8524352100842509
2026-08-06,2025,2025-05-19,-0.6159748054130263,1,-0.6159748054130267
2026-08-06,2025,2025-05-20,-0.3401043332965979,1,-0.34010433329659845
2026-08-06,2025,2025-05-21,-0.2612841984061898,1,-0.2612841984061904
2026-08-06,2025,2025-05-22,-0.49774460307741414,1,-0.49774460307741464
2026-08-06,2025,2025-05-23,-0.6553848728582303,1,-0.6553848728582308
2026-08-06,2025,2025-05-24,-0.9706654124198628,1,-0.9706654124198631
2026-08-06,2025,2025-05-25,-0.9312553449746587,1,-0.931255344974659
2026-08-06,2025,2025-05-26,-0.6553848728582303,1,-0.6553848728582308
2026-08-06,2025,2025-05-27,-0.6947949403034344,1,-0.6947949403034348
2026-08-06,2025,2025-05-28,-0.6159748054130263,1,-0.6159748054130267
2026-08-06,2025,2025-05-29,-0.6553848728582303,1,-0.6553848728582308
2026-08-06,2025,2025-05-30,-0.6947949403034344,1,-0.6947949403034348
2026-08-06,2025,2025-05-31,-0.9312553449746587,1,-0.931255344974659
2026-08-06,2025,2025-06-01,-0.7736150751938425,1,-0.7736150751938429
2026-08-06,2025,2025-06-02,-0.4583345356322101,1,-0.4583345356322106
2026-08-06,2025,2025-06-03,-0.5371546705226182,1,-0.5371546705226187
2026-08-06,2025,2025-06-04,-0.4583345356322101,1,-0.4583345356322106
2026-08-06,2025,2025-06-05,-0.4583345356322101,1,-0.4583345356322106
2026-08-06,2025,2025-06-06,-0.49774460307741414,1,-0.49774460307741464
2026-08-06,2025,2025-06-07,-0.6947949403034344,1,-0.6947949403034348
2026-08-06,2025,2025-06-08,-0.7736150751938425,1,-0.7736150751938429
2026-08-06,2025,2025-06-09,-0.5765647379678223,1,-0.5765647379678227
2026-08-06,2025,2025-06-10,-0.6553848728582303,1,-0.6553848728582308
2026-08-06,2025,2025-06-11,-0.7342050077486384,1,-0.7342050077486388
2026-08-06,2025,2025-06-12,-0.6159748054130263,1,-0.6159748054130267
2026-08-06,2025,2025-06-13,-0.6947949403034344,1,-0.6947949403034348
2026-08-06,2025,2025-06-14,-0.9312553449746587,1,-0.931255344974659
2026-08-06,2025,2025-06-15,-0.5371546705226182,1,-0.5371546705226187
2026-08-06,2025,2025-06-16,0.2904567458266669,1,0.29045674582666625
2026-08-06,2025,2025-06-17,0.9604278923951358,1,0.960427892395135
2026-08-06,2025,2025-06-18,0.8421976900595237,1,0.8421976900595229
2026-08-06,2025,2025-06-19,0.5663272179430953,1,0.5663272179430946
2026-08-06,2025,2025-06-20,0.05399634115544261,1,0.05399634115544202
2026-08-06,2025,2025-06-21,-0.1824640635157817,1,-0.18246406351578226
2026-08-06,2025,2025-06-22,0.014586273710238557,1,0.014586273710237968
2026-08-06,2025,2025-06-23,-0.1036439286253736,1,-0.10364392862537415
2026-08-06,2025,2025-06-24,-0.379514400741802,1,-0.3795144007418025
2026-08-06,2025,2025-06-25,-0.418924468187006,1,-0.4189244681870065
2026-08-06,2025,2025-06-26,-0.30069426585139386,1,-0.3006942658513944
2026-08-06,2025,2025-06-27,-0.2612841984061898,1,-0.2612841984061904
2026-08-06,2025,2025-06-28,-0.22187413096098577,1,-0.2218741309609863
2026-08-06,2025,2025-06-29,-0.06423386118016955,1,-0.06423386118017012
2026-08-06,2025,2025-06-30,0.17222654349105476,1,0.17222654349105415
2026-08-06,2025,2025-07-01,0.13281647604585073,1,0.13281647604585012
2026-08-06,2025,2025-07-02,0.13281647604585073,1,0.13281647604585012
2026-08-06,2025,2025-07-03,0.014586273710238557,1,0.014586273710237968
2026-08-06,2025,2025-07-04,0.05399634115544261,1,0.05399634115544202
2026-08-06,2025,2025-07-05,2.063909780860849,1,2.063909780860848
2026-08-06,2025,2025-07-06,2.4186003878676856,1,2.4186003878676847
2026-08-06,2025,2025-07-07,2.8915211972101345,1,2.8915211972101336
2026-08-06,2025,2025-07-08,2.733880927429318,1,2.733880927429317
2026-08-06,2025,2025-07-09,2.379190320422482,1,2.379190320422481
2026-08-06,2025,2025-07-10,0.9210178249499318,1,0.921017824949931
2026-08-06,2025,2025-07-11,-0.3401043332965979,1,-0.34010433329659845
2026-08-06,2025,2025-07-12,-0.6553848728582303,1,-0.6553848728582308
2026-08-06,2025,2025-07-13,-0.418924468187006,1,-0.4189244681870065
2026-08-06,2025,2025-07-14,-0.379514400741802,1,-0.3795144007418025
2026-08-06,2025,2025-07-15,-0.4583345356322101,1,-0.4583345356322106
2026-08-06,2025,2025-07-16,-0.5765647379678223,1,-0.5765647379678227
2026-08-06,2025,2025-07-17,-0.379514400741802,1,-0.3795144007418025
2026-08-06,2025,2025-07-18,-0.379514400741802,1,-0.3795144007418025
2026-08-06,2025,2025-07-19,-0.379514400741802,1,-0.3795144007418025
2026-08-06,2025,2025-07-20,0.9604278923951358,1,0.960427892395135
2026-08-06,2025,2025-07-21,1.7486292412992168,1,1.7486292412992157
2026-08-06,2025,2025-07-22,2.1033198483060533,1,2.1033198483060525
2026-08-06,2025,2025-07-23,1.866859443634829,1,1.8668594436348278
2026-08-06,2025,2025-07-24,1.7880393087444209,1,1.7880393087444197
2026-08-06,2025,2025-07-25,1.906269511080033,1,1.9062695110800318
2026-08-06,2025,2025-07-26,0.6845574202787075,1,0.6845574202787068
2026-08-06,2025,2025-07-27,0.9210178249499318,1,0.921017824949931
2026-08-06,2025,2025-07-28,1.7486292412992168,1,1.7486292412992157
2026-08-06,2025,2025-07-29,0.6845574202787075,1,0.6845574202787068
2026-08-06,2025,2025-07-30,-0.1036439286253736,1,-0.10364392862537415
2026-08-06,2025,2025-07-31,-0.22187413096098577,1,-0.2218741309609863
2026-08-06,2025,2025-08-01,-0.379514400741802,1,-0.3795144007418025
2026-08-06,2025,2025-08-02,0.44809701560748316,1,0.44809701560748244
2026-08-06,2025,2025-08-03,1.906269511080033,1,1.9062695110800318
2026-08-06,2025,2025-08-04,1.945679578525237,1,1.9456795785252359
2026-08-06,2025,2025-08-05,2.615650725093706,1,2.615650725093705
2026-08-06,2025,2025-08-06,2.615650725093706,1,2.615650725093705
2026-08-06,2025,2025-08-07,0.6845574202787075,1,0.6845574202787068
2026-08-06,2025,2025-08-08,-0.14305399607057764,1,-0.1430539960705782
2026-08-06,2025,2025-08-09,-0.49774460307741414,1,-0.49774460307741464
2026-08-06,2025,2025-08-10,-0.7342050077486384,1,-0.7342050077486388
2026-08-06,2025,2025-08-11,-0.7736150751938425,1,-0.7736150751938429
2026-08-06,2025,2025-08-12,-0.7342050077486384,1,-0.7342050077486388
2026-08-06,2025,2025-08-13,-0.6159748054130263,1,-0.6159748054130267
2026-08-06,2025,2025-08-14,-0.6159748054130263,1,-0.6159748054130267
2026-08-06,2025,2025-08-15,-0.5371546705226182,1,-0.5371546705226187
2026-08-06,2025,2025-08-16,0.5663272179430953,1,0.5663272179430946
2026-08-06,2025,2025-08-17,1.3182629198834106,1,1.3182629198834097
2026-08-06,2025,2025-08-18,1.6727438989027856,1,1.6727438989027845
2026-08-06,2025,2025-08-19,1.2713062437737381,1,1.2713062437737372
2026-08-06,2025,2025-08-20,1.512168836851167,1,1.5121688368511659
2026-08-06,2025,2025-08-21,1.0440694718898447,1,1.0440694718898438
2026-08-06,2025,2025-08-22,1.1243570029156542,1,1.1243570029156533
2026-08-06,2025,2025-08-23,1.3849246297156848,1,1.3849246297156839
2026-08-06,2025,2025-08-24,1.6727438989027856,1,1.6727438989027845
2026-08-06,2025,2025-08-25,1.2243495676640657,1,1.2243495676640648
2026-08-06,2025,2025-08-26,0.9637819408640351,1,0.9637819408640343
2026-08-06,2025,2025-08-27,0.04728824466399266,1,0.04728824466399206
2026-08-06,2025,2025-08-28,-0.5344295062392763,1,-0.5344295062392768
2026-08-06,2025,2025-08-29,0.36843836876723096,1,0.3684383687672303
2026-08-06,2025,2025-08-30,1.3182629198834106,1,1.3182629198834097
2026-08-06,2025,2025-08-31,1.3849246297156848,1,1.3849246297156839
2026-08-06,2025,2025-09-01,1.1107311817221193,1,1.1107311817221184
2026-08-06,2025,2025-09-02,0.9501561196704998,1,0.9501561196704991
2026-08-06,2025,2025-09-03,0.013957389747855514,1,0.013957389747854924
2026-08-06,2025,2025-09-04,-0.7086303894844306,1,-0.708630389484431
2026-08-06,2025,2025-09-05,-0.8086229542328421,1,-0.8086229542328425
2026-08-06,2025,2025-09-06,-0.7283354232070326,1,-0.728335423207033
2026-08-06,2025,2025-09-07,0.040580148172542706,1,0.040580148172542116
2026-08-06,2025,2025-09-08,1.103394201268286,1,1.1033942012682851
2026-08-06,2025,2025-09-09,-0.20468463331109038,1,-0.2046846333110909
2026-08-06,2025,2025-09-10,-0.7224658386654268,1,-0.7224658386654272
2026-08-06,2025,2025-09-11,-0.8042207658266378,1,-0.8042207658266382
2026-08-06,2025,2025-09-12,-0.8859756929878487,1,-0.8859756929878491
2026-08-06,2025,2025-09-13,-0.8859756929878487,1,-0.8859756929878491
2026-08-06,2025,2025-09-14,-0.8042207658266378,1,-0.8042207658266382
2026-08-06,2025,2025-09-15,-0.7769691234395676,1,-0.7769691234395679
2026-08-06,2025,2025-09-16,-0.09567806376280903,1,-0.09567806376280959
2026-08-06,2025,2025-09-17,0.8581294197846528,1,0.8581294197846521
2026-08-06,2025,2025-09-18,-0.09567806376280903,1,-0.09567806376280959
2026-08-06,2025,2025-09-19,-0.8587240506007785,1,-0.8587240506007788
2026-08-06,2025,2025-09-20,-0.12292970614987926,1,-0.12292970614987982
2026-08-06,2025,2025-09-21,-0.17743299092402,1,-0.17743299092402057
2026-08-06,2025,2025-09-22,-0.9132273353749192,1,-0.9132273353749195
2026-08-06,2025,2025-09-23,-0.9404789777619895,1,-0.9404789777619899
2026-08-06,2025,2025-09-24,-0.8859756929878487,1,-0.8859756929878491
2026-08-06,2025,2025-09-25,-0.9132273353749192,1,-0.9132273353749195
2026-08-06,2025,2025-09-26,-0.9132273353749192,1,-0.9132273353749195
2026-08-06,2025,2025-09-27,-0.9677306201490599,1,-0.9677306201490602
2026-08-06,2025,2025-09-28,-0.9677306201490599,1,-0.9677306201490602
2026-08-06,2025,2025-09-29,-0.9404789777619895,1,-0.9404789777619899
2026-08-06,2025,2025-09-30,-0.9677306201490599,1,-0.9677306201490602
2026-08-07,2021,2021-05-01,-0.9670543030513319,1,-0.9670543030513322
2026-08-07,2021,2021-05-02,-0.9670543030513319,1,-0.9670543030513322
2026-08-07,2021,2021-05-03,-0.9670543030513319,1,-0.9670543030513322
2026-08-07,2021,2021-05-04,-0.7303070576395804,1,-0.7303070576395806
2026-08-07,2021,2021-05-05,-0.8013312312631058,1,-0.8013312312631061
2026-08-07,2021,2021-05-06,-0.5409092613101792,1,-0.5409092613101795
2026-08-07,2021,2021-05-07,-0.6119334349337047,1,-0.6119334349337049
2026-08-07,2021,2021-05-08,-0.7539817821807555,1,-0.7539817821807558
2026-08-07,2021,2021-05-09,-0.2568125668160774,1,-0.25681256681607756
2026-08-07,2021,2021-05-10,-0.32783674043960287,1,-0.32783674043960304
2026-08-07,2021,2021-05-11,-0.6119334349337047,1,-0.6119334349337049
2026-08-07,2021,2021-05-12,-0.5409092613101792,1,-0.5409092613101795
2026-08-07,2021,2021-05-13,-0.6829576085572301,1,-0.6829576085572303
2026-08-07,2021,2021-05-14,-0.351511464980778,1,-0.3515114649807782
2026-08-07,2021,2021-05-15,-0.351511464980778,1,-0.3515114649807782
2026-08-07,2021,2021-05-16,-0.7303070576395804,1,-0.7303070576395806
2026-08-07,2021,2021-05-17,-0.32783674043960287,1,-0.32783674043960304
2026-08-07,2021,2021-05-18,-0.5172345367690041,1,-0.5172345367690043
2026-08-07,2021,2021-05-19,-0.5645839858513544,1,-0.5645839858513546
2026-08-07,2021,2021-05-20,-0.6119334349337047,1,-0.6119334349337049
2026-08-07,2021,2021-05-21,-0.5409092613101792,1,-0.5409092613101795
2026-08-07,2021,2021-05-22,-0.9670543030513319,1,-0.9670543030513322
2026-08-07,2021,2021-05-23,-0.6356081594748798,1,-0.63560815947488
2026-08-07,2021,2021-05-24,-0.30416201589842773,1,-0.3041620158984279
2026-08-07,2021,2021-05-25,-0.37518618952195315,1,-0.3751861895219534
2026-08-07,2021,2021-05-26,-0.44621036314547863,1,-0.44621036314547885
2026-08-07,2021,2021-05-27,-0.5882587103925295,1,-0.5882587103925297
2026-08-07,2021,2021-05-28,-0.5409092613101792,1,-0.5409092613101795
2026-08-07,2021,2021-05-29,-0.5645839858513544,1,-0.5645839858513546
2026-08-07,2021,2021-05-30,-0.6119334349337047,1,-0.6119334349337049
2026-08-07,2021,2021-05-31,-0.23313784227490228,1,-0.23313784227490245
2026-08-07,2021,2021-06-01,-0.11476421956902652,1,-0.11476421956902665
2026-08-07,2021,2021-06-02,-0.4225356386043035,1,-0.4225356386043037
2026-08-07,2021,2021-06-03,-0.351511464980778,1,-0.3515114649807782
2026-08-07,2021,2021-06-04,-0.5409092613101792,1,-0.5409092613101795
2026-08-07,2021,2021-06-05,-0.659282884016055,1,-0.6592828840160552
2026-08-07,2021,2021-06-06,-0.5172345367690041,1,-0.5172345367690043
2026-08-07,2021,2021-06-07,0.0036094031368492183,1,0.0036094031368491177
2026-08-07,2021,2021-06-08,0.6665016902897534,1,0.6665016902897534
2026-08-07,2021,2021-06-09,0.8558994866191546,1,0.8558994866191547
2026-08-07,2021,2021-06-10,0.9742731093250303,1,0.9742731093250304
2026-08-07,2021,2021-06-11,0.5244533430427025,1,0.5244533430427025
2026-08-07,2021,2021-06-12,0.0036094031368492183,1,0.0036094031368491177
2026-08-07,2021,2021-06-13,-0.06741477048667623,1,-0.06741477048667634
2026-08-07,2021,2021-06-14,-0.2804872913572526,1,-0.28048729135725275
2026-08-07,2021,2021-06-15,-0.11476421956902652,1,-0.11476421956902665
2026-08-07,2021,2021-06-16,-0.30416201589842773,1,-0.3041620158984279
2026-08-07,2021,2021-06-17,-0.32783674043960287,1,-0.32783674043960304
2026-08-07,2021,2021-06-18,-0.4935598122278289,1,-0.49355981222782913
2026-08-07,2021,2021-06-19,-0.5409092613101792,1,-0.5409092613101795
2026-08-07,2021,2021-06-20,-0.3988609140631283,1,-0.3988609140631285
2026-08-07,2021,2021-06-21,-0.18578839319255197,1,-0.1857883931925521
2026-08-07,2021,2021-06-22,-0.2094631177337271,1,-0.20946311773372728
2026-08-07,2021,2021-06-23,-0.3988609140631283,1,-0.3988609140631285
2026-08-07,2021,2021-06-24,-0.44733884192452456,1,-0.4473388419245248
2026-08-07,2021,2021-06-25,-0.5116613166444962,1,-0.5116613166444964
2026-08-07,2021,2021-06-26,-0.4591762041951121,1,-0.45917620419511235
2026-08-07,2021,2021-06-27,-0.5641464290938804,1,-0.5641464290938806
2026-08-07,2021,2021-06-28,-0.266208780035197,1,-0.26620878003519716
2026-08-07,2021,2021-06-29,-0.12059080495763234,1,-0.12059080495763247
2026-08-07,2021,2021-06-30,-0.435501479653937,1,-0.4355014796539372
2026-08-07,2021,2021-07-01,-0.435501479653937,1,-0.4355014796539372
2026-08-07,2021,2021-07-02,-0.6166315415432645,1,-0.6166315415432647
2026-08-07,2021,2021-07-03,-0.6809540162632362,1,-0.6809540162632364
2026-08-07,2021,2021-07-04,-0.6691166539926485,1,-0.6691166539926487
2026-08-07,2021,2021-07-05,-0.44733884192452456,1,-0.4473388419245248
2026-08-07,2021,2021-07-06,-0.10875344268704477,1,-0.1087534426870449
2026-08-07,2021,2021-07-07,-0.09691608041645719,1,-0.09691608041645731
2026-08-07,2021,2021-07-08,-0.3948537294751404,1,-0.39485372947514064
2026-08-07,2021,2021-07-09,-0.3948537294751404,1,-0.39485372947514064
2026-08-07,2021,2021-07-10,1.3979078282439932,1,1.3979078282439934
2026-08-07,2021,2021-07-11,0.644577192778474,1,0.644577192778474
2026-08-07,2021,2021-07-12,1.1524552916346944,1,1.1524552916346946
2026-08-07,2021,2021-07-13,0.3703142682609662,1,0.37031426826096614
2026-08-07,2021,2021-07-14,0.11302436938107933,1,0.11302436938107926
2026-08-07,2021,2021-07-15,0.4158443165426987,1,0.4158443165426987
2026-08-07,2021,2021-07-16,1.2801559537889675,1,1.2801559537889677
2026-08-07,2021,2021-07-17,1.5106390570546395,1,1.51063905705464
2026-08-07,2021,2021-07-18,2.6630545733829982,1,2.6630545733829987
2026-08-07,2021,2021-07-19,4.795023278590461,1,4.795023278590462
2026-08-07,2021,2021-07-20,3.1816415557307596,1,3.1816415557307605
2026-08-07,2021,2021-07-21,2.374950694300908,1,2.3749506943009084
2026-08-07,2021,2021-07-22,2.202088366851654,1,2.2020883668516547
2026-08-07,2021,2021-07-23,2.202088366851654,1,2.2020883668516547
2026-08-07,2021,2021-07-24,1.798742936136729,1,1.7987429361367295
2026-08-07,2021,2021-07-25,1.5106390570546395,1,1.51063905705464
2026-08-07,2021,2021-07-26,0.8191897472576242,1,0.8191897472576243
2026-08-07,2021,2021-07-27,0.4734650923591165,1,0.4734650923591165
2026-08-07,2021,2021-07-28,0.8768105230740422,1,0.8768105230740423
2026-08-07,2021,2021-07-29,0.8768105230740422,1,0.8768105230740423
2026-08-07,2021,2021-07-30,0.8191897472576242,1,0.8191897472576243
2026-08-07,2021,2021-07-31,0.9920520747068781,1,0.9920520747068782
2026-08-07,2021,2021-08-01,1.5682598328710573,1,1.5682598328710577
2026-08-07,2021,2021-08-02,2.086846815218819,1,2.0868468152188195
2026-08-07,2021,2021-08-03,2.202088366851654,1,2.2020883668516547
2026-08-07,2021,2021-08-04,2.951158452465088,1,2.9511584524650885
2026-08-07,2021,2021-08-05,2.202088366851654,1,2.2020883668516547
2026-08-07,2021,2021-08-06,1.6835013845038933,1,1.6835013845038937
2026-08-07,2021,2021-08-07,0.5887066439919523,1,0.5887066439919523
2026-08-07,2021,2021-08-08,0.12774043746060887,1,0.12774043746060879
2026-08-07,2021,2021-08-09,0.8191897472576242,1,0.8191897472576243
2026-08-07,2021,2021-08-10,1.971605263585983,1,1.9716052635859835
2026-08-07,2021,2021-08-11,1.049672850523296,1,1.0496728505232962
2026-08-07,2021,2021-08-12,0.012498885827773096,1,0.012498885827772997
2026-08-07,2021,2021-08-13,-0.5060880965199884,1,-0.5060880965199887
2026-08-07,2021,2021-08-14,-0.6213296481528242,1,-0.6213296481528244
2026-08-07,2021,2021-08-15,-0.7365711997856602,1,-0.7365711997856604
2026-08-07,2021,2021-08-16,-0.6213296481528242,1,-0.6213296481528244
2026-08-07,2021,2021-08-17,-0.34662396200243023,1,-0.3466239620024304
2026-08-07,2021,2021-08-18,-0.15512954187290234,1,-0.15512954187290248
2026-08-07,2021,2021-08-19,0.06517526616483472,1,0.06517526616483464
2026-08-07,2021,2021-08-20,0.013017487944425376,1,0.013017487944425277
2026-08-07,2021,2021-08-21,-0.05081398543208398,1,-0.0508139854320841
2026-08-07,2021,2021-08-22,0.14068043469744393,1,0.14068043469744385
2026-08-07,2021,2021-08-23,-0.2711187934698209,1,-0.27111879346982104
2026-08-07,2021,2021-08-24,0.013017487944425376,1,0.013017487944425277
2026-08-07,2021,2021-08-25,0.25666968629436243,1,0.2566696862943624
2026-08-07,2021,2021-08-26,1.352730728887038,1,1.3527307288870383
2026-08-07,2021,2021-08-27,0.9930892789401826,1,0.9930892789401827
2026-08-07,2021,2021-08-28,1.1729100039136107,1,1.1729100039136109
2026-08-07,2021,2021-08-29,0.1694908226056529,1,0.16949082260565282
2026-08-07,2021,2021-08-30,0.42481671611169014,1,0.42481671611169014
2026-08-07,2021,2021-08-31,-0.2711187934698209,1,-0.27111879346982104
2026-08-07,2021,2021-09-01,-0.6190865482605764,1,-0.6190865482605766
2026-08-07,2021,2021-09-02,-0.6829180216370856,1,-0.6829180216370858
2026-08-07,2021,2021-09-03,-0.787233578077904,1,-0.7872335780779043
2026-08-07,2021,2021-09-04,-0.9670543030513319,1,-0.9670543030513322
2026-08-07,2021,2021-09-05,-0.6945917167931859,1,-0.6945917167931861
2026-08-07,2021,2021-09-06,-0.7989072732340041,1,-0.7989072732340045
2026-08-07,2021,2021-09-07,-0.7569277902415298,1,-0.7569277902415301
2026-08-07,2021,2021-09-08,-0.9670543030513319,1,-0.9670543030513322
2026-08-07,2021,2021-09-09,-0.78027518055373,1,-0.7802751805537304
2026-08-07,2021,2021-09-10,-0.6401908386805287,1,-0.640190838680529
2026-08-07,2021,2021-09-11,-0.7335803999293297,1,-0.7335803999293299
2026-08-07,2021,2021-09-12,-0.7569277902415298,1,-0.7569277902415301
2026-08-07,2021,2021-09-13,-0.6868856193049292,1,-0.6868856193049294
2026-08-07,2021,2021-09-14,-0.7102330096171293,1,-0.7102330096171295
2026-08-07,2021,2021-09-15,-0.7102330096171293,1,-0.7102330096171295
2026-08-07,2021,2021-09-16,-0.78027518055373,1,-0.7802751805537304
2026-08-07,2021,2021-09-17,-0.8036225708659303,1,-0.8036225708659306
2026-08-07,2021,2021-09-18,-0.9670543030513319,1,-0.9670543030513322
2026-08-07,2021,2021-09-19,-0.6868856193049292,1,-0.6868856193049294
2026-08-07,2021,2021-09-20,-0.7102330096171293,1,-0.7102330096171295
2026-08-07,2021,2021-09-21,-0.7569277902415298,1,-0.7569277902415301
2026-08-07,2021,2021-09-22,-0.7102330096171293,1,-0.7102330096171295
2026-08-07,2021,2021-09-23,-0.40671693555852645,1,-0.40671693555852667
2026-08-07,2021,2021-09-24,-0.6168434483683285,1,-0.6168434483683287
2026-08-07,2021,2021-09-25,-0.78027518055373,1,-0.7802751805537304
2026-08-07,2021,2021-09-26,-0.9670543030513319,1,-0.9670543030513322
2026-08-07,2021,2021-09-27,-0.8036225708659303,1,-0.8036225708659306
2026-08-07,2021,2021-09-28,-0.9670543030513319,1,-0.9670543030513322
2026-08-07,2021,2021-09-29,-0.9670543030513319,1,-0.9670543030513322
2026-08-07,2021,2021-09-30,-0.9670543030513319,1,-0.9670543030513322
2026-08-07,2022,2022-05-01,-0.7671705750396366,1,-0.7671705750396366
2026-08-07,2022,2022-05-02,-0.6583072555995814,1,-0.6583072555995814
2026-08-07,2022,2022-05-03,-0.712738915319609,1,-0.712738915319609
2026-08-07,2022,2022-05-04,-0.6583072555995814,1,-0.6583072555995814
2026-08-07,2022,2022-05-05,-0.5494439361595261,1,-0.549443936159526
2026-08-07,2022,2022-05-06,-0.6038755958795538,1,-0.6038755958795536
2026-08-07,2022,2022-05-07,-0.6583072555995814,1,-0.6583072555995814
2026-08-07,2022,2022-05-08,-0.6583072555995814,1,-0.6583072555995814
2026-08-07,2022,2022-05-09,-0.6583072555995814,1,-0.6583072555995814
2026-08-07,2022,2022-05-10,-0.6583072555995814,1,-0.6583072555995814
2026-08-07,2022,2022-05-11,-0.6038755958795538,1,-0.6038755958795536
2026-08-07,2022,2022-05-12,-0.6583072555995814,1,-0.6583072555995814
2026-08-07,2022,2022-05-13,-0.6583072555995814,1,-0.6583072555995814
2026-08-07,2022,2022-05-14,-0.6038755958795538,1,-0.6038755958795536
2026-08-07,2022,2022-05-15,-0.712738915319609,1,-0.712738915319609
2026-08-07,2022,2022-05-16,-0.6583072555995814,1,-0.6583072555995814
2026-08-07,2022,2022-05-17,-0.6038755958795538,1,-0.6038755958795536
2026-08-07,2022,2022-05-18,-0.5494439361595261,1,-0.549443936159526
2026-08-07,2022,2022-05-19,-0.5494439361595261,1,-0.549443936159526
2026-08-07,2022,2022-05-20,-0.6038755958795538,1,-0.6038755958795536
2026-08-07,2022,2022-05-21,-0.6583072555995814,1,-0.6583072555995814
2026-08-07,2022,2022-05-22,-0.6038755958795538,1,-0.6038755958795536
2026-08-07,2022,2022-05-23,-0.5494439361595261,1,-0.549443936159526
2026-08-07,2022,2022-05-24,-0.49501227643949847,1,-0.4950122764394983
2026-08-07,2022,2022-05-25,-0.5494439361595261,1,-0.549443936159526
2026-08-07,2022,2022-05-26,-0.44058061671947085,1,-0.4405806167194707
2026-08-07,2022,2022-05-27,-0.44058061671947085,1,-0.4405806167194707
2026-08-07,2022,2022-05-28,-0.2228539778393603,1,-0.22285397783936003
2026-08-07,2022,2022-05-29,0.2670309596408884,1,0.2670309596408889
2026-08-07,2022,2022-05-30,-0.005127338959249772,1,-0.005127338959249399
2026-08-07,2022,2022-05-31,-0.44058061671947085,1,-0.4405806167194707
2026-08-07,2022,2022-06-01,-0.3861489569994432,1,-0.38614895699944296
2026-08-07,2022,2022-06-02,-0.27728563755938795,1,-0.2772856375593877
2026-08-07,2022,2022-06-03,-0.3861489569994432,1,-0.38614895699944296
2026-08-07,2022,2022-06-04,-0.5494439361595261,1,-0.549443936159526
2026-08-07,2022,2022-06-05,-0.49501227643949847,1,-0.4950122764394983
2026-08-07,2022,2022-06-06,-0.5494439361595261,1,-0.549443936159526
2026-08-07,2022,2022-06-07,-0.6038755958795538,1,-0.6038755958795536
2026-08-07,2022,2022-06-08,-0.5494439361595261,1,-0.549443936159526
2026-08-07,2022,2022-06-09,-0.5494439361595261,1,-0.549443936159526
2026-08-07,2022,2022-06-10,-0.49501227643949847,1,-0.4950122764394983
2026-08-07,2022,2022-06-11,-0.6038755958795538,1,-0.6038755958795536
2026-08-07,2022,2022-06-12,-0.5494439361595261,1,-0.549443936159526
2026-08-07,2022,2022-06-13,-0.49501227643949847,1,-0.4950122764394983
2026-08-07,2022,2022-06-14,-0.6038755958795538,1,-0.6038755958795536
2026-08-07,2022,2022-06-15,-0.6038755958795538,1,-0.6038755958795536
2026-08-07,2022,2022-06-16,-0.49501227643949847,1,-0.4950122764394983
2026-08-07,2022,2022-06-17,-0.27728563755938795,1,-0.2772856375593877
2026-08-07,2022,2022-06-18,-0.44058061671947085,1,-0.4405806167194707
2026-08-07,2022,2022-06-19,0.04930432076077786,1,0.04930432076077826
2026-08-07,2022,2022-06-20,0.2670309596408884,1,0.2670309596408889
2026-08-07,2022,2022-06-21,-0.05955899867927741,1,-0.05955899867927706
2026-08-07,2022,2022-06-22,-0.16842231811933267,1,-0.16842231811933236
2026-08-07,2022,2022-06-23,-0.16842231811933267,1,-0.16842231811933236
2026-08-07,2022,2022-06-24,0.756915897121137,1,0.7569158971211377
2026-08-07,2022,2022-06-25,2.0088440706817727,1,2.008844070681774
2026-08-07,2022,2022-06-26,2.226570709561883,1,2.2265707095618845
2026-08-07,2022,2022-06-27,3.097477265082325,1,3.097477265082327
2026-08-07,2022,2022-06-28,3.5329305428425464,1,3.5329305428425486
2026-08-07,2022,2022-06-29,4.240542119202906,1,4.240542119202908
2026-08-07,2022,2022-06-30,4.675995396963127,1,4.6759953969631285
2026-08-07,2022,2022-07-01,3.696225522002629,1,3.6962255220026314
2026-08-07,2022,2022-07-02,2.662023987322104,1,2.662023987322106
2026-08-07,2022,2022-07-03,1.6278224526415792,1,1.6278224526415803
2026-08-07,2022,2022-07-04,0.9202108762812199,1,0.9202108762812207
2026-08-07,2022,2022-07-05,0.7024842374011094,1,0.7024842374011101
2026-08-07,2022,2022-07-06,0.4847575985209989,1,0.48475759852099953
2026-08-07,2022,2022-07-07,0.5391892582410266,1,0.5391892582410271
2026-08-07,2022,2022-07-08,-0.005127338959249772,1,-0.005127338959249399
2026-08-07,2022,2022-07-09,0.321462619360916,1,0.3214626193609166
2026-08-07,2022,2022-07-10,0.5391892582410266,1,0.5391892582410271
2026-08-07,2022,2022-07-11,0.5936209179610542,1,0.5936209179610548
2026-08-07,2022,2022-07-12,0.1037359804808055,1,0.10373598048080591
2026-08-07,2022,2022-07-13,-0.11399065839930504,1,-0.11399065839930472
2026-08-07,2022,2022-07-14,-0.27728563755938795,1,-0.2772856375593877
2026-08-07,2022,2022-07-15,-0.3861489569994432,1,-0.38614895699944296
2026-08-07,2022,2022-07-16,-0.44058061671947085,1,-0.4405806167194707
2026-08-07,2022,2022-07-17,-0.005127338959249772,1,-0.005127338959249399
2026-08-07,2022,2022-07-18,0.37589427908094364,1,0.3758942790809442
2026-08-07,2022,2022-07-19,0.1037359804808055,1,0.10373598048080591
2026-08-07,2022,2022-07-20,0.2670309596408884,1,0.2670309596408889
2026-08-07,2022,2022-07-21,0.2670309596408884,1,0.2670309596408889
2026-08-07,2022,2022-07-22,0.21259929992086077,1,0.21259929992086124
2026-08-07,2022,2022-07-23,0.5391892582410266,1,0.5391892582410271
2026-08-07,2022,2022-07-24,0.7024842374011094,1,0.7024842374011101
2026-08-07,2022,2022-07-25,0.4847575985209989,1,0.48475759852099953
2026-08-07,2022,2022-07-26,-0.05955899867927741,1,-0.05955899867927706
2026-08-07,2022,2022-07-27,0.321462619360916,1,0.3214626193609166
2026-08-07,2022,2022-07-28,0.37589427908094364,1,0.3758942790809442
2026-08-07,2022,2022-07-29,0.6480525776810818,1,0.6480525776810825
2026-08-07,2022,2022-07-30,1.192369174881358,1,1.192369174881359
2026-08-07,2022,2022-07-31,1.791117431801662,1,1.7911174318016634
2026-08-07,2022,2022-08-01,2.1721390498418556,1,2.172139049841857
2026-08-07,2022,2022-08-02,2.8797506262022146,1,2.8797506262022163
2026-08-07,2022,2022-08-03,1.954412410961745,1,1.9544124109617462
2026-08-07,2022,2022-08-04,0.15816764020083313,1,0.1581676402008336
2026-08-07,2022,2022-08-05,-0.05955899867927741,1,-0.05955899867927706
2026-08-07,2022,2022-08-06,-0.05955899867927741,1,-0.05955899867927706
2026-08-07,2022,2022-08-07,0.15816764020083313,1,0.1581676402008336
2026-08-07,2022,2022-08-08,0.5936209179610542,1,0.5936209179610548
2026-08-07,2022,2022-08-09,0.8113475568411647,1,0.8113475568411653
2026-08-07,2022,2022-08-10,0.5936209179610542,1,0.5936209179610548
2026-08-07,2022,2022-08-11,0.5936209179610542,1,0.5936209179610548
2026-08-07,2022,2022-08-12,0.1037359804808055,1,0.10373598048080591
2026-08-07,2022,2022-08-13,-0.33171729727941557,1,-0.33171729727941535
2026-08-07,2022,2022-08-14,0.1037359804808055,1,0.10373598048080591
2026-08-07,2022,2022-08-15,0.2670309596408884,1,0.2670309596408889
2026-08-07,2022,2022-08-16,0.2670309596408884,1,0.2670309596408889
2026-08-07,2022,2022-08-17,-0.1732240941006167,1,-0.1732240941006164
2026-08-07,2022,2022-08-18,-0.2948950951473425,1,-0.29489509514734225
2026-08-07,2022,2022-08-19,-0.2916932217508331,1,-0.29169322175083284
2026-08-07,2022,2022-08-20,-0.33171654519688465,1,-0.3317165451968844
2026-08-07,2022,2022-08-21,-0.32531279840386573,1,-0.3253127984038655
2026-08-07,2022,2022-08-22,-0.2948950951473425,1,-0.29489509514734225
2026-08-07,2022,2022-08-23,-0.1203932770685275,1,-0.12039327706852718
2026-08-07,2022,2022-08-24,-0.2228530377361966,1,-0.22285303773619633
2026-08-07,2022,2022-08-25,-0.44698379945059147,1,-0.4469837994505913
2026-08-07,2022,2022-08-26,-0.48700712289664305,1,-0.4870071228966429
2026-08-07,2022,2022-08-27,-0.1332007706545653,1,-0.13320077065456495
2026-08-07,2022,2022-08-28,-0.5494435601182607,1,-0.5494435601182606
2026-08-07,2022,2022-08-29,-0.5494435601182607,1,-0.5494435601182606
2026-08-07,2022,2022-08-30,-0.6022743771503499,1,-0.6022743771503498
2026-08-07,2022,2022-08-31,-0.49661274308617137,1,-0.4966127430861712
2026-08-07,2022,2022-09-01,-0.5494435601182607,1,-0.5494435601182606
2026-08-07,2022,2022-09-02,-0.6583070675789486,1,-0.6583070675789486
2026-08-07,2022,2022-09-03,-0.6519033207859298,1,-0.6519033207859298
2026-08-07,2022,2022-09-04,-0.5430398133252418,1,-0.5430398133252416
2026-08-07,2022,2022-09-05,-0.44378192605408207,1,-0.4437819260540819
2026-08-07,2022,2022-09-06,-0.38134548883246444,1,-0.3813454888324642
2026-08-07,2022,2022-09-07,-0.13960338932378763,1,-0.1396033893237873
2026-08-07,2022,2022-09-08,-0.363734527079448,1,-0.36373452707944776
2026-08-07,2022,2022-09-09,-0.5622506776630328,1,-0.5622506776630327
2026-08-07,2022,2022-09-10,-0.4277719950096367,1,-0.4277719950096365
2026-08-07,2022,2022-09-11,-0.5878656648351084,1,-0.5878656648351083
2026-08-07,2022,2022-09-12,-0.5302319436979386,1,-0.5302319436979385
2026-08-07,2022,2022-09-13,-0.504616956525863,1,-0.5046169565258629
2026-08-07,2022,2022-09-14,-0.504616956525863,1,-0.5046169565258629
2026-08-07,2022,2022-09-15,-0.6262881455932215,1,-0.6262881455932215
2026-08-07,2022,2022-09-16,-0.6519031327652971,1,-0.6519031327652971
2026-08-07,2022,2022-09-17,-0.5686544244560517,1,-0.5686544244560516
2026-08-07,2022,2022-09-18,-0.6839218667303913,1,-0.6839218667303913
2026-08-07,2022,2022-09-19,-0.7671705750396366,1,-0.7671705750396366
2026-08-07,2022,2022-09-20,-0.6903256135234103,1,-0.6903256135234103
2026-08-07,2022,2022-09-21,-0.6519031327652971,1,-0.6519031327652971
2026-08-07,2022,2022-09-22,-0.6967293603164292,1,-0.6967293603164292
2026-08-07,2022,2022-09-23,-0.6967293603164292,1,-0.6967293603164292
2026-08-07,2022,2022-09-24,-0.7671705750396366,1,-0.7671705750396366
2026-08-07,2022,2022-09-25,-0.6711143731443536,1,-0.6711143731443536
2026-08-07,2022,2022-09-26,-0.6390956391792594,1,-0.6390956391792594
2026-08-07,2022,2022-09-27,-0.6775181199373725,1,-0.6775181199373725
2026-08-07,2022,2022-09-28,-0.6967293603164292,1,-0.6967293603164292
2026-08-07,2022,2022-09-29,-0.6839218667303913,1,-0.6839218667303913
2026-08-07,2022,2022-09-30,-0.6775181199373725,1,-0.6775181199373725
2026-08-07,2023,2023-05-01,-0.8852397891939985,1,-0.8852397891939986
2026-08-07,2023,2023-05-02,-0.9173808999657577,1,-0.9173808999657578
2026-08-07,2023,2023-05-03,-0.8852397891939985,1,-0.8852397891939986
2026-08-07,2023,2023-05-04,-0.692393124563443,1,-0.6923931245634433
2026-08-07,2023,2023-05-05,-0.7566753461069615,1,-0.7566753461069616
2026-08-07,2023,2023-05-06,-0.7566753461069615,1,-0.7566753461069616
2026-08-07,2023,2023-05-07,-0.8530986784222392,1,-0.8530986784222393
2026-08-07,2023,2023-05-08,-0.9173808999657577,1,-0.9173808999657578
2026-08-07,2023,2023-05-09,-0.8852397891939985,1,-0.8852397891939986
2026-08-07,2023,2023-05-10,-0.8530986784222392,1,-0.8530986784222393
2026-08-07,2023,2023-05-11,-0.8530986784222392,1,-0.8530986784222393
2026-08-07,2023,2023-05-12,-0.8852397891939985,1,-0.8852397891939986
2026-08-07,2023,2023-05-13,-0.949522010737517,1,-0.9495220107375171
2026-08-07,2023,2023-05-14,-0.949522010737517,1,-0.9495220107375171
2026-08-07,2023,2023-05-15,-0.8530986784222392,1,-0.8530986784222393
2026-08-07,2023,2023-05-16,-0.6281109030199246,1,-0.6281109030199248
2026-08-07,2023,2023-05-17,0.239699087817575,1,0.23969908781757465
2026-08-07,2023,2023-05-18,0.01471131241526032,1,0.01471131241526002
2026-08-07,2023,2023-05-19,-0.6602520137916837,1,-0.660252013791684
2026-08-07,2023,2023-05-20,-0.82095756765048,1,-0.8209575676504801
2026-08-07,2023,2023-05-21,-0.6281109030199246,1,-0.6281109030199248
2026-08-07,2023,2023-05-22,-0.5959697922481653,1,-0.5959697922481655
2026-08-07,2023,2023-05-23,-0.8530986784222392,1,-0.8530986784222393
2026-08-07,2023,2023-05-24,-0.7888164568787207,1,-0.7888164568787208
2026-08-07,2023,2023-05-25,-0.7566753461069615,1,-0.7566753461069616
2026-08-07,2023,2023-05-26,-0.8530986784222392,1,-0.8530986784222393
2026-08-07,2023,2023-05-27,-0.692393124563443,1,-0.6923931245634433
2026-08-07,2023,2023-05-28,-0.7566753461069615,1,-0.7566753461069616
2026-08-07,2023,2023-05-29,-0.7888164568787207,1,-0.7888164568787208
2026-08-07,2023,2023-05-30,-0.7566753461069615,1,-0.7566753461069616
2026-08-07,2023,2023-05-31,-0.8530986784222392,1,-0.8530986784222393
2026-08-07,2023,2023-06-01,-0.7245342353352022,1,-0.7245342353352024
2026-08-07,2023,2023-06-02,-0.8530986784222392,1,-0.8530986784222393
2026-08-07,2023,2023-06-03,-0.8530986784222392,1,-0.8530986784222393
2026-08-07,2023,2023-06-04,-0.692393124563443,1,-0.6923931245634433
2026-08-07,2023,2023-06-05,-0.4031231276176098,1,-0.40312312761761
2026-08-07,2023,2023-06-06,-0.692393124563443,1,-0.6923931245634433
2026-08-07,2023,2023-06-07,-0.4031231276176098,1,-0.40312312761761
2026-08-07,2023,2023-06-08,-0.5959697922481653,1,-0.5959697922481655
2026-08-07,2023,2023-06-09,-0.7888164568787207,1,-0.7888164568787208
2026-08-07,2023,2023-06-10,-0.7888164568787207,1,-0.7888164568787208
2026-08-07,2023,2023-06-11,-0.82095756765048,1,-0.8209575676504801
2026-08-07,2023,2023-06-12,-0.7888164568787207,1,-0.7888164568787208
2026-08-07,2023,2023-06-13,-0.5638286814764061,1,-0.5638286814764063
2026-08-07,2023,2023-06-14,-0.6281109030199246,1,-0.6281109030199248
2026-08-07,2023,2023-06-15,-0.7245342353352022,1,-0.7245342353352024
2026-08-07,2023,2023-06-16,-0.43526423838936906,1,-0.43526423838936923
2026-08-07,2023,2023-06-17,-0.11385313067177665,1,-0.11385313067177691
2026-08-07,2023,2023-06-18,0.30398130936109347,1,0.30398130936109313
2026-08-07,2023,2023-06-19,-0.24241757375881362,1,-0.24241757375881387
2026-08-07,2023,2023-06-20,-0.49954645993288754,1,-0.4995464599328877
2026-08-07,2023,2023-06-21,-0.5959697922481653,1,-0.5959697922481655
2026-08-07,2023,2023-06-22,-0.7888164568787207,1,-0.7888164568787208
2026-08-07,2023,2023-06-23,-0.7888164568787207,1,-0.7888164568787208
2026-08-07,2023,2023-06-24,-0.5951609570404799,1,-0.5951609570404801
2026-08-07,2023,2023-06-25,-0.2819273630186869,1,-0.28192736301868715
2026-08-07,2023,2023-06-26,-0.21165424220617862,1,-0.21165424220617887
2026-08-07,2023,2023-06-27,-0.3682710392170751,1,-0.3682710392170753
2026-08-07,2023,2023-06-28,0.015235675617226345,1,0.015235675617226045
2026-08-07,2023,2023-06-29,0.32846926963901923,1,0.3284692696390189
2026-08-07,2023,2023-06-30,-0.3331344788108208,1,-0.33313447881082103
2026-08-07,2023,2023-07-01,-0.5600243966342257,1,-0.5600243966342259
2026-08-07,2023,2023-07-02,0.08550879642973465,1,0.08550879642973434
2026-08-07,2023,2023-07-03,0.17185247262812278,1,0.17185247262812245
2026-08-07,2023,2023-07-04,-0.10624456098741596,1,-0.10624456098741622
2026-08-07,2023,2023-07-05,-0.38733704423744963,1,-0.3873370442374498
2026-08-07,2023,2023-07-06,-0.03597144017490754,1,-0.03597144017490783
2026-08-07,2023,2023-07-07,0.17185247262812278,1,0.17185247262812245
2026-08-07,2023,2023-07-08,-0.17651768179992436,1,-0.17651768179992464
2026-08-07,2023,2023-07-09,0.5904957478686781,1,0.5904957478686776
2026-08-07,2023,2023-07-10,2.07331549141375,1,2.0733154914137493
2026-08-07,2023,2023-07-11,2.194795728018392,1,2.194795728018391
2026-08-07,2023,2023-07-12,1.7410158923715824,1,1.7410158923715817
2026-08-07,2023,2023-07-13,0.44994950624366153,1,0.44994950624366115
2026-08-07,2023,2023-07-14,0.17185247262812278,1,0.17185247262812245
2026-08-07,2023,2023-07-15,0.6258721994711791,1,0.6258721994711787
2026-08-07,2023,2023-07-16,2.265548631223394,1,2.265548631223393
2026-08-07,2023,2023-07-17,2.6850007416716344,1,2.6850007416716335
2026-08-07,2023,2023-07-18,2.6850007416716344,1,2.6850007416716335
2026-08-07,2023,2023-07-19,1.312248380204664,1,1.3122483802046636
2026-08-07,2023,2023-07-20,0.47334415930818247,1,0.4733441593081821
2026-08-07,2023,2023-07-21,0.16828807898218906,1,0.16828807898218873
2026-08-07,2023,2023-07-22,0.13015606894143977,1,0.13015606894143944
2026-08-07,2023,2023-07-23,0.6258721994711791,1,0.6258721994711787
2026-08-07,2023,2023-07-24,0.854664259715674,1,0.8546642597156734
2026-08-07,2023,2023-07-25,1.0453243099194203,1,1.0453243099194198
2026-08-07,2023,2023-07-26,1.312248380204664,1,1.3122483802046636
2026-08-07,2023,2023-07-27,1.312248380204664,1,1.3122483802046636
2026-08-07,2023,2023-07-28,1.1597203400416674,1,1.159720340041667
2026-08-07,2023,2023-07-29,1.5791724504899085,1,1.5791724504899078
2026-08-07,2023,2023-07-30,2.41807667138639,1,2.4180766713863893
2026-08-07,2023,2023-07-31,1.884228530815902,1,1.8842285308159012
2026-08-07,2023,2023-08-01,0.5877401894304298,1,0.5877401894304294
2026-08-07,2023,2023-08-02,2.379944661345641,1,2.37994466134564
2026-08-07,2023,2023-08-03,2.341812651304892,1,2.341812651304891
2026-08-07,2023,2023-08-04,2.5324727015086377,1,2.532472701508637
2026-08-07,2023,2023-08-05,2.5706047115493873,1,2.5706047115493864
2026-08-07,2023,2023-08-06,2.799396771793882,1,2.799396771793881
2026-08-07,2023,2023-08-07,1.8079645107344033,1,1.8079645107344027
2026-08-07,2023,2023-08-08,0.7402682295934265,1,0.7402682295934261
2026-08-07,2023,2023-08-09,0.05389204885994143,1,0.053892048859941116
2026-08-07,2023,2023-08-10,0.05389204885994143,1,0.053892048859941116
2026-08-07,2023,2023-08-11,-0.060503981262306085,1,-0.06050398126230637
2026-08-07,2023,2023-08-12,0.35894812918593483,1,0.3589481291859345
2026-08-07,2023,2023-08-13,0.47334415930818247,1,0.4733441593081821
2026-08-07,2023,2023-08-14,-0.09863599130305525,1,-0.09863599130305552
2026-08-07,2023,2023-08-15,-0.2892960415068011,1,-0.2892960415068013
2026-08-07,2023,2023-08-16,-0.25116403146605193,1,-0.25116403146605215
2026-08-07,2023,2023-08-17,1.270443416901698,1,1.2704434169016976
2026-08-07,2023,2023-08-18,1.508113754911541,1,1.5081137549115404
2026-08-07,2023,2023-08-19,2.0714710229642495,1,2.0714710229642486
2026-08-07,2023,2023-08-20,2.0025204359516016,1,2.0025204359516007
2026-08-07,2023,2023-08-21,1.7113087994150598,1,1.711308799415059
2026-08-07,2023,2023-08-22,0.8259213178539107,1,0.8259213178539101
2026-08-07,2023,2023-08-23,1.0826576608841285,1,1.082657660884128
2026-08-07,2023,2023-08-24,0.7070861488489891,1,0.7070861488489887
2026-08-07,2023,2023-08-25,0.12831959231033122,1,0.12831959231033088
2026-08-07,2023,2023-08-26,-0.12841675071988637,1,-0.12841675071988665
2026-08-07,2023,2023-08-27,-0.17830133271215987,1,-0.17830133271216014
2026-08-07,2023,2023-08-28,-0.14382603920583586,1,-0.14382603920583614
2026-08-07,2023,2023-08-29,0.8603966113602345,1,0.8603966113602339
2026-08-07,2023,2023-08-30,0.3659899303201741,1,0.36598993032017374
2026-08-07,2023,2023-08-31,-0.17830133271215987,1,-0.17830133271216014
2026-08-07,2023,2023-09-01,-0.33161179522340545,1,-0.33161179522340567
2026-08-07,2023,2023-09-02,-0.1973673377325344,1,-0.19736733773253465
2026-08-07,2023,2023-09-03,-0.2472519197248079,1,-0.24725191972480814
2026-08-07,2023,2023-09-04,-0.33161179522340545,1,-0.33161179522340567
2026-08-07,2023,2023-09-05,-0.2971365017170814,1,-0.2971365017170816
2026-08-07,2023,2023-09-06,-0.6727080137522204,1,-0.6727080137522207
2026-08-07,2023,2023-09-07,-0.7672556165058444,1,-0.7672556165058445
2026-08-07,2023,2023-09-08,-0.8597113474215411,1,-0.8597113474215412
2026-08-07,2023,2023-09-09,-0.7364370395339457,1,-0.7364370395339459
2026-08-07,2023,2023-09-10,-0.5515255777025524,1,-0.5515255777025526
2026-08-07,2023,2023-09-11,-0.5823441546744513,1,-0.5823441546744516
2026-08-07,2023,2023-09-12,-0.6131627316463502,1,-0.6131627316463504
2026-08-07,2023,2023-09-13,-0.6131627316463502,1,-0.6131627316463504
2026-08-07,2023,2023-09-14,-0.5823441546744513,1,-0.5823441546744516
2026-08-07,2023,2023-09-15,-0.7056184625620467,1,-0.705618462562047
2026-08-07,2023,2023-09-16,-0.45906984678685586,1,-0.45906984678685603
2026-08-07,2023,2023-09-17,-0.30497696192736157,1,-0.3049769619273618
2026-08-07,2023,2023-09-18,-0.3666141158711593,1,-0.3666141158711595
2026-08-07,2023,2023-09-19,-0.5515255777025524,1,-0.5515255777025526
2026-08-07,2023,2023-09-20,-0.7056184625620467,1,-0.705618462562047
2026-08-07,2023,2023-09-21,-0.7672556165058444,1,-0.7672556165058445
2026-08-07,2023,2023-09-22,-0.8288927704496422,1,-0.8288927704496423
2026-08-07,2023,2023-09-23,-0.8905299243934399,1,-0.89052992439344
2026-08-07,2023,2023-09-24,-0.8597113474215411,1,-0.8597113474215412
2026-08-07,2023,2023-09-25,-0.8597113474215411,1,-0.8597113474215412
2026-08-07,2023,2023-09-26,-0.8597113474215411,1,-0.8597113474215412
2026-08-07,2023,2023-09-27,-0.8288927704496422,1,-0.8288927704496423
2026-08-07,2023,2023-09-28,-0.7672556165058444,1,-0.7672556165058445
2026-08-07,2023,2023-09-29,-0.8288927704496422,1,-0.8288927704496423
2026-08-07,2023,2023-09-30,-0.8597113474215411,1,-0.8597113474215412
2026-08-07,2024,2024-05-01,-0.7382853908435197,1,-0.7382853908435193
2026-08-07,2024,2024-05-02,-0.7382853908435197,1,-0.7382853908435193
2026-08-07,2024,2024-05-03,-0.7793006685437037,1,-0.7793006685437032
2026-08-07,2024,2024-05-04,-0.6152395577429678,1,-0.6152395577429673
2026-08-07,2024,2024-05-05,-0.6152395577429678,1,-0.6152395577429673
2026-08-07,2024,2024-05-06,-0.7793006685437037,1,-0.7793006685437032
2026-08-07,2024,2024-05-07,-0.7382853908435197,1,-0.7382853908435193
2026-08-07,2024,2024-05-08,-0.7382853908435197,1,-0.7382853908435193
2026-08-07,2024,2024-05-09,-0.7793006685437037,1,-0.7793006685437032
2026-08-07,2024,2024-05-10,-0.7382853908435197,1,-0.7382853908435193
2026-08-07,2024,2024-05-11,-0.7382853908435197,1,-0.7382853908435193
2026-08-07,2024,2024-05-12,-0.8203159462438877,1,-0.8203159462438872
2026-08-07,2024,2024-05-13,-0.7382853908435197,1,-0.7382853908435193
2026-08-07,2024,2024-05-14,-0.7382853908435197,1,-0.7382853908435193
2026-08-07,2024,2024-05-15,-0.6972701131433358,1,-0.6972701131433353
2026-08-07,2024,2024-05-16,-0.6972701131433358,1,-0.6972701131433353
2026-08-07,2024,2024-05-17,-0.6562548354431518,1,-0.6562548354431513
2026-08-07,2024,2024-05-18,-0.6562548354431518,1,-0.6562548354431513
2026-08-07,2024,2024-05-19,-0.7382853908435197,1,-0.7382853908435193
2026-08-07,2024,2024-05-20,-0.7382853908435197,1,-0.7382853908435193
2026-08-07,2024,2024-05-21,-0.6562548354431518,1,-0.6562548354431513
2026-08-07,2024,2024-05-22,-0.6972701131433358,1,-0.6972701131433353
2026-08-07,2024,2024-05-23,-0.6562548354431518,1,-0.6562548354431513
2026-08-07,2024,2024-05-24,-0.6562548354431518,1,-0.6562548354431513
2026-08-07,2024,2024-05-25,-0.7382853908435197,1,-0.7382853908435193
2026-08-07,2024,2024-05-26,-0.6972701131433358,1,-0.6972701131433353
2026-08-07,2024,2024-05-27,-0.7382853908435197,1,-0.7382853908435193
2026-08-07,2024,2024-05-28,-0.6972701131433358,1,-0.6972701131433353
2026-08-07,2024,2024-05-29,-0.6562548354431518,1,-0.6562548354431513
2026-08-07,2024,2024-05-30,-0.6972701131433358,1,-0.6972701131433353
2026-08-07,2024,2024-05-31,-0.7382853908435197,1,-0.7382853908435193
2026-08-07,2024,2024-06-01,-0.7382853908435197,1,-0.7382853908435193
2026-08-07,2024,2024-06-02,-0.7793006685437037,1,-0.7793006685437032
2026-08-07,2024,2024-06-03,-0.6972701131433358,1,-0.6972701131433353
2026-08-07,2024,2024-06-04,-0.6562548354431518,1,-0.6562548354431513
2026-08-07,2024,2024-06-05,-0.6972701131433358,1,-0.6972701131433353
2026-08-07,2024,2024-06-06,-0.7382853908435197,1,-0.7382853908435193
2026-08-07,2024,2024-06-07,-0.6972701131433358,1,-0.6972701131433353
2026-08-07,2024,2024-06-08,-0.6562548354431518,1,-0.6562548354431513
2026-08-07,2024,2024-06-09,-0.7382853908435197,1,-0.7382853908435193
2026-08-07,2024,2024-06-10,-0.6562548354431518,1,-0.6562548354431513
2026-08-07,2024,2024-06-11,-0.5332090023425998,1,-0.5332090023425995
2026-08-07,2024,2024-06-12,-0.4921937246424158,1,-0.4921937246424155
2026-08-07,2024,2024-06-13,-0.5742242800427838,1,-0.5742242800427835
2026-08-07,2024,2024-06-14,-0.36914789154186384,1,-0.36914789154186367
2026-08-07,2024,2024-06-15,-0.4511784469422318,1,-0.4511784469422316
2026-08-07,2024,2024-06-16,-0.36914789154186384,1,-0.36914789154186367
2026-08-07,2024,2024-06-17,-0.4101631692420478,1,-0.4101631692420476
2026-08-07,2024,2024-06-18,-0.5742242800427838,1,-0.5742242800427835
2026-08-07,2024,2024-06-19,-0.4921937246424158,1,-0.4921937246424155
2026-08-07,2024,2024-06-20,-0.4921937246424158,1,-0.4921937246424155
2026-08-07,2024,2024-06-21,-0.6972701131433358,1,-0.6972701131433353
2026-08-07,2024,2024-06-22,-0.6562548354431518,1,-0.6562548354431513
2026-08-07,2024,2024-06-23,-0.6562548354431518,1,-0.6562548354431513
2026-08-07,2024,2024-06-24,-0.12305622534075988,1,-0.12305622534075983
2026-08-07,2024,2024-06-25,-0.24610205844131186,1,-0.24610205844131172
2026-08-07,2024,2024-06-26,-0.32813261384167985,1,-0.3281326138416797
2026-08-07,2024,2024-06-27,-0.4511784469422318,1,-0.4511784469422316
2026-08-07,2024,2024-06-28,2.2148146035697276,1,2.2148146035697263
2026-08-07,2024,2024-06-29,0.16405071856052805,1,0.16405071856052791
2026-08-07,2024,2024-06-30,-0.5332090023425998,1,-0.5332090023425995
2026-08-07,2024,2024-07-01,1.3534937718658637,1,1.3534937718658628
2026-08-07,2024,2024-07-02,1.3945090495660477,1,1.3945090495660468
2026-08-07,2024,2024-07-03,1.3124784941656797,1,1.3124784941656789
2026-08-07,2024,2024-07-04,2.1737993258695436,1,2.1737993258695423
2026-08-07,2024,2024-07-05,1.9687229373686237,1,1.9687229373686224
2026-08-07,2024,2024-07-06,2.830043769072488,1,2.830043769072486
2026-08-07,2024,2024-07-07,3.2401965460743276,1,3.2401965460743254
2026-08-07,2024,2024-07-08,3.1171507129737757,1,3.1171507129737734
2026-08-07,2024,2024-07-09,1.5175548826665997,1,1.5175548826665985
2026-08-07,2024,2024-07-10,0.410142384761632,1,0.4101423847616317
2026-08-07,2024,2024-07-11,-0.0410256699403919,1,-0.0410256699403919
2026-08-07,2024,2024-07-12,-0.4511784469422318,1,-0.4511784469422316
2026-08-07,2024,2024-07-13,-0.32813261384167985,1,-0.3281326138416797
2026-08-07,2024,2024-07-14,1.6816159934673358,1,1.6816159934673347
2026-08-07,2024,2024-07-15,1.1894326610651278,1,1.189432661065127
2026-08-07,2024,2024-07-16,-0.0410256699403919,1,-0.0410256699403919
2026-08-07,2024,2024-07-17,-0.24610205844131186,1,-0.24610205844131172
2026-08-07,2024,2024-07-18,-1.0392240207905343e-5,1,-1.0392240207935812e-5
2026-08-07,2024,2024-07-19,1.0663868279645758,1,1.0663868279645752
2026-08-07,2024,2024-07-20,1.2304479387653118,1,1.2304479387653109
2026-08-07,2024,2024-07-21,2.2148146035697276,1,2.2148146035697263
2026-08-07,2024,2024-07-22,2.665982658271752,1,2.66598265827175
2026-08-07,2024,2024-07-23,1.3124784941656797,1,1.3124784941656789
2026-08-07,2024,2024-07-24,0.369127107061448,1,0.36912710706144775
2026-08-07,2024,2024-07-25,1.1894326610651278,1,1.189432661065127
2026-08-07,2024,2024-07-26,1.3124784941656797,1,1.3124784941656789
2026-08-07,2024,2024-07-27,1.8456771042680717,1,1.8456771042680704
2026-08-07,2024,2024-07-28,2.1737993258695436,1,2.1737993258695423
2026-08-07,2024,2024-07-29,2.2148146035697276,1,2.2148146035697263
2026-08-07,2024,2024-07-30,1.5585701603667836,1,1.5585701603667825
2026-08-07,2024,2024-07-31,0.533188217862184,1,0.5331882178621836
2026-08-07,2024,2024-08-01,1.0253715502643919,1,1.0253715502643912
2026-08-07,2024,2024-08-02,1.1484173833649438,1,1.1484173833649431
2026-08-07,2024,2024-08-03,0.8613104394636559,1,0.8613104394636554
2026-08-07,2024,2024-08-04,2.1327840481693596,1,2.1327840481693583
2026-08-07,2024,2024-08-05,1.3124784941656797,1,1.3124784941656789
2026-08-07,2024,2024-08-06,0.32811182936126404,1,0.32811182936126376
2026-08-07,2024,2024-08-07,-0.08204094764057589,1,-0.08204094764057586
2026-08-07,2024,2024-08-08,0.738264606363104,1,0.7382646063631035
2026-08-07,2024,2024-08-09,1.0253715502643919,1,1.0253715502643912
2026-08-07,2024,2024-08-10,1.1074021056647598,1,1.1074021056647592
2026-08-07,2024,2024-08-11,1.6406007157671518,1,1.6406007157671507
2026-08-07,2024,2024-08-12,1.4765396049664157,1,1.4765396049664148
2026-08-07,2024,2024-08-13,0.738264606363104,1,0.7382646063631035
2026-08-07,2024,2024-08-14,0.04100488545997608,1,0.04100488545997603
2026-08-07,2024,2024-08-15,-0.32813261384167985,1,-0.3281326138416797
2026-08-07,2024,2024-08-16,-0.4921937246424158,1,-0.4921937246424155
2026-08-07,2024,2024-08-17,0.8613074466586756,1,0.8613074466586751
2026-08-07,2024,2024-08-18,1.0352119048749244,1,1.0352119048749238
2026-08-07,2024,2024-08-19,1.4355203368595917,1,1.4355203368595908
2026-08-07,2024,2024-08-20,0.005730230283294585,1,0.005730230283294551
2026-08-07,2024,2024-08-21,-0.3740705628512804,1,-0.3740705628512802
2026-08-07,2024,2024-08-22,-0.43805431625543456,1,-0.43805431625543434
2026-08-07,2024,2024-08-23,-0.41754667740534257,1,-0.41754667740534235
2026-08-07,2024,2024-08-24,-0.24364221918909365,1,-0.2436422191890935
2026-08-07,2024,2024-08-25,-0.20016610463503146,1,-0.20016610463503134
2026-08-07,2024,2024-08-26,-0.41754667740534257,1,-0.41754667740534235
2026-08-07,2024,2024-08-27,-0.6119587744716835,1,-0.611958774471683
2026-08-07,2024,2024-08-28,-0.6554348890257456,1,-0.6554348890257452
2026-08-07,2024,2024-08-29,-0.698911003579808,1,-0.6989110035798075
2026-08-07,2024,2024-08-30,-0.7858632326879323,1,-0.7858632326879318
2026-08-07,2024,2024-08-31,-0.698911003579808,1,-0.6989110035798075
2026-08-07,2024,2024-09-01,-0.6119587744716835,1,-0.611958774471683
2026-08-07,2024,2024-09-02,-0.6234430123236686,1,-0.6234430123236682
2026-08-07,2024,2024-09-03,-0.730902880281885,1,-0.7309028802818845
2026-08-07,2024,2024-09-04,-0.698911003579808,1,-0.6989110035798075
2026-08-07,2024,2024-09-05,-0.6554348890257456,1,-0.6554348890257452
2026-08-07,2024,2024-09-06,-0.5799668977696063,1,-0.579966897769606
2026-08-07,2024,2024-09-07,-0.47086713697657784,1,-0.47086713697657756
2026-08-07,2024,2024-09-08,-0.14930847712099463,1,-0.14930847712099454
2026-08-07,2024,2024-09-09,-0.5397725640884885,1,-0.5397725640884882
2026-08-07,2024,2024-09-10,-0.5397725640884885,1,-0.5397725640884882
2026-08-07,2024,2024-09-11,-0.49383561268054804,1,-0.49383561268054776
2026-08-07,2024,2024-09-12,-0.47086713697657784,1,-0.47086713697657756
2026-08-07,2024,2024-09-13,0.49380884259017177,1,0.4938088425901714
2026-08-07,2024,2024-09-14,-0.10337152571305405,1,-0.10337152571305401
2026-08-07,2024,2024-09-15,-0.47086713697657784,1,-0.47086713697657756
2026-08-07,2024,2024-09-16,-0.7005518940162802,1,-0.7005518940162797
2026-08-07,2024,2024-09-17,-0.5168040883845182,1,-0.5168040883845179
2026-08-07,2024,2024-09-18,-0.5397725640884885,1,-0.5397725640884882
2026-08-07,2024,2024-09-19,0.5397457939981123,1,0.539745793998112
2026-08-07,2024,2024-09-20,-0.287119331344816,1,-0.2871193313448159
2026-08-07,2024,2024-09-21,-0.6775834183123098,1,-0.6775834183123094
2026-08-07,2024,2024-09-22,-0.7694573211281909,1,-0.7694573211281903
2026-08-07,2024,2024-09-23,-0.7694573211281909,1,-0.7694573211281903
2026-08-07,2024,2024-09-24,-0.7694573211281909,1,-0.7694573211281903
2026-08-07,2024,2024-09-25,-0.7694573211281909,1,-0.7694573211281903
2026-08-07,2024,2024-09-26,-0.792425796832161,1,-0.7924257968321604
2026-08-07,2024,2024-09-27,-0.8153942725361313,1,-0.8153942725361307
2026-08-07,2024,2024-09-28,-0.8613312239440717,1,-0.8613312239440711
2026-08-07,2024,2024-09-29,-0.8153942725361313,1,-0.8153942725361307
2026-08-07,2024,2024-09-30,-0.8153942725361313,1,-0.8153942725361307
2026-08-07,2025,2025-05-01,-0.8548294613503498,1,-0.8548294613503501
2026-08-07,2025,2025-05-02,-0.9342049470872182,1,-0.9342049470872186
2026-08-07,2025,2025-05-03,-0.9738926899556525,1,-0.9738926899556528
2026-08-07,2025,2025-05-04,-0.9738926899556525,1,-0.9738926899556528
2026-08-07,2025,2025-05-05,-0.9342049470872182,1,-0.9342049470872186
2026-08-07,2025,2025-05-06,-0.9738926899556525,1,-0.9738926899556528
2026-08-07,2025,2025-05-07,-0.8548294613503498,1,-0.8548294613503501
2026-08-07,2025,2025-05-08,-0.8548294613503498,1,-0.8548294613503501
2026-08-07,2025,2025-05-09,-0.8548294613503498,1,-0.8548294613503501
2026-08-07,2025,2025-05-10,-1.0135804328240867,1,-1.013580432824087
2026-08-07,2025,2025-05-11,-0.9342049470872182,1,-0.9342049470872186
2026-08-07,2025,2025-05-12,-0.8548294613503498,1,-0.8548294613503501
2026-08-07,2025,2025-05-13,-0.6960784898766128,1,-0.696078489876613
2026-08-07,2025,2025-05-14,-0.6563907470081786,1,-0.6563907470081788
2026-08-07,2025,2025-05-15,-0.6960784898766128,1,-0.696078489876613
2026-08-07,2025,2025-05-16,-0.735766232745047,1,-0.7357662327450473
2026-08-07,2025,2025-05-17,-0.9342049470872182,1,-0.9342049470872186
2026-08-07,2025,2025-05-18,-0.8548294613503498,1,-0.8548294613503501
2026-08-07,2025,2025-05-19,-0.6563907470081786,1,-0.6563907470081788
2026-08-07,2025,2025-05-20,-0.33888880406070476,1,-0.33888880406070493
2026-08-07,2025,2025-05-21,-0.25951331832383634,1,-0.2595133183238365
2026-08-07,2025,2025-05-22,-0.4976397755344417,1,-0.49763977553444194
2026-08-07,2025,2025-05-23,-0.6563907470081786,1,-0.6563907470081788
2026-08-07,2025,2025-05-24,-0.9738926899556525,1,-0.9738926899556528
2026-08-07,2025,2025-05-25,-0.9342049470872182,1,-0.9342049470872186
2026-08-07,2025,2025-05-26,-0.6563907470081786,1,-0.6563907470081788
2026-08-07,2025,2025-05-27,-0.6960784898766128,1,-0.696078489876613
2026-08-07,2025,2025-05-28,-0.5770152612713102,1,-0.5770152612713104
2026-08-07,2025,2025-05-29,-0.6563907470081786,1,-0.6563907470081788
2026-08-07,2025,2025-05-30,-0.6960784898766128,1,-0.696078489876613
2026-08-07,2025,2025-05-31,-0.9342049470872182,1,-0.9342049470872186
2026-08-07,2025,2025-06-01,-0.7754539756134813,1,-0.7754539756134816
2026-08-07,2025,2025-06-02,-0.4579520326660075,1,-0.4579520326660077
2026-08-07,2025,2025-06-03,-0.537327518402876,1,-0.5373275184028762
2026-08-07,2025,2025-06-04,-0.4579520326660075,1,-0.4579520326660077
2026-08-07,2025,2025-06-05,-0.41826428979757324,1,-0.41826428979757346
2026-08-07,2025,2025-06-06,-0.4976397755344417,1,-0.49763977553444194
2026-08-07,2025,2025-06-07,-0.6960784898766128,1,-0.696078489876613
2026-08-07,2025,2025-06-08,-0.7754539756134813,1,-0.7754539756134816
2026-08-07,2025,2025-06-09,-0.5770152612713102,1,-0.5770152612713104
2026-08-07,2025,2025-06-10,-0.6563907470081786,1,-0.6563907470081788
2026-08-07,2025,2025-06-11,-0.735766232745047,1,-0.7357662327450473
2026-08-07,2025,2025-06-12,-0.6563907470081786,1,-0.6563907470081788
2026-08-07,2025,2025-06-13,-0.6960784898766128,1,-0.696078489876613
2026-08-07,2025,2025-06-14,-0.894517204218784,1,-0.8945172042187843
2026-08-07,2025,2025-06-15,-0.4976397755344417,1,-0.49763977553444194
2026-08-07,2025,2025-06-16,0.29611508183424284,1,0.2961150818342428
2026-08-07,2025,2025-06-17,0.9708067105976247,1,0.9708067105976248
2026-08-07,2025,2025-06-18,0.8914312248607563,1,0.8914312248607564
2026-08-07,2025,2025-06-19,0.5739292819132824,1,0.5739292819132824
2026-08-07,2025,2025-06-20,0.018300881755203266,1,0.018300881755203186
2026-08-07,2025,2025-06-21,-0.18013783258696786,1,-0.18013783258696797
2026-08-07,2025,2025-06-22,0.018300881755203266,1,0.018300881755203186
2026-08-07,2025,2025-06-23,-0.10076234685009941,1,-0.10076234685009952
2026-08-07,2025,2025-06-24,-0.378576546929139,1,-0.3785765469291392
2026-08-07,2025,2025-06-25,-0.41826428979757324,1,-0.41826428979757346
2026-08-07,2025,2025-06-26,-0.2992010611922706,1,-0.29920106119227075
2026-08-07,2025,2025-06-27,-0.25951331832383634,1,-0.2595133183238365
2026-08-07,2025,2025-06-28,-0.18013783258696786,1,-0.18013783258696797
2026-08-07,2025,2025-06-29,-0.021386861113230963,1,-0.02138686111323105
2026-08-07,2025,2025-06-30,0.17705185322894018,1,0.17705185322894013
2026-08-07,2025,2025-07-01,0.17705185322894018,1,0.17705185322894013
2026-08-07,2025,2025-07-02,0.13736411036050594,1,0.1373641103605059
2026-08-07,2025,2025-07-03,0.018300881755203266,1,0.018300881755203186
2026-08-07,2025,2025-07-04,0.05798862462363749,1,0.05798862462363742
2026-08-07,2025,2025-07-05,2.121751253782217,1,2.1217512537822176
2026-08-07,2025,2025-07-06,2.439253196729691,1,2.4392531967296915
2026-08-07,2025,2025-07-07,2.9155061111509015,1,2.915506111150902
2026-08-07,2025,2025-07-08,2.7170673968087304,1,2.717067396808731
2026-08-07,2025,2025-07-09,2.359877710992823,1,2.3598777109928233
2026-08-07,2025,2025-07-10,0.9311189677291904,1,0.9311189677291906
2026-08-07,2025,2025-07-11,-0.2992010611922706,1,-0.29920106119227075
2026-08-07,2025,2025-07-12,-0.6563907470081786,1,-0.6563907470081788
2026-08-07,2025,2025-07-13,-0.378576546929139,1,-0.3785765469291392
2026-08-07,2025,2025-07-14,-0.378576546929139,1,-0.3785765469291392
2026-08-07,2025,2025-07-15,-0.4976397755344417,1,-0.49763977553444194
2026-08-07,2025,2025-07-16,-0.5770152612713102,1,-0.5770152612713104
2026-08-07,2025,2025-07-17,-0.378576546929139,1,-0.3785765469291392
2026-08-07,2025,2025-07-18,-0.41826428979757324,1,-0.41826428979757346
2026-08-07,2025,2025-07-19,-0.378576546929139,1,-0.3785765469291392
2026-08-07,2025,2025-07-20,0.9708067105976247,1,0.9708067105976248
2026-08-07,2025,2025-07-21,1.724873825097875,1,1.7248738250978755
2026-08-07,2025,2025-07-22,2.082063510913783,1,2.0820635109137835
2026-08-07,2025,2025-07-23,1.8439370537031778,1,1.8439370537031783
2026-08-07,2025,2025-07-24,1.7645615679663094,1,1.7645615679663098
2026-08-07,2025,2025-07-25,1.923312539440046,1,1.9233125394400465
2026-08-07,2025,2025-07-26,0.6533047676501509,1,0.6533047676501509
2026-08-07,2025,2025-07-27,0.9311189677291904,1,0.9311189677291906
2026-08-07,2025,2025-07-28,1.724873825097875,1,1.7248738250978755
2026-08-07,2025,2025-07-29,0.6533047676501509,1,0.6533047676501509
2026-08-07,2025,2025-07-30,-0.06107460398166519,1,-0.06107460398166529
2026-08-07,2025,2025-07-31,-0.25951331832383634,1,-0.2595133183238365
2026-08-07,2025,2025-08-01,-0.41826428979757324,1,-0.41826428979757346
2026-08-07,2025,2025-08-02,0.41517831043954556,1,0.41517831043954556
2026-08-07,2025,2025-08-03,1.8439370537031778,1,1.8439370537031783
2026-08-07,2025,2025-08-04,1.923312539440046,1,1.9233125394400465
2026-08-07,2025,2025-08-05,2.5980041682034276,1,2.598004168203428
2026-08-07,2025,2025-08-06,2.5980041682034276,1,2.598004168203428
2026-08-07,2025,2025-08-07,0.6929925105185851,1,0.6929925105185851
2026-08-07,2025,2025-08-08,-0.14045008971853365,1,-0.14045008971853376
2026-08-07,2025,2025-08-09,-0.4976397755344417,1,-0.49763977553444194
2026-08-07,2025,2025-08-10,-0.735766232745047,1,-0.7357662327450473
2026-08-07,2025,2025-08-11,-0.735766232745047,1,-0.7357662327450473
2026-08-07,2025,2025-08-12,-0.6960784898766128,1,-0.696078489876613
2026-08-07,2025,2025-08-13,-0.6167030041397443,1,-0.6167030041397445
2026-08-07,2025,2025-08-14,-0.6167030041397443,1,-0.6167030041397445
2026-08-07,2025,2025-08-15,-0.537327518402876,1,-0.5373275184028762
2026-08-07,2025,2025-08-16,0.5342415390448483,1,0.5342415390448483
2026-08-07,2025,2025-08-17,1.3655968425050555,1,1.3655968425050558
2026-08-07,2025,2025-08-18,1.6402779718378713,1,1.6402779718378717
2026-08-07,2025,2025-08-19,1.2653330194144157,1,1.265333019414416
2026-08-07,2025,2025-08-20,1.5264367458179013,1,1.5264367458179018
2026-08-07,2025,2025-08-21,1.0240731644451468,1,1.024073164445147
2026-08-07,2025,2025-08-22,1.1044931161015696,1,1.1044931161015699
2026-08-07,2025,2025-08-23,1.4125955197979323,1,1.4125955197979325
2026-08-07,2025,2025-08-24,1.653855374767201,1,1.6538553747672013
2026-08-07,2025,2025-08-25,1.2381782135557566,1,1.2381782135557569
2026-08-07,2025,2025-08-26,0.9770744871522705,1,0.9770744871522706
2026-08-07,2025,2025-08-27,0.025612470204524434,1,0.025612470204524358
2026-08-07,2025,2025-08-28,-0.5373271913904364,1,-0.5373271913904366
2026-08-07,2025,2025-08-29,0.3671361482644332,1,0.36713614826443314
2026-08-07,2025,2025-08-30,1.3655968425050555,1,1.3655968425050558
2026-08-07,2025,2025-08-31,1.4460167941614785,1,1.4460167941614788
2026-08-07,2025,2025-09-01,1.09091571317224,1,1.0909157131722402
2026-08-07,2025,2025-09-02,0.9300758098593942,1,0.9300758098593943
2026-08-07,2025,2025-09-03,0.012035067275194824,1,0.012035067275194742
2026-08-07,2025,2025-09-04,-0.6981670947032823,1,-0.6981670947032825
2026-08-07,2025,2025-09-05,-0.812008320723252,1,-0.8120083207232524
2026-08-07,2025,2025-09-06,-0.7451657719961585,1,-0.7451657719961587
2026-08-07,2025,2025-09-07,0.0329240586538456,1,0.032924058653845525
2026-08-07,2025,2025-09-08,1.1462710988588714,1,1.1462710988588716
2026-08-07,2025,2025-09-09,-0.21146919407408693,1,-0.21146919407408707
2026-08-07,2025,2025-09-10,-0.727410505388611,1,-0.7274105053886112
2026-08-07,2025,2025-09-11,-0.8088749229645885,1,-0.8088749229645888
2026-08-07,2025,2025-09-12,-0.8903393405405658,1,-0.8903393405405662
2026-08-07,2025,2025-09-13,-0.8903393405405658,1,-0.8903393405405662
2026-08-07,2025,2025-09-14,-0.7817201171059293,1,-0.7817201171059296
2026-08-07,2025,2025-09-15,-0.75456531124727,1,-0.7545653112472703
2026-08-07,2025,2025-09-16,-0.07569516478079114,1,-0.07569516478079123
2026-08-07,2025,2025-09-17,0.8747230402722797,1,0.8747230402722798
2026-08-07,2025,2025-09-18,-0.10284997063945021,1,-0.10284997063945032
2026-08-07,2025,2025-09-19,-0.8631845346819068,1,-0.8631845346819071
2026-08-07,2025,2025-09-20,-0.1571595823567685,1,-0.1571595823567686
2026-08-07,2025,2025-09-21,-0.18431438821542773,1,-0.18431438821542784
2026-08-07,2025,2025-09-22,-0.9174941463992251,1,-0.9174941463992254
2026-08-07,2025,2025-09-23,-0.9446489522578843,1,-0.9446489522578846
2026-08-07,2025,2025-09-24,-0.9174941463992251,1,-0.9174941463992254
2026-08-07,2025,2025-09-25,-0.9174941463992251,1,-0.9174941463992254
2026-08-07,2025,2025-09-26,-0.8903393405405658,1,-0.8903393405405662
2026-08-07,2025,2025-09-27,-0.9718037581165434,1,-0.9718037581165437
2026-08-07,2025,2025-09-28,-0.9446489522578843,1,-0.9446489522578846
2026-08-07,2025,2025-09-29,-0.9446489522578843,1,-0.9446489522578846
2026-08-07,2025,2025-09-30,-0.9446489522578843,1,-0.9446489522578846
2026-08-08,2021,2021-05-01,-0.958164226126425,1,-0.958164226126425
2026-08-08,2021,2021-05-02,-0.958164226126425,1,-0.958164226126425
2026-08-08,2021,2021-05-03,-0.7654394686786816,1,-0.7654394686786816
2026-08-08,2021,2021-05-04,-0.6931676846357778,1,-0.6931676846357779
2026-08-08,2021,2021-05-05,-0.958164226126425,1,-0.958164226126425
2026-08-08,2021,2021-05-06,-0.5727147112309383,1,-0.5727147112309384
2026-08-08,2021,2021-05-07,-0.644986495273842,1,-0.6449864952738421
2026-08-08,2021,2021-05-08,-0.7172582793167458,1,-0.7172582793167459
2026-08-08,2021,2021-05-09,-0.37998995378319494,1,-0.379989953783195
2026-08-08,2021,2021-05-10,-0.40408054846416286,1,-0.4040805484641629
2026-08-08,2021,2021-05-11,-0.8136206580406175,1,-0.8136206580406175
2026-08-08,2021,2021-05-12,-0.5727147112309383,1,-0.5727147112309384
2026-08-08,2021,2021-05-13,-0.6208959005928741,1,-0.6208959005928743
2026-08-08,2021,2021-05-14,-0.40408054846416286,1,-0.4040805484641629
2026-08-08,2021,2021-05-15,-0.37998995378319494,1,-0.379989953783195
2026-08-08,2021,2021-05-16,-0.958164226126425,1,-0.958164226126425
2026-08-08,2021,2021-05-17,-0.11499341229254781,1,-0.11499341229254796
2026-08-08,2021,2021-05-18,-0.5727147112309383,1,-0.5727147112309384
2026-08-08,2021,2021-05-19,-0.5968053059119062,1,-0.5968053059119063
2026-08-08,2021,2021-05-20,-0.5968053059119062,1,-0.5968053059119063
2026-08-08,2021,2021-05-21,-0.5727147112309383,1,-0.5727147112309384
2026-08-08,2021,2021-05-22,-0.958164226126425,1,-0.958164226126425
2026-08-08,2021,2021-05-23,-0.5004429271880345,1,-0.5004429271880346
2026-08-08,2021,2021-05-24,-0.30771816974029115,1,-0.30771816974029126
2026-08-08,2021,2021-05-25,-0.2595369803783553,1,-0.25953698037835543
2026-08-08,2021,2021-05-26,-0.4281711431451308,1,-0.42817114314513083
2026-08-08,2021,2021-05-27,-0.5486241165499703,1,-0.5486241165499705
2026-08-08,2021,2021-05-28,-0.5486241165499703,1,-0.5486241165499705
2026-08-08,2021,2021-05-29,-0.4763523325070666,1,-0.47635233250706666
2026-08-08,2021,2021-05-30,-0.5727147112309383,1,-0.5727147112309384
2026-08-08,2021,2021-05-31,-0.2113557910164195,1,-0.21135579101641963
2026-08-08,2021,2021-06-01,-0.13908400697351572,1,-0.1390840069735159
2026-08-08,2021,2021-06-02,-0.40408054846416286,1,-0.4040805484641629
2026-08-08,2021,2021-06-03,-0.33180876442125906,1,-0.3318087644212592
2026-08-08,2021,2021-06-04,-0.5486241165499703,1,-0.5486241165499705
2026-08-08,2021,2021-06-05,-0.644986495273842,1,-0.6449864952738421
2026-08-08,2021,2021-06-06,-0.4763523325070666,1,-0.47635233250706666
2026-08-08,2021,2021-06-07,0.005459561112291781,1,0.005459561112291593
2026-08-08,2021,2021-06-08,0.7040868068603614,1,0.7040868068603611
2026-08-08,2021,2021-06-09,0.9209021589890727,1,0.9209021589890722
2026-08-08,2021,2021-06-10,1.0413551323939123,1,1.0413551323939119
2026-08-08,2021,2021-06-11,0.46318086005068226,1,0.463180860050682
2026-08-08,2021,2021-06-12,-0.04272162824964406,1,-0.04272162824964424
2026-08-08,2021,2021-06-13,-0.01863103356867614,1,-0.018631033568676323
2026-08-08,2021,2021-06-14,-0.28362757505932323,1,-0.28362757505932334
2026-08-08,2021,2021-06-15,-0.11499341229254781,1,-0.11499341229254796
2026-08-08,2021,2021-06-16,-0.40408054846416286,1,-0.4040805484641629
2026-08-08,2021,2021-06-17,-0.28362757505932323,1,-0.28362757505932334
2026-08-08,2021,2021-06-18,-0.5004429271880345,1,-0.5004429271880346
2026-08-08,2021,2021-06-19,-0.6931676846357778,1,-0.6931676846357779
2026-08-08,2021,2021-06-20,-0.4281711431451308,1,-0.42817114314513083
2026-08-08,2021,2021-06-21,-0.13908400697351572,1,-0.1390840069735159
2026-08-08,2021,2021-06-22,-0.2113557910164195,1,-0.21135579101641963
2026-08-08,2021,2021-06-23,-0.4281711431451308,1,-0.42817114314513083
2026-08-08,2021,2021-06-24,-0.43820412481220195,1,-0.438204124812202
2026-08-08,2021,2021-06-25,-0.4906240039180116,1,-0.49062400391801164
2026-08-08,2021,2021-06-26,-0.5147145985989795,1,-0.5147145985989796
2026-08-08,2021,2021-06-27,-0.5147145985989795,1,-0.5147145985989796
2026-08-08,2021,2021-06-28,-0.22852460838896316,1,-0.2285246083889633
2026-08-08,2021,2021-06-29,-0.1520141346021855,1,-0.15201413460218566
2026-08-08,2021,2021-06-30,-0.4502494221526859,1,-0.45024942215268593
2026-08-08,2021,2021-07-01,-0.4502494221526859,1,-0.45024942215268593
2026-08-08,2021,2021-07-02,-0.5026693012584955,1,-0.5026693012584956
2026-08-08,2021,2021-07-03,-0.6840195332568926,1,-0.6840195332568927
2026-08-08,2021,2021-07-04,-0.6719742359164086,1,-0.6719742359164087
2026-08-08,2021,2021-07-05,-0.4502494221526859,1,-0.45024942215268593
2026-08-08,2021,2021-07-06,-0.1520141346021855,1,-0.15201413460218566
2026-08-08,2021,2021-07-07,-0.1520141346021855,1,-0.15201413460218566
2026-08-08,2021,2021-07-08,-0.28094448749477285,1,-0.28094448749477297
2026-08-08,2021,2021-07-09,-0.3454096639410665,1,-0.3454096639410666
2026-08-08,2021,2021-07-10,1.4645247381901672,1,1.4645247381901667
2026-08-08,2021,2021-07-11,0.6300453622410861,1,0.6300453622410858
2026-08-08,2021,2021-07-12,1.150005463555309,1,1.1500054635553085
2026-08-08,2021,2021-07-13,0.40832054847736327,1,0.408320548477363
2026-08-08,2021,2021-07-14,0.11008526092686295,1,0.11008526092686274
2026-08-08,2021,2021-07-15,0.40164142626598015,1,0.4016414262659799
2026-08-08,2021,2021-07-16,1.3081785278609168,1,1.3081785278609164
2026-08-08,2021,2021-07-17,1.3648370967106005,1,1.3648370967106
2026-08-08,2021,2021-07-18,2.667984180253322,1,2.6679841802533217
2026-08-08,2021,2021-07-19,4.70769265884193,1,4.707692658841929
2026-08-08,2021,2021-07-20,3.234569868750157,1,3.2345698687501563
2026-08-08,2021,2021-07-21,2.3846913360049045,1,2.384691336004904
2026-08-08,2021,2021-07-22,2.271374198305537,1,2.2713741983055367
2026-08-08,2021,2021-07-23,2.214715629455854,1,2.2147156294558537
2026-08-08,2021,2021-07-24,1.818105647508069,1,1.8181056475080684
2026-08-08,2021,2021-07-25,1.4781542344099676,1,1.4781542344099672
2026-08-08,2021,2021-07-26,0.9115685459131322,1,0.9115685459131317
2026-08-08,2021,2021-07-27,0.45829999511566366,1,0.4582999951156634
2026-08-08,2021,2021-07-28,0.9115685459131322,1,0.9115685459131317
2026-08-08,2021,2021-07-29,0.8549099770634485,1,0.8549099770634481
2026-08-08,2021,2021-07-30,0.9682271147628155,1,0.9682271147628151
2026-08-08,2021,2021-07-31,1.024885683612499,1,1.0248856836124987
2026-08-08,2021,2021-08-01,1.5914713721093345,1,1.5914713721093339
2026-08-08,2021,2021-08-02,2.1013984917564867,1,2.1013984917564863
2026-08-08,2021,2021-08-03,2.044739922906803,1,2.0447399229068024
2026-08-08,2021,2021-08-04,2.894618455652056,1,2.8946184556520556
2026-08-08,2021,2021-08-05,2.15805706060617,1,2.1580570606061698
2026-08-08,2021,2021-08-06,1.6481299409590182,1,1.6481299409590175
2026-08-08,2021,2021-08-07,0.5149585639653471,1,0.5149585639653468
2026-08-08,2021,2021-08-08,0.17500715086724594,1,0.17500715086724572
2026-08-08,2021,2021-08-09,0.8549099770634485,1,0.8549099770634481
2026-08-08,2021,2021-08-10,1.9880813540571194,1,1.9880813540571187
2026-08-08,2021,2021-08-11,1.1382028213118662,1,1.1382028213118658
2026-08-08,2021,2021-08-12,0.005031444318195264,1,0.005031444318195076
2026-08-08,2021,2021-08-13,-0.3915785376295895,1,-0.39157853762958955
2026-08-08,2021,2021-08-14,-0.6182128130283238,1,-0.6182128130283239
2026-08-08,2021,2021-08-15,-0.7881885195773743,1,-0.7881885195773743
2026-08-08,2021,2021-08-16,-0.6748713818780073,1,-0.6748713818780074
2026-08-08,2021,2021-08-17,-0.3812294884794998,1,-0.38122948847949983
2026-08-08,2021,2021-08-18,-0.10405603863290296,1,-0.10405603863290311
2026-08-08,2021,2021-08-19,0.05998924747968206,1,0.05998924747968186
2026-08-08,2021,2021-08-20,0.0374014095259508,1,0.037401409525950606
2026-08-08,2021,2021-08-21,-0.06443283523119539,1,-0.06443283523119556
2026-08-08,2021,2021-08-22,0.07128316645654778,1,0.07128316645654759
2026-08-08,2021,2021-08-23,-0.26810132474548787,1,-0.268101324745488
2026-08-08,2021,2021-08-24,-0.06443283523119539,1,-0.06443283523119556
2026-08-08,2021,2021-08-25,0.27495165597084037,1,0.27495165597084015
2026-08-08,2021,2021-08-26,1.3043990485538133,1,1.3043990485538128
2026-08-08,2021,2021-08-27,0.9537206383749115,1,0.9537206383749111
2026-08-08,2021,2021-08-28,1.1799769658429358,1,1.1799769658429353
2026-08-08,2021,2021-08-29,0.22403453359226708,1,0.22403453359226683
2026-08-08,2021,2021-08-30,0.4615847800371568,1,0.46158478003715653
2026-08-08,2021,2021-08-31,-0.2793952437223535,1,-0.27939524372235364
2026-08-08,2021,2021-09-01,-0.5791565315226818,1,-0.5791565315226819
2026-08-08,2021,2021-09-02,-0.7715311020601086,1,-0.7715311020601086
2026-08-08,2021,2021-09-03,-0.6696968573029624,1,-0.6696968573029625
2026-08-08,2021,2021-09-04,-0.7319078986584011,1,-0.7319078986584012
2026-08-08,2021,2021-09-05,-0.7828250210369743,1,-0.7828250210369743
2026-08-08,2021,2021-09-06,-0.958164226126425,1,-0.958164226126425
2026-08-08,2021,2021-09-07,-0.7322858465891116,1,-0.7322858465891117
2026-08-08,2021,2021-09-08,-0.7774615224965742,1,-0.7774615224965742
2026-08-08,2021,2021-09-09,-0.8000493604503056,1,-0.8000493604503056
2026-08-08,2021,2021-09-10,-0.6419344947741862,1,-0.6419344947741863
2026-08-08,2021,2021-09-11,-0.754873684542843,1,-0.754873684542843
2026-08-08,2021,2021-09-12,-0.7322858465891116,1,-0.7322858465891117
2026-08-08,2021,2021-09-13,-0.6871101706816488,1,-0.6871101706816489
2026-08-08,2021,2021-09-14,-0.6645223327279176,1,-0.6645223327279177
2026-08-08,2021,2021-09-15,-0.6645223327279176,1,-0.6645223327279177
2026-08-08,2021,2021-09-16,-0.958164226126425,1,-0.958164226126425
2026-08-08,2021,2021-09-17,-0.958164226126425,1,-0.958164226126425
2026-08-08,2021,2021-09-18,-0.958164226126425,1,-0.958164226126425
2026-08-08,2021,2021-09-19,-0.6645223327279176,1,-0.6645223327279177
2026-08-08,2021,2021-09-20,-0.6419344947741862,1,-0.6419344947741863
2026-08-08,2021,2021-09-21,-0.6645223327279176,1,-0.6645223327279177
2026-08-08,2021,2021-09-22,-0.6419344947741862,1,-0.6419344947741863
2026-08-08,2021,2021-09-23,-0.5064074670517982,1,-0.5064074670517983
2026-08-08,2021,2021-09-24,-0.5967588188667234,1,-0.5967588188667236
2026-08-08,2021,2021-09-25,-0.958164226126425,1,-0.958164226126425
2026-08-08,2021,2021-09-26,-0.958164226126425,1,-0.958164226126425
2026-08-08,2021,2021-09-27,-0.958164226126425,1,-0.958164226126425
2026-08-08,2021,2021-09-28,-0.958164226126425,1,-0.958164226126425
2026-08-08,2021,2021-09-29,-0.958164226126425,1,-0.958164226126425
2026-08-08,2021,2021-09-30,-0.958164226126425,1,-0.958164226126425
2026-08-08,2022,2022-05-01,-0.7137829094263273,1,-0.713782909426328
2026-08-08,2022,2022-05-02,-0.6594338145787051,1,-0.6594338145787059
2026-08-08,2022,2022-05-03,-0.6594338145787051,1,-0.6594338145787059
2026-08-08,2022,2022-05-04,-0.6050847197310828,1,-0.6050847197310835
2026-08-08,2022,2022-05-05,-0.5507356248834606,1,-0.5507356248834613
2026-08-08,2022,2022-05-06,-0.6050847197310828,1,-0.6050847197310835
2026-08-08,2022,2022-05-07,-0.6594338145787051,1,-0.6594338145787059
2026-08-08,2022,2022-05-08,-0.6594338145787051,1,-0.6594338145787059
2026-08-08,2022,2022-05-09,-0.6594338145787051,1,-0.6594338145787059
2026-08-08,2022,2022-05-10,-0.6594338145787051,1,-0.6594338145787059
2026-08-08,2022,2022-05-11,-0.6050847197310828,1,-0.6050847197310835
2026-08-08,2022,2022-05-12,-0.6594338145787051,1,-0.6594338145787059
2026-08-08,2022,2022-05-13,-0.6594338145787051,1,-0.6594338145787059
2026-08-08,2022,2022-05-14,-0.6594338145787051,1,-0.6594338145787059
2026-08-08,2022,2022-05-15,-0.7681320042739495,1,-0.7681320042739502
2026-08-08,2022,2022-05-16,-0.6594338145787051,1,-0.6594338145787059
2026-08-08,2022,2022-05-17,-0.6050847197310828,1,-0.6050847197310835
2026-08-08,2022,2022-05-18,-0.5507356248834606,1,-0.5507356248834613
2026-08-08,2022,2022-05-19,-0.5507356248834606,1,-0.5507356248834613
2026-08-08,2022,2022-05-20,-0.5507356248834606,1,-0.5507356248834613
2026-08-08,2022,2022-05-21,-0.6594338145787051,1,-0.6594338145787059
2026-08-08,2022,2022-05-22,-0.6050847197310828,1,-0.6050847197310835
2026-08-08,2022,2022-05-23,-0.5507356248834606,1,-0.5507356248834613
2026-08-08,2022,2022-05-24,-0.4420374351882162,1,-0.4420374351882169
2026-08-08,2022,2022-05-25,-0.5507356248834606,1,-0.5507356248834613
2026-08-08,2022,2022-05-26,-0.4420374351882162,1,-0.4420374351882169
2026-08-08,2022,2022-05-27,-0.4420374351882162,1,-0.4420374351882169
2026-08-08,2022,2022-05-28,-0.2246410557977273,1,-0.2246410557977279
2026-08-08,2022,2022-05-29,0.21015170298325045,1,0.21015170298325006
2026-08-08,2022,2022-05-30,0.04710441844038378,1,0.047104418440383315
2026-08-08,2022,2022-05-31,-0.4420374351882162,1,-0.4420374351882169
2026-08-08,2022,2022-06-01,-0.38768834034059396,1,-0.38768834034059463
2026-08-08,2022,2022-06-02,-0.27899015064534954,1,-0.27899015064535015
2026-08-08,2022,2022-06-03,-0.38768834034059396,1,-0.38768834034059463
2026-08-08,2022,2022-06-04,-0.49638653003583844,1,-0.49638653003583916
2026-08-08,2022,2022-06-05,-0.6050847197310828,1,-0.6050847197310835
2026-08-08,2022,2022-06-06,-0.5507356248834606,1,-0.5507356248834613
2026-08-08,2022,2022-06-07,-0.6050847197310828,1,-0.6050847197310835
2026-08-08,2022,2022-06-08,-0.5507356248834606,1,-0.5507356248834613
2026-08-08,2022,2022-06-09,-0.5507356248834606,1,-0.5507356248834613
2026-08-08,2022,2022-06-10,-0.5507356248834606,1,-0.5507356248834613
2026-08-08,2022,2022-06-11,-0.6594338145787051,1,-0.6594338145787059
2026-08-08,2022,2022-06-12,-0.5507356248834606,1,-0.5507356248834613
2026-08-08,2022,2022-06-13,-0.49638653003583844,1,-0.49638653003583916
2026-08-08,2022,2022-06-14,-0.5507356248834606,1,-0.5507356248834613
2026-08-08,2022,2022-06-15,-0.5507356248834606,1,-0.5507356248834613
2026-08-08,2022,2022-06-16,-0.5507356248834606,1,-0.5507356248834613
2026-08-08,2022,2022-06-17,-0.2246410557977273,1,-0.2246410557977279
2026-08-08,2022,2022-06-18,-0.4420374351882162,1,-0.4420374351882169
2026-08-08,2022,2022-06-19,0.04710441844038378,1,0.047104418440383315
2026-08-08,2022,2022-06-20,0.26450079783087266,1,0.26450079783087227
2026-08-08,2022,2022-06-21,-0.06159377125486066,1,-0.06159377125486117
2026-08-08,2022,2022-06-22,-0.11594286610248287,1,-0.11594286610248342
2026-08-08,2022,2022-06-23,-0.11594286610248287,1,-0.11594286610248342
2026-08-08,2022,2022-06-24,0.7536426514594726,1,0.7536426514594725
2026-08-08,2022,2022-06-25,2.058020927802406,1,2.0580209278024064
2026-08-08,2022,2022-06-26,2.2210682123452727,1,2.221068212345273
2026-08-08,2022,2022-06-27,3.14500282475485,1,3.145002824754851
2026-08-08,2022,2022-06-28,3.63414467838345,1,3.6341446783834512
2026-08-08,2022,2022-06-29,4.177635626859672,1,4.177635626859673
2026-08-08,2022,2022-06-30,4.666777480488272,1,4.666777480488273
2026-08-08,2022,2022-07-01,3.7428428680786943,1,3.7428428680786956
2026-08-08,2022,2022-07-02,2.65586097112625,1,2.655860971126251
2026-08-08,2022,2022-07-03,1.623228169021428,1,1.6232281690214283
2026-08-08,2022,2022-07-04,0.9166899360023393,1,0.9166899360023393
2026-08-08,2022,2022-07-05,0.6992935566118504,1,0.6992935566118503
2026-08-08,2022,2022-07-06,0.48189717722136155,1,0.4818971772213613
2026-08-08,2022,2022-07-07,0.48189717722136155,1,0.4818971772213613
2026-08-08,2022,2022-07-08,0.04710441844038378,1,0.047104418440383315
2026-08-08,2022,2022-07-09,0.3188498926784949,1,0.31884989267849456
2026-08-08,2022,2022-07-10,0.590595366916606,1,0.5905953669166057
2026-08-08,2022,2022-07-11,0.590595366916606,1,0.5905953669166057
2026-08-08,2022,2022-07-12,0.04710441844038378,1,0.047104418440383315
2026-08-08,2022,2022-07-13,-0.06159377125486066,1,-0.06159377125486117
2026-08-08,2022,2022-07-14,-0.3333392454929717,1,-0.3333392454929724
2026-08-08,2022,2022-07-15,-0.38768834034059396,1,-0.38768834034059463
2026-08-08,2022,2022-07-16,-0.4420374351882162,1,-0.4420374351882169
2026-08-08,2022,2022-07-17,-0.0072446764072384385,1,-0.007244676407238927
2026-08-08,2022,2022-07-18,0.3731989875261171,1,0.37319898752611674
2026-08-08,2022,2022-07-19,0.101453513288006,1,0.10145351328800556
2026-08-08,2022,2022-07-20,0.26450079783087266,1,0.26450079783087227
2026-08-08,2022,2022-07-21,0.26450079783087266,1,0.26450079783087227
2026-08-08,2022,2022-07-22,0.21015170298325045,1,0.21015170298325006
2026-08-08,2022,2022-07-23,0.590595366916606,1,0.5905953669166057
2026-08-08,2022,2022-07-24,0.6992935566118504,1,0.6992935566118503
2026-08-08,2022,2022-07-25,0.5362462720689838,1,0.5362462720689836
2026-08-08,2022,2022-07-26,-0.11594286610248287,1,-0.11594286610248342
2026-08-08,2022,2022-07-27,0.3188498926784949,1,0.31884989267849456
2026-08-08,2022,2022-07-28,0.4275480823737393,1,0.427548082373739
2026-08-08,2022,2022-07-29,0.6449444617642281,1,0.644944461764228
2026-08-08,2022,2022-07-30,1.1340863153928282,1,1.1340863153928282
2026-08-08,2022,2022-07-31,1.7862754535642948,1,1.7862754535642953
2026-08-08,2022,2022-08-01,2.0036718329547836,1,2.003671832954784
2026-08-08,2022,2022-08-02,2.8732573505167394,1,2.8732573505167402
2026-08-08,2022,2022-08-03,1.8949736432595392,1,1.8949736432595397
2026-08-08,2022,2022-08-04,0.1558026081356282,1,0.1558026081356278
2026-08-08,2022,2022-08-05,-0.11594286610248287,1,-0.11594286610248342
2026-08-08,2022,2022-08-06,-0.06159377125486066,1,-0.06159377125486117
2026-08-08,2022,2022-08-07,0.21015170298325045,1,0.21015170298325006
2026-08-08,2022,2022-08-08,0.590595366916606,1,0.5905953669166057
2026-08-08,2022,2022-08-09,0.8079917463070948,1,0.8079917463070947
2026-08-08,2022,2022-08-10,0.590595366916606,1,0.5905953669166057
2026-08-08,2022,2022-08-11,0.6449444617642281,1,0.644944461764228
2026-08-08,2022,2022-08-12,0.04710441844038378,1,0.047104418440383315
2026-08-08,2022,2022-08-13,-0.3333392454929717,1,-0.3333392454929724
2026-08-08,2022,2022-08-14,0.101453513288006,1,0.10145351328800556
2026-08-08,2022,2022-08-15,0.3188498926784949,1,0.31884989267849456
2026-08-08,2022,2022-08-16,0.26450079783087266,1,0.26450079783087227
2026-08-08,2022,2022-08-17,-0.16349832396352063,1,-0.16349832396352118
2026-08-08,2022,2022-08-18,-0.3415631215976403,1,-0.34156312159764096
2026-08-08,2022,2022-08-19,-0.2789901505408442,1,-0.2789901505408448
2026-08-08,2022,2022-08-20,-0.2228532565082273,1,-0.22285325650822788
2026-08-08,2022,2022-08-21,-0.33512704457346126,1,-0.33512704457346193
2026-08-08,2022,2022-08-22,-0.3415631215976403,1,-0.34156312159764096
2026-08-08,2022,2022-08-23,-0.12023358397926183,1,-0.12023358397926237
2026-08-08,2022,2022-08-24,-0.2357254105565854,1,-0.235725410556586
2026-08-08,2022,2022-08-25,-0.49388361113504364,1,-0.49388361113504436
2026-08-08,2022,2022-08-26,-0.48422949559877493,1,-0.48422949559877565
2026-08-08,2022,2022-08-27,-0.16993440098769969,1,-0.16993440098770024
2026-08-08,2022,2022-08-28,-0.5532385436797502,1,-0.5532385436797509
2026-08-08,2022,2022-08-29,-0.546802466655571,1,-0.5468024666555716
2026-08-08,2022,2022-08-30,-0.6125934762244567,1,-0.6125934762244574
2026-08-08,2022,2022-08-31,-0.490665572622954,1,-0.49066557262295474
2026-08-08,2022,2022-09-01,-0.5099738036954913,1,-0.509973803695492
2026-08-08,2022,2022-09-02,-0.659076254720805,1,-0.6590762547208058
2026-08-08,2022,2022-09-03,-0.6093754377123671,1,-0.6093754377123678
2026-08-08,2022,2022-09-04,-0.5500205051676605,1,-0.5500205051676612
2026-08-08,2022,2022-09-05,-0.45061887115078475,1,-0.45061887115078547
2026-08-08,2022,2022-09-06,-0.37839178455772005,1,-0.3783917845577207
2026-08-08,2022,2022-09-07,-0.1438325329285781,1,-0.14383253292857862
2026-08-08,2022,2022-09-08,-0.3369148436539507,1,-0.33691484365395136
2026-08-08,2022,2022-09-09,-0.5686136165243978,1,-0.5686136165243985
2026-08-08,2022,2022-09-10,-0.3755313057990252,1,-0.3755313057990259
2026-08-08,2022,2022-09-11,-0.5943579246211141,1,-0.5943579246211148
2026-08-08,2022,2022-09-12,-0.5557414624760396,1,-0.5557414624760403
2026-08-08,2022,2022-09-13,-0.5428693084276814,1,-0.5428693084276821
2026-08-08,2022,2022-09-14,-0.504252846282607,1,-0.5042528462826077
2026-08-08,2022,2022-09-15,-0.6522826178387259,1,-0.6522826178387267
2026-08-08,2022,2022-09-16,-0.6265383097420095,1,-0.6265383097420103
2026-08-08,2022,2022-09-17,-0.5686136165243978,1,-0.5686136165243985
2026-08-08,2022,2022-09-18,-0.7037712340321586,1,-0.7037712340321594
2026-08-08,2022,2022-09-19,-0.7037712340321586,1,-0.7037712340321594
2026-08-08,2022,2022-09-20,-0.7102073110563377,1,-0.7102073110563385
2026-08-08,2022,2022-09-21,-0.6973351570079795,1,-0.6973351570079803
2026-08-08,2022,2022-09-22,-0.6973351570079795,1,-0.6973351570079803
2026-08-08,2022,2022-09-23,-0.7681320042739495,1,-0.7681320042739502
2026-08-08,2022,2022-09-24,-0.7681320042739495,1,-0.7681320042739502
2026-08-08,2022,2022-09-25,-0.6844630029596214,1,-0.6844630029596221
2026-08-08,2022,2022-09-26,-0.6265383097420095,1,-0.6265383097420103
2026-08-08,2022,2022-09-27,-0.6715908489112632,1,-0.671590848911264
2026-08-08,2022,2022-09-28,-0.6715908489112632,1,-0.671590848911264
2026-08-08,2022,2022-09-29,-0.658718694862905,1,-0.6587186948629058
2026-08-08,2022,2022-09-30,-0.6973351570079795,1,-0.6973351570079803
2026-08-08,2023,2023-05-01,-0.8813311511225538,1,-0.8813311511225538
2026-08-08,2023,2023-05-02,-0.9136738637119253,1,-0.9136738637119253
2026-08-08,2023,2023-05-03,-0.8813311511225538,1,-0.8813311511225538
2026-08-08,2023,2023-05-04,-0.7196175881756962,1,-0.7196175881756962
2026-08-08,2023,2023-05-05,-0.7519603007650677,1,-0.7519603007650677
2026-08-08,2023,2023-05-06,-0.7196175881756962,1,-0.7196175881756962
2026-08-08,2023,2023-05-07,-0.8489884385331823,1,-0.8489884385331823
2026-08-08,2023,2023-05-08,-0.9460165763012968,1,-0.9460165763012968
2026-08-08,2023,2023-05-09,-0.8489884385331823,1,-0.8489884385331823
2026-08-08,2023,2023-05-10,-0.8813311511225538,1,-0.8813311511225538
2026-08-08,2023,2023-05-11,-0.8489884385331823,1,-0.8489884385331823
2026-08-08,2023,2023-05-12,-0.8813311511225538,1,-0.8813311511225538
2026-08-08,2023,2023-05-13,-0.9460165763012968,1,-0.9460165763012968
2026-08-08,2023,2023-05-14,-0.9460165763012968,1,-0.9460165763012968
2026-08-08,2023,2023-05-15,-0.8489884385331823,1,-0.8489884385331823
2026-08-08,2023,2023-05-16,-0.6225894504075817,1,-0.6225894504075817
2026-08-08,2023,2023-05-17,0.21832107691607752,1,0.21832107691607763
2026-08-08,2023,2023-05-18,0.024264801379848485,1,0.024264801379848582
2026-08-08,2023,2023-05-19,-0.6549321629969532,1,-0.6549321629969532
2026-08-08,2023,2023-05-20,-0.8166457259438107,1,-0.8166457259438107
2026-08-08,2023,2023-05-21,-0.6549321629969532,1,-0.6549321629969532
2026-08-08,2023,2023-05-22,-0.6225894504075817,1,-0.6225894504075817
2026-08-08,2023,2023-05-23,-0.8489884385331823,1,-0.8489884385331823
2026-08-08,2023,2023-05-24,-0.7843030133544392,1,-0.7843030133544392
2026-08-08,2023,2023-05-25,-0.7519603007650677,1,-0.7519603007650677
2026-08-08,2023,2023-05-26,-0.8489884385331823,1,-0.8489884385331823
2026-08-08,2023,2023-05-27,-0.7196175881756962,1,-0.7196175881756962
2026-08-08,2023,2023-05-28,-0.7843030133544392,1,-0.7843030133544392
2026-08-08,2023,2023-05-29,-0.7519603007650677,1,-0.7519603007650677
2026-08-08,2023,2023-05-30,-0.7519603007650677,1,-0.7519603007650677
2026-08-08,2023,2023-05-31,-0.8489884385331823,1,-0.8489884385331823
2026-08-08,2023,2023-06-01,-0.7196175881756962,1,-0.7196175881756962
2026-08-08,2023,2023-06-02,-0.8489884385331823,1,-0.8489884385331823
2026-08-08,2023,2023-06-03,-0.8489884385331823,1,-0.8489884385331823
2026-08-08,2023,2023-06-04,-0.6549321629969532,1,-0.6549321629969532
2026-08-08,2023,2023-06-05,-0.3961904622819811,1,-0.39619046228198107
2026-08-08,2023,2023-06-06,-0.6872748755863247,1,-0.6872748755863247
2026-08-08,2023,2023-06-07,-0.3961904622819811,1,-0.39619046228198107
2026-08-08,2023,2023-06-08,-0.6225894504075817,1,-0.6225894504075817
2026-08-08,2023,2023-06-09,-0.7843030133544392,1,-0.7843030133544392
2026-08-08,2023,2023-06-10,-0.7843030133544392,1,-0.7843030133544392
2026-08-08,2023,2023-06-11,-0.8166457259438107,1,-0.8166457259438107
2026-08-08,2023,2023-06-12,-0.7843030133544392,1,-0.7843030133544392
2026-08-08,2023,2023-06-13,-0.5579040252288386,1,-0.5579040252288386
2026-08-08,2023,2023-06-14,-0.6549321629969532,1,-0.6549321629969532
2026-08-08,2023,2023-06-15,-0.6872748755863247,1,-0.6872748755863247
2026-08-08,2023,2023-06-16,-0.46087588746072417,1,-0.4608758874607241
2026-08-08,2023,2023-06-17,-0.13744876156700905,1,-0.137448761567009
2026-08-08,2023,2023-06-18,0.28300650209482053,1,0.2830065020948207
2026-08-08,2023,2023-06-19,-0.23447689933512358,1,-0.23447689933512353
2026-08-08,2023,2023-06-20,-0.5255613126394671,1,-0.5255613126394671
2026-08-08,2023,2023-06-21,-0.6225894504075817,1,-0.6225894504075817
2026-08-08,2023,2023-06-22,-0.7519603007650677,1,-0.7519603007650677
2026-08-08,2023,2023-06-23,-0.7843030133544392,1,-0.7843030133544392
2026-08-08,2023,2023-06-24,-0.6274530188461598,1,-0.6274530188461598
2026-08-08,2023,2023-06-25,-0.27929466321673085,1,-0.2792946632167308
2026-08-08,2023,2023-06-26,-0.19019413849806402,1,-0.19019413849806396
2026-08-08,2023,2023-06-27,-0.36564727352031823,1,-0.3656472735203182
2026-08-08,2023,2023-06-28,0.017601709113561733,1,0.01760170911356183
2026-08-08,2023,2023-06-29,0.3334173521536192,1,0.33341735215361934
2026-08-08,2023,2023-06-30,-0.29546601951141666,1,-0.2954660195114166
2026-08-08,2023,2023-07-01,-0.5221811378328074,1,-0.5221811378328074
2026-08-08,2023,2023-07-02,0.05269233611801253,1,0.05269233611801263
2026-08-08,2023,2023-07-03,0.19305484413581597,1,0.19305484413581608
2026-08-08,2023,2023-07-04,-0.1200128844891624,1,-0.12001288448916232
2026-08-08,2023,2023-07-05,-0.36564727352031823,1,-0.3656472735203182
2026-08-08,2023,2023-07-06,-0.0525795448953401,1,-0.052579544895340016
2026-08-08,2023,2023-07-07,0.17413557342605068,1,0.1741355734260508
2026-08-08,2023,2023-07-08,-0.1551035114936132,1,-0.15510351149361315
2026-08-08,2023,2023-07-09,0.5412131997652448,1,0.5412131997652451
2026-08-08,2023,2023-07-10,2.022947147001628,1,2.0229471470016285
2026-08-08,2023,2023-07-11,2.233490909028333,1,2.2334909090283332
2026-08-08,2023,2023-07-12,1.7611414016757865,1,1.7611414016757867
2026-08-08,2023,2023-07-13,0.4359413187518923,1,0.43594131875189246
2026-08-08,2023,2023-07-14,0.19305484413581597,1,0.19305484413581608
2026-08-08,2023,2023-07-15,0.6163552795597576,1,0.6163552795597578
2026-08-08,2023,2023-07-16,2.3190896434386152,1,2.3190896434386157
2026-08-08,2023,2023-07-17,2.735313599053447,1,2.7353135990534474
2026-08-08,2023,2023-07-18,2.6596365162143867,1,2.659636516214387
2026-08-08,2023,2023-07-19,1.2596104836917703,1,1.2596104836917705
2026-08-08,2023,2023-07-20,0.4650011138816368,1,0.46500111388163695
2026-08-08,2023,2023-07-21,0.20013132394492567,1,0.20013132394492578
2026-08-08,2023,2023-07-22,0.12445424110586525,1,0.12445424110586537
2026-08-08,2023,2023-07-23,0.6163552795597576,1,0.6163552795597578
2026-08-08,2023,2023-07-24,0.8055479866574082,1,0.8055479866574085
2026-08-08,2023,2023-07-25,1.0325792351745895,1,1.0325792351745897
2026-08-08,2023,2023-07-26,1.2596104836917703,1,1.2596104836917705
2026-08-08,2023,2023-07-27,1.335287566530831,1,1.3352875665308312
2026-08-08,2023,2023-07-28,1.18393340085271,1,1.1839334008527103
2026-08-08,2023,2023-07-29,1.5623188150480118,1,1.562318815048012
2026-08-08,2023,2023-07-30,2.508282350536266,1,2.5082823505362666
2026-08-08,2023,2023-07-31,1.8650271464042532,1,1.8650271464042534
2026-08-08,2023,2023-08-01,0.5785167381402273,1,0.5785167381402275
2026-08-08,2023,2023-08-02,2.3947667262776755,1,2.394766726277676
2026-08-08,2023,2023-08-03,2.3190896434386152,1,2.3190896434386157
2026-08-08,2023,2023-08-04,2.546120891955796,1,2.5461208919557965
2026-08-08,2023,2023-08-05,2.508282350536266,1,2.5082823505362666
2026-08-08,2023,2023-08-06,2.7731521404729773,1,2.7731521404729778
2026-08-08,2023,2023-08-07,1.8650271464042532,1,1.8650271464042534
2026-08-08,2023,2023-08-08,0.7298709038183481,1,0.7298709038183483
2026-08-08,2023,2023-08-09,0.04877715826680507,1,0.04877715826680517
2026-08-08,2023,2023-08-10,0.08661569968633516,1,0.08661569968633527
2026-08-08,2023,2023-08-11,-0.06473846599178555,1,-0.06473846599178547
2026-08-08,2023,2023-08-12,0.35148548962304627,1,0.35148548962304643
2026-08-08,2023,2023-08-13,0.4650011138816368,1,0.46500111388163695
2026-08-08,2023,2023-08-14,-0.14041554883084584,1,-0.14041554883084578
2026-08-08,2023,2023-08-15,-0.29176971450896655,1,-0.2917697145089665
2026-08-08,2023,2023-08-16,-0.21609263166990625,1,-0.2160926316699062
2026-08-08,2023,2023-08-17,1.2523327466247913,1,1.2523327466247915
2026-08-08,2023,2023-08-18,1.5581908171685184,1,1.5581908171685186
2026-08-08,2023,2023-08-19,2.0667979746669953,1,2.0667979746669958
2026-08-08,2023,2023-08-20,1.9826082617877832,1,1.9826082617877834
2026-08-08,2023,2023-08-21,1.6767501912440559,1,1.676750191244056
2026-08-08,2023,2023-08-22,0.7935456408092009,1,0.7935456408092011
2026-08-08,2023,2023-08-23,1.099403711352928,1,1.0994037113529282
2026-08-08,2023,2023-08-24,0.74025670890311,1,0.7402567089031102
2026-08-08,2023,2023-08-25,0.0941709066193303,1,0.0941709066193304
2026-08-08,2023,2023-08-26,-0.14294784153174525,1,-0.1429478415317452
2026-08-08,2023,2023-08-27,-0.19276789321463164,1,-0.19276789321463159
2026-08-08,2023,2023-08-28,-0.17731750272807084,1,-0.17731750272807079
2026-08-08,2023,2023-08-29,0.8777353536884128,1,0.877735353688413
2026-08-08,2023,2023-08-30,0.4343986383593831,1,0.43439863835938325
2026-08-08,2023,2023-08-31,-0.17731750272807084,1,-0.17731750272807079
2026-08-08,2023,2023-09-01,-0.3147961475133738,1,-0.31479614751337376
2026-08-08,2023,2023-09-02,-0.17731750272807084,1,-0.17731750272807079
2026-08-08,2023,2023-09-03,-0.24605682512072227,1,-0.24605682512072222
2026-08-08,2023,2023-09-04,-0.3302465379999345,1,-0.3302465379999344
2026-08-08,2023,2023-09-05,-0.29587687680360863,1,-0.2958768768036086
2026-08-08,2023,2023-09-06,-0.6361046085436615,1,-0.6361046085436615
2026-08-08,2023,2023-09-07,-0.7634957536950697,1,-0.7634957536950697
2026-08-08,2023,2023-09-08,-0.8252973156413123,1,-0.8252973156413123
2026-08-08,2023,2023-09-09,-0.7325949727219485,1,-0.7325949727219485
2026-08-08,2023,2023-09-10,-0.5780910678563422,1,-0.5780910678563422
2026-08-08,2023,2023-09-11,-0.6089918488294634,1,-0.6089918488294634
2026-08-08,2023,2023-09-12,-0.6089918488294634,1,-0.6089918488294634
2026-08-08,2023,2023-09-13,-0.5780910678563422,1,-0.5780910678563422
2026-08-08,2023,2023-09-14,-0.6089918488294634,1,-0.6089918488294634
2026-08-08,2023,2023-09-15,-0.7325949727219485,1,-0.7325949727219485
2026-08-08,2023,2023-09-16,-0.4853887249369784,1,-0.4853887249369783
2026-08-08,2023,2023-09-17,-0.29998403909825083,1,-0.2999840390982508
2026-08-08,2023,2023-09-18,-0.36178560104449337,1,-0.3617856010444933
2026-08-08,2023,2023-09-19,-0.5162895059100997,1,-0.5162895059100997
2026-08-08,2023,2023-09-20,-0.7016941917488273,1,-0.7016941917488273
2026-08-08,2023,2023-09-21,-0.7634957536950697,1,-0.7634957536950697
2026-08-08,2023,2023-09-22,-0.8561980966144336,1,-0.8561980966144336
2026-08-08,2023,2023-09-23,-0.8870988775875548,1,-0.8870988775875548
2026-08-08,2023,2023-09-24,-0.8561980966144336,1,-0.8561980966144336
2026-08-08,2023,2023-09-25,-0.8561980966144336,1,-0.8561980966144336
2026-08-08,2023,2023-09-26,-0.8561980966144336,1,-0.8561980966144336
2026-08-08,2023,2023-09-27,-0.8252973156413123,1,-0.8252973156413123
2026-08-08,2023,2023-09-28,-0.7634957536950697,1,-0.7634957536950697
2026-08-08,2023,2023-09-29,-0.8561980966144336,1,-0.8561980966144336
2026-08-08,2023,2023-09-30,-0.8870988775875548,1,-0.8870988775875548
2026-08-08,2024,2024-05-01,-0.7390421655050358,1,-0.7390421655050358
2026-08-08,2024,2024-05-02,-0.7390421655050358,1,-0.7390421655050358
2026-08-08,2024,2024-05-03,-0.7798277605007042,1,-0.7798277605007042
2026-08-08,2024,2024-05-04,-0.6574709755136988,1,-0.6574709755136988
2026-08-08,2024,2024-05-05,-0.6166853805180303,1,-0.6166853805180302
2026-08-08,2024,2024-05-06,-0.7798277605007042,1,-0.7798277605007042
2026-08-08,2024,2024-05-07,-0.7390421655050358,1,-0.7390421655050358
2026-08-08,2024,2024-05-08,-0.7390421655050358,1,-0.7390421655050358
2026-08-08,2024,2024-05-09,-0.7798277605007042,1,-0.7798277605007042
2026-08-08,2024,2024-05-10,-0.7390421655050358,1,-0.7390421655050358
2026-08-08,2024,2024-05-11,-0.7390421655050358,1,-0.7390421655050358
2026-08-08,2024,2024-05-12,-0.8206133554963727,1,-0.8206133554963727
2026-08-08,2024,2024-05-13,-0.6982565705093673,1,-0.6982565705093673
2026-08-08,2024,2024-05-14,-0.7390421655050358,1,-0.7390421655050358
2026-08-08,2024,2024-05-15,-0.6982565705093673,1,-0.6982565705093673
2026-08-08,2024,2024-05-16,-0.7390421655050358,1,-0.7390421655050358
2026-08-08,2024,2024-05-17,-0.6574709755136988,1,-0.6574709755136988
2026-08-08,2024,2024-05-18,-0.6574709755136988,1,-0.6574709755136988
2026-08-08,2024,2024-05-19,-0.7390421655050358,1,-0.7390421655050358
2026-08-08,2024,2024-05-20,-0.6982565705093673,1,-0.6982565705093673
2026-08-08,2024,2024-05-21,-0.6574709755136988,1,-0.6574709755136988
2026-08-08,2024,2024-05-22,-0.7390421655050358,1,-0.7390421655050358
2026-08-08,2024,2024-05-23,-0.6574709755136988,1,-0.6574709755136988
2026-08-08,2024,2024-05-24,-0.6574709755136988,1,-0.6574709755136988
2026-08-08,2024,2024-05-25,-0.7390421655050358,1,-0.7390421655050358
2026-08-08,2024,2024-05-26,-0.6982565705093673,1,-0.6982565705093673
2026-08-08,2024,2024-05-27,-0.7390421655050358,1,-0.7390421655050358
2026-08-08,2024,2024-05-28,-0.6982565705093673,1,-0.6982565705093673
2026-08-08,2024,2024-05-29,-0.6982565705093673,1,-0.6982565705093673
2026-08-08,2024,2024-05-30,-0.6982565705093673,1,-0.6982565705093673
2026-08-08,2024,2024-05-31,-0.7798277605007042,1,-0.7798277605007042
2026-08-08,2024,2024-06-01,-0.7390421655050358,1,-0.7390421655050358
2026-08-08,2024,2024-06-02,-0.7798277605007042,1,-0.7798277605007042
2026-08-08,2024,2024-06-03,-0.6982565705093673,1,-0.6982565705093673
2026-08-08,2024,2024-06-04,-0.6574709755136988,1,-0.6574709755136988
2026-08-08,2024,2024-06-05,-0.6982565705093673,1,-0.6982565705093673
2026-08-08,2024,2024-06-06,-0.6982565705093673,1,-0.6982565705093673
2026-08-08,2024,2024-06-07,-0.6982565705093673,1,-0.6982565705093673
2026-08-08,2024,2024-06-08,-0.6574709755136988,1,-0.6574709755136988
2026-08-08,2024,2024-06-09,-0.7390421655050358,1,-0.7390421655050358
2026-08-08,2024,2024-06-10,-0.6574709755136988,1,-0.6574709755136988
2026-08-08,2024,2024-06-11,-0.5351141905266934,1,-0.5351141905266933
2026-08-08,2024,2024-06-12,-0.494328595531025,1,-0.4943285955310248
2026-08-08,2024,2024-06-13,-0.5758997855223619,1,-0.5758997855223618
2026-08-08,2024,2024-06-14,-0.3719718105440196,1,-0.3719718105440194
2026-08-08,2024,2024-06-15,-0.4535430005353565,1,-0.45354300053535634
2026-08-08,2024,2024-06-16,-0.3719718105440196,1,-0.3719718105440194
2026-08-08,2024,2024-06-17,-0.4127574055396881,1,-0.41275740553968787
2026-08-08,2024,2024-06-18,-0.6166853805180303,1,-0.6166853805180302
2026-08-08,2024,2024-06-19,-0.4535430005353565,1,-0.45354300053535634
2026-08-08,2024,2024-06-20,-0.5351141905266934,1,-0.5351141905266933
2026-08-08,2024,2024-06-21,-0.6982565705093673,1,-0.6982565705093673
2026-08-08,2024,2024-06-22,-0.6574709755136988,1,-0.6574709755136988
2026-08-08,2024,2024-06-23,-0.6982565705093673,1,-0.6982565705093673
2026-08-08,2024,2024-06-24,-0.12725824057000887,1,-0.12725824057000854
2026-08-08,2024,2024-06-25,-0.20882943056134579,1,-0.20882943056134548
2026-08-08,2024,2024-06-26,-0.33118621554835115,1,-0.3311862155483509
2026-08-08,2024,2024-06-27,-0.4535430005353565,1,-0.45354300053535634
2026-08-08,2024,2024-06-28,2.1975206741830933,1,2.1975206741830946
2026-08-08,2024,2024-06-29,0.11745532940400188,1,0.11745532940400231
2026-08-08,2024,2024-06-30,-0.5758997855223619,1,-0.5758997855223618
2026-08-08,2024,2024-07-01,1.3410231792740557,1,1.3410231792740568
2026-08-08,2024,2024-07-02,1.463379964261061,1,1.463379964261062
2026-08-08,2024,2024-07-03,1.2594519892827187,1,1.2594519892827198
2026-08-08,2024,2024-07-04,2.156735079187425,1,2.1567350791874262
2026-08-08,2024,2024-07-05,1.993592699204751,1,1.9935926992047523
2026-08-08,2024,2024-07-06,2.850090194113789,1,2.8500901941137906
2026-08-08,2024,2024-07-07,3.217160549074805,1,3.2171605490748068
2026-08-08,2024,2024-07-08,3.054018169092131,1,3.054018169092133
2026-08-08,2024,2024-07-09,1.544951154252398,1,1.544951154252399
2026-08-08,2024,2024-07-10,0.4029544943736811,1,0.40295449437368164
2026-08-08,2024,2024-07-11,-0.04568705057867195,1,-0.04568705057867159
2026-08-08,2024,2024-07-12,-0.4535430005353565,1,-0.45354300053535634
2026-08-08,2024,2024-07-13,-0.33118621554835115,1,-0.3311862155483509
2026-08-08,2024,2024-07-14,1.7080935342350718,1,1.708093534235073
2026-08-08,2024,2024-07-15,1.1778807992913818,1,1.1778807992913827
2026-08-08,2024,2024-07-16,-0.04568705057867195,1,-0.04568705057867159
2026-08-08,2024,2024-07-17,-0.24961502555701423,1,-0.24961502555701395
2026-08-08,2024,2024-07-18,-0.004901455583003489,1,-0.004901455583003112
2026-08-08,2024,2024-07-19,1.0963096093000448,1,1.0963096093000457
2026-08-08,2024,2024-07-20,1.2186663942870504,1,1.2186663942870513
2026-08-08,2024,2024-07-21,2.156735079187425,1,2.1567350791874262
2026-08-08,2024,2024-07-22,2.686947814131115,1,2.6869478141311167
2026-08-08,2024,2024-07-23,1.2594519892827187,1,1.2594519892827198
2026-08-08,2024,2024-07-24,0.36216889937801267,1,0.3621688993780132
2026-08-08,2024,2024-07-25,1.2186663942870504,1,1.2186663942870513
2026-08-08,2024,2024-07-26,1.2594519892827187,1,1.2594519892827198
2026-08-08,2024,2024-07-27,1.8304503192220771,1,1.8304503192220785
2026-08-08,2024,2024-07-28,2.156735079187425,1,2.1567350791874262
2026-08-08,2024,2024-07-29,2.319877459170099,1,2.3198774591701
2026-08-08,2024,2024-07-30,1.5857367492480665,1,1.5857367492480676
2026-08-08,2024,2024-07-31,0.48452568436501803,1,0.48452568436501864
2026-08-08,2024,2024-08-01,1.0555240143043765,1,1.0555240143043774
2026-08-08,2024,2024-08-02,1.1778807992913818,1,1.1778807992913827
2026-08-08,2024,2024-08-03,0.8515960393260341,1,0.8515960393260348
2026-08-08,2024,2024-08-04,2.156735079187425,1,2.1567350791874262
2026-08-08,2024,2024-08-05,1.300237584278387,1,1.3002375842783882
2026-08-08,2024,2024-08-06,0.2805977093866757,1,0.2805977093866762
2026-08-08,2024,2024-08-07,-0.04568705057867195,1,-0.04568705057867159
2026-08-08,2024,2024-08-08,0.7700248493346973,1,0.770024849334698
2026-08-08,2024,2024-08-09,0.9739528243130395,1,0.9739528243130403
2026-08-08,2024,2024-08-10,1.1778807992913818,1,1.1778807992913827
2026-08-08,2024,2024-08-11,1.6265223442437349,1,1.626522344243736
2026-08-08,2024,2024-08-12,1.5041655592567296,1,1.5041655592567307
2026-08-08,2024,2024-08-13,0.7700248493346973,1,0.770024849334698
2026-08-08,2024,2024-08-14,0.07666973440833343,1,0.07666973440833383
2026-08-08,2024,2024-08-15,-0.33118621554835115,1,-0.3311862155483509
2026-08-08,2024,2024-08-16,-0.4535430005353565,1,-0.45354300053535634
2026-08-08,2024,2024-08-17,0.8130718132456942,1,0.8130718132456949
2026-08-08,2024,2024-08-18,1.048721309898447,1,1.0487213098984478
2026-08-08,2024,2024-08-19,1.393132028546317,1,1.393132028546318
2026-08-08,2024,2024-08-20,0.00869137245889312,1,0.008691372458893504
2026-08-08,2024,2024-08-21,-0.37877068601996056,1,-0.37877068601996033
2026-08-08,2024,2024-08-22,-0.41049275468436947,1,-0.41049275468436924
2026-08-08,2024,2024-08-23,-0.41049275468436947,1,-0.41049275468436924
2026-08-08,2024,2024-08-24,-0.20656532669602554,1,-0.20656532669602523
2026-08-08,2024,2024-08-25,-0.19523605552945075,1,-0.19523605552945045
2026-08-08,2024,2024-08-26,-0.4218220258509442,1,-0.42182202585094397
2026-08-08,2024,2024-08-27,-0.6144201826727135,1,-0.6144201826727134
2026-08-08,2024,2024-08-28,-0.6574715225036971,1,-0.6574715225036971
2026-08-08,2024,2024-08-29,-0.6891935911681061,1,-0.6891935911681061
2026-08-08,2024,2024-08-30,-0.7435742021656646,1,-0.7435742021656646
2026-08-08,2024,2024-08-31,-0.700522862334681,1,-0.700522862334681
2026-08-08,2024,2024-09-01,-0.6144201826727135,1,-0.6144201826727134
2026-08-08,2024,2024-09-02,-0.6257494538392883,1,-0.6257494538392883
2026-08-08,2024,2024-09-03,-0.7435742021656646,1,-0.7435742021656646
2026-08-08,2024,2024-09-04,-0.7118521335012558,1,-0.7118521335012558
2026-08-08,2024,2024-09-05,-0.6574715225036971,1,-0.6574715225036971
2026-08-08,2024,2024-09-06,-0.5826981140083045,1,-0.5826981140083044
2026-08-08,2024,2024-09-07,-0.498862273161649,1,-0.49886227316164883
2026-08-08,2024,2024-09-08,-0.11366705349810738,1,-0.11366705349810706
2026-08-08,2024,2024-09-09,-0.5668379001610975,1,-0.5668379001610974
2026-08-08,2024,2024-09-10,-0.544179357827948,1,-0.5441793578279479
2026-08-08,2024,2024-09-11,-0.4762037308284995,1,-0.4762037308284993
2026-08-08,2024,2024-09-12,-0.4762037308284995,1,-0.4762037308284993
2026-08-08,2024,2024-09-13,0.4981135894969294,1,0.49811358949693
2026-08-08,2024,2024-09-14,-0.09100851116495778,1,-0.09100851116495745
2026-08-08,2024,2024-09-15,-0.4535451884953499,1,-0.45354518849534975
2026-08-08,2024,2024-09-16,-0.680130611826845,1,-0.680130611826845
2026-08-08,2024,2024-09-17,-0.5215208154947985,1,-0.5215208154947983
2026-08-08,2024,2024-09-18,-0.544179357827948,1,-0.5441793578279479
2026-08-08,2024,2024-09-19,0.5660892164963779,1,0.5660892164963784
2026-08-08,2024,2024-09-20,-0.2949353921633034,1,-0.2949353921633031
2026-08-08,2024,2024-09-21,-0.680130611826845,1,-0.680130611826845
2026-08-08,2024,2024-09-22,-0.7481062388262936,1,-0.7481062388262936
2026-08-08,2024,2024-09-23,-0.770764781159443,1,-0.770764781159443
2026-08-08,2024,2024-09-24,-0.7934233234925926,1,-0.7934233234925926
2026-08-08,2024,2024-09-25,-0.770764781159443,1,-0.770764781159443
2026-08-08,2024,2024-09-26,-0.7934233234925926,1,-0.7934233234925926
2026-08-08,2024,2024-09-27,-0.816081865825742,1,-0.816081865825742
2026-08-08,2024,2024-09-28,-0.7934233234925926,1,-0.7934233234925926
2026-08-08,2024,2024-09-29,-0.7934233234925926,1,-0.7934233234925926
2026-08-08,2024,2024-09-30,-0.770764781159443,1,-0.770764781159443
2026-08-08,2025,2025-05-01,-0.8547569963569218,1,-0.8547569963569217
2026-08-08,2025,2025-05-02,-0.8943431996918945,1,-0.8943431996918944
2026-08-08,2025,2025-05-03,-0.9735156063618398,1,-0.9735156063618396
2026-08-08,2025,2025-05-04,-1.0131018096968125,1,-1.0131018096968125
2026-08-08,2025,2025-05-05,-0.9339294030268671,1,-0.933929403026867
2026-08-08,2025,2025-05-06,-0.9735156063618398,1,-0.9735156063618396
2026-08-08,2025,2025-05-07,-0.8547569963569218,1,-0.8547569963569217
2026-08-08,2025,2025-05-08,-0.8151707930219492,1,-0.8151707930219491
2026-08-08,2025,2025-05-09,-0.8547569963569218,1,-0.8547569963569217
2026-08-08,2025,2025-05-10,-1.0131018096968125,1,-1.0131018096968125
2026-08-08,2025,2025-05-11,-0.9339294030268671,1,-0.933929403026867
2026-08-08,2025,2025-05-12,-0.8547569963569218,1,-0.8547569963569217
2026-08-08,2025,2025-05-13,-0.6964121830170313,1,-0.6964121830170311
2026-08-08,2025,2025-05-14,-0.6568259796820587,1,-0.6568259796820585
2026-08-08,2025,2025-05-15,-0.6964121830170313,1,-0.6964121830170311
2026-08-08,2025,2025-05-16,-0.735998386352004,1,-0.7359983863520038
2026-08-08,2025,2025-05-17,-0.8943431996918945,1,-0.8943431996918944
2026-08-08,2025,2025-05-18,-0.8547569963569218,1,-0.8547569963569217
2026-08-08,2025,2025-05-19,-0.6568259796820587,1,-0.6568259796820585
2026-08-08,2025,2025-05-20,-0.3401363530022775,1,-0.3401363530022773
2026-08-08,2025,2025-05-21,-0.30055014966730487,1,-0.30055014966730464
2026-08-08,2025,2025-05-22,-0.45889496300719546,1,-0.4588949630071953
2026-08-08,2025,2025-05-23,-0.6568259796820587,1,-0.6568259796820585
2026-08-08,2025,2025-05-24,-0.9735156063618398,1,-0.9735156063618396
2026-08-08,2025,2025-05-25,-0.9339294030268671,1,-0.933929403026867
2026-08-08,2025,2025-05-26,-0.6964121830170313,1,-0.6964121830170311
2026-08-08,2025,2025-05-27,-0.735998386352004,1,-0.7359983863520038
2026-08-08,2025,2025-05-28,-0.5776535730121134,1,-0.5776535730121132
2026-08-08,2025,2025-05-29,-0.6568259796820587,1,-0.6568259796820585
2026-08-08,2025,2025-05-30,-0.6964121830170313,1,-0.6964121830170311
2026-08-08,2025,2025-05-31,-0.9339294030268671,1,-0.933929403026867
2026-08-08,2025,2025-06-01,-0.7755845896869765,1,-0.7755845896869764
2026-08-08,2025,2025-06-02,-0.45889496300719546,1,-0.4588949630071953
2026-08-08,2025,2025-06-03,-0.4984811663421681,1,-0.49848116634216794
2026-08-08,2025,2025-06-04,-0.45889496300719546,1,-0.4588949630071953
2026-08-08,2025,2025-06-05,-0.4193087596722228,1,-0.41930875967222264
2026-08-08,2025,2025-06-06,-0.53806736967714075,1,-0.5380673696771405
2026-08-08,2025,2025-06-07,-0.6964121830170313,1,-0.6964121830170311
2026-08-08,2025,2025-06-08,-0.735998386352004,1,-0.7359983863520038
2026-08-08,2025,2025-06-09,-0.5776535730121134,1,-0.5776535730121132
2026-08-08,2025,2025-06-10,-0.6568259796820587,1,-0.6568259796820585
2026-08-08,2025,2025-06-11,-0.735998386352004,1,-0.7359983863520038
2026-08-08,2025,2025-06-12,-0.617239776347086,1,-0.6172397763470858
2026-08-08,2025,2025-06-13,-0.6964121830170313,1,-0.6964121830170311
2026-08-08,2025,2025-06-14,-0.8943431996918945,1,-0.8943431996918944
2026-08-08,2025,2025-06-15,-0.4984811663421681,1,-0.49848116634216794
2026-08-08,2025,2025-06-16,0.29324290035728473,1,0.29324290035728506
2026-08-08,2025,2025-06-17,1.0057945603867924,1,1.0057945603867928
2026-08-08,2025,2025-06-18,0.926622153716847,1,0.9266221537168475
2026-08-08,2025,2025-06-19,0.5703463237020933,1,0.5703463237020937
2026-08-08,2025,2025-06-20,0.01613947701247625,1,0.016139477012476543
2026-08-08,2025,2025-06-21,-0.18179153966238695,1,-0.1817915396623867
2026-08-08,2025,2025-06-22,0.01613947701247625,1,0.016139477012476543
2026-08-08,2025,2025-06-23,-0.10261913299244167,1,-0.10261913299244141
2026-08-08,2025,2025-06-24,-0.37972255633725016,1,-0.37972255633725
2026-08-08,2025,2025-06-25,-0.4193087596722228,1,-0.41930875967222264
2026-08-08,2025,2025-06-26,-0.30055014966730487,1,-0.30055014966730464
2026-08-08,2025,2025-06-27,-0.2213777429973596,1,-0.22137774299735938
2026-08-08,2025,2025-06-28,-0.1422053363274143,1,-0.14220533632741406
2026-08-08,2025,2025-06-29,-0.023446726322496392,1,-0.023446726322496107
2026-08-08,2025,2025-06-30,0.17448429035236682,1,0.17448429035236712
2026-08-08,2025,2025-07-01,0.13489808701739417,1,0.13489808701739447
2026-08-08,2025,2025-07-02,0.09531188368242154,1,0.09531188368242186
2026-08-08,2025,2025-07-03,0.01613947701247625,1,0.016139477012476543
2026-08-08,2025,2025-07-04,0.05572568034744889,1,0.055725680347449194
2026-08-08,2025,2025-07-05,2.114208253766026,1,2.114208253766027
2026-08-08,2025,2025-07-06,2.4308978804458072,1,2.430897880445808
2026-08-08,2025,2025-07-07,2.9059323204654794,1,2.9059323204654803
2026-08-08,2025,2025-07-08,2.747587507125589,1,2.7475875071255897
2026-08-08,2025,2025-07-09,2.351725473775862,1,2.351725473775863
2026-08-08,2025,2025-07-10,0.926622153716847,1,0.9266221537168475
2026-08-08,2025,2025-07-11,-0.3401363530022775,1,-0.3401363530022773
2026-08-08,2025,2025-07-12,-0.6568259796820587,1,-0.6568259796820585
2026-08-08,2025,2025-07-13,-0.4193087596722228,1,-0.41930875967222264
2026-08-08,2025,2025-07-14,-0.37972255633725016,1,-0.37972255633725
2026-08-08,2025,2025-07-15,-0.45889496300719546,1,-0.4588949630071953
2026-08-08,2025,2025-07-16,-0.617239776347086,1,-0.6172397763470858
2026-08-08,2025,2025-07-17,-0.37972255633725016,1,-0.37972255633725
2026-08-08,2025,2025-07-18,-0.4193087596722228,1,-0.41930875967222264
2026-08-08,2025,2025-07-19,-0.37972255633725016,1,-0.37972255633725
2026-08-08,2025,2025-07-20,1.0057945603867924,1,1.0057945603867928
2026-08-08,2025,2025-07-21,1.7579324237512726,1,1.7579324237512732
2026-08-08,2025,2025-07-22,2.0746220504310537,1,2.0746220504310546
2026-08-08,2025,2025-07-23,1.8371048304212176,1,1.8371048304212183
2026-08-08,2025,2025-07-24,1.8371048304212176,1,1.8371048304212183
2026-08-08,2025,2025-07-25,1.916277237091163,1,1.9162772370911636
2026-08-08,2025,2025-07-26,0.6891049337070112,1,0.6891049337070116
2026-08-08,2025,2025-07-27,0.9662083570518196,1,0.9662083570518202
2026-08-08,2025,2025-07-28,1.7183462204162998,1,1.7183462204163005
2026-08-08,2025,2025-07-29,0.6495187303720386,1,0.649518730372039
2026-08-08,2025,2025-07-30,-0.10261913299244167,1,-0.10261913299244141
2026-08-08,2025,2025-07-31,-0.2609639463323322,1,-0.260963946332332
2026-08-08,2025,2025-08-01,-0.4193087596722228,1,-0.41930875967222264
2026-08-08,2025,2025-08-02,0.41200151036220267,1,0.41200151036220306
2026-08-08,2025,2025-08-03,1.8766910337561904,1,1.876691033756191
2026-08-08,2025,2025-08-04,1.916277237091163,1,1.9162772370911636
2026-08-08,2025,2025-08-05,2.5892426937856983,1,2.589242693785699
2026-08-08,2025,2025-08-06,2.5892426937856983,1,2.589242693785699
2026-08-08,2025,2025-08-07,0.6891049337070112,1,0.6891049337070116
2026-08-08,2025,2025-08-08,-0.1422053363274143,1,-0.14220533632741406
2026-08-08,2025,2025-08-09,-0.4984811663421681,1,-0.49848116634216794
2026-08-08,2025,2025-08-10,-0.735998386352004,1,-0.7359983863520038
2026-08-08,2025,2025-08-11,-0.735998386352004,1,-0.7359983863520038
2026-08-08,2025,2025-08-12,-0.6964121830170313,1,-0.6964121830170311
2026-08-08,2025,2025-08-13,-0.53806736967714075,1,-0.5380673696771405
2026-08-08,2025,2025-08-14,-0.617239776347086,1,-0.6172397763470858
2026-08-08,2025,2025-08-15,-0.53806736967714075,1,-0.5380673696771405
2026-08-08,2025,2025-08-16,0.5703463237020933,1,0.5703463237020937
2026-08-08,2025,2025-08-17,1.317685836503169,1,1.3176858365031694
2026-08-08,2025,2025-08-18,1.6725621508589945,1,1.6725621508589952
2026-08-08,2025,2025-08-19,1.2842974733473402,1,1.2842974733473407
2026-08-08,2025,2025-08-20,1.5254134367473384,1,1.525413436747339
2026-08-08,2025,2025-08-21,1.029586248459,1,1.0295862484590004
2026-08-08,2025,2025-08-22,1.1099582362589993,1,1.1099582362589997
2026-08-08,2025,2025-08-23,1.4116530857915102,1,1.4116530857915106
2026-08-08,2025,2025-08-24,1.6391737877031662,1,1.639173787703167
2026-08-08,2025,2025-08-25,1.203925485547341,1,1.2039254855473414
2026-08-08,2025,2025-08-26,1.0097931467915136,1,1.009793146791514
2026-08-08,2025,2025-08-27,0.05892455467986357,1,0.05892455467986388
2026-08-08,2025,2025-08-28,-0.5370677230759604,1,-0.5370677230759602
2026-08-08,2025,2025-08-29,0.36681724439151886,1,0.3668172443915192
2026-08-08,2025,2025-08-30,1.3510741996589972,1,1.3510741996589977
2026-08-08,2025,2025-08-31,1.384462562814826,1,1.3844625628148264
2026-08-08,2025,2025-09-01,1.0765698731031708,1,1.0765698731031712
2026-08-08,2025,2025-09-02,0.9492142606590005,1,0.949214260659001
2026-08-08,2025,2025-09-03,0.011940930035692885,1,0.011940930035693178
2026-08-08,2025,2025-09-04,-0.7312000618317878,1,-0.7312000618317875
2026-08-08,2025,2025-09-05,-0.8115720496317871,1,-0.811572049631787
2026-08-08,2025,2025-09-06,-0.7645884249876163,1,-0.7645884249876161
2026-08-08,2025,2025-09-07,0.03493290603559389,1,0.03493290603559419
2026-08-08,2025,2025-09-08,1.0409822561729194,1,1.0409822561729198
2026-08-08,2025,2025-09-09,-0.2097818007545664,1,-0.20978180075456618
2026-08-08,2025,2025-09-10,-0.7264017373115714,1,-0.7264017373115712
2026-08-08,2025,2025-09-11,-0.8079733062416248,1,-0.8079733062416247
2026-08-08,2025,2025-09-12,-0.8895448751716782,1,-0.8895448751716781
2026-08-08,2025,2025-09-13,-0.8623543521949938,1,-0.8623543521949937
2026-08-08,2025,2025-09-14,-0.8079733062416248,1,-0.8079733062416247
2026-08-08,2025,2025-09-15,-0.7807827832649402,1,-0.7807827832649401
2026-08-08,2025,2025-09-16,-0.10101970884782852,1,-0.10101970884782825
2026-08-08,2025,2025-09-17,0.850648595336128,1,0.8506485953361286
2026-08-08,2025,2025-09-18,-0.10101970884782852,1,-0.10101970884782825
2026-08-08,2025,2025-09-19,-0.8623543521949938,1,-0.8623543521949937
2026-08-08,2025,2025-09-20,-0.1554007548011974,1,-0.15540075480119714
2026-08-08,2025,2025-09-21,-0.1825912777778819,1,-0.18259127777788164
2026-08-08,2025,2025-09-22,-0.9167353981483627,1,-0.9167353981483626
2026-08-08,2025,2025-09-23,-0.9439259211250471,1,-0.943925921125047
2026-08-08,2025,2025-09-24,-0.9167353981483627,1,-0.9167353981483626
2026-08-08,2025,2025-09-25,-0.9167353981483627,1,-0.9167353981483626
2026-08-08,2025,2025-09-26,-0.9167353981483627,1,-0.9167353981483626
2026-08-08,2025,2025-09-27,-0.9711164441017317,1,-0.9711164441017316
2026-08-08,2025,2025-09-28,-0.9439259211250471,1,-0.943925921125047
2026-08-08,2025,2025-09-29,-0.9167353981483627,1,-0.9167353981483626
2026-08-08,2025,2025-09-30,-0.9439259211250471,1,-0.943925921125047
2026-08-09,2021,2021-05-01,-0.9672287366331453,1,-0.967228736633145
2026-08-09,2021,2021-05-02,-0.9672287366331453,1,-0.967228736633145
2026-08-09,2021,2021-05-03,-0.9672287366331453,1,-0.967228736633145
2026-08-09,2021,2021-05-04,-0.6686984173359957,1,-0.6686984173359953
2026-08-09,2021,2021-05-05,-0.9672287366331453,1,-0.967228736633145
2026-08-09,2021,2021-05-06,-0.618943364119804,1,-0.6189433641198037
2026-08-09,2021,2021-05-07,-0.5940658375117083,1,-0.5940658375117079
2026-08-09,2021,2021-05-08,-0.6935759439440915,1,-0.6935759439440912
2026-08-09,2021,2021-05-09,-0.27065799160646276,1,-0.2706579916064624
2026-08-09,2021,2021-05-10,-0.4199231512550376,1,-0.41992315125503726
2026-08-09,2021,2021-05-11,-0.6438208907278998,1,-0.6438208907278995
2026-08-09,2021,2021-05-12,-0.4696782044712292,1,-0.4696782044712289
2026-08-09,2021,2021-05-13,-0.6438208907278998,1,-0.6438208907278995
2026-08-09,2021,2021-05-14,-0.4199231512550376,1,-0.41992315125503726
2026-08-09,2021,2021-05-15,-0.4696782044712292,1,-0.4696782044712289
2026-08-09,2021,2021-05-16,-0.7433309971602831,1,-0.7433309971602827
2026-08-09,2021,2021-05-17,-0.22090293839027114,1,-0.22090293839027084
2026-08-09,2021,2021-05-18,-0.5443107842955166,1,-0.5443107842955163
2026-08-09,2021,2021-05-19,-0.618943364119804,1,-0.6189433641198037
2026-08-09,2021,2021-05-20,-0.618943364119804,1,-0.6189433641198037
2026-08-09,2021,2021-05-21,-0.5443107842955166,1,-0.5443107842955163
2026-08-09,2021,2021-05-22,-0.9672287366331453,1,-0.967228736633145
2026-08-09,2021,2021-05-23,-0.5691883109036124,1,-0.5691883109036121
2026-08-09,2021,2021-05-24,-0.32041304482265437,1,-0.32041304482265404
2026-08-09,2021,2021-05-25,-0.24578046499836695,1,-0.24578046499836664
2026-08-09,2021,2021-05-26,-0.39504562464694176,1,-0.39504562464694143
2026-08-09,2021,2021-05-27,-0.5691883109036124,1,-0.5691883109036121
2026-08-09,2021,2021-05-28,-0.5443107842955166,1,-0.5443107842955163
2026-08-09,2021,2021-05-29,-0.5194332576874208,1,-0.5194332576874204
2026-08-09,2021,2021-05-30,-0.618943364119804,1,-0.6189433641198037
2026-08-09,2021,2021-05-31,-0.19602541178217534,1,-0.19602541178217503
2026-08-09,2021,2021-06-01,-0.19602541178217534,1,-0.19602541178217503
2026-08-09,2021,2021-06-02,-0.4696782044712292,1,-0.4696782044712289
2026-08-09,2021,2021-06-03,-0.34529057143075015,1,-0.3452905714307498
2026-08-09,2021,2021-06-04,-0.5940658375117083,1,-0.5940658375117079
2026-08-09,2021,2021-06-05,-0.618943364119804,1,-0.6189433641198037
2026-08-09,2021,2021-06-06,-0.5194332576874208,1,-0.5194332576874204
2026-08-09,2021,2021-06-07,-0.021882725525504684,1,-0.02188272552550437
2026-08-09,2021,2021-06-08,0.6995655461092737,1,0.699565546109274
2026-08-09,2021,2021-06-09,0.923463285582136,1,0.9234632855821363
2026-08-09,2021,2021-06-10,1.047850918622615,1,1.0478509186226153
2026-08-09,2021,2021-06-11,0.5751779130687947,1,0.5751779130687951
2026-08-09,2021,2021-06-12,-0.021882725525504684,1,-0.02188272552550437
2026-08-09,2021,2021-06-13,0.07762738090687854,1,0.07762738090687886
2026-08-09,2021,2021-06-14,-0.27065799160646276,1,-0.2706579916064624
2026-08-09,2021,2021-06-15,-0.09651530534979211,1,-0.09651530534979179
2026-08-09,2021,2021-06-16,-0.5194332576874208,1,-0.5194332576874204
2026-08-09,2021,2021-06-17,-0.32041304482265437,1,-0.32041304482265404
2026-08-09,2021,2021-06-18,-0.494555731079325,1,-0.49455573107932466
2026-08-09,2021,2021-06-19,-0.618943364119804,1,-0.6189433641198037
2026-08-09,2021,2021-06-20,-0.4448006778631334,1,-0.44480067786313304
2026-08-09,2021,2021-06-21,-0.22090293839027114,1,-0.22090293839027084
2026-08-09,2021,2021-06-22,-0.19602541178217534,1,-0.19602541178217503
2026-08-09,2021,2021-06-23,-0.34529057143075015,1,-0.3452905714307498
2026-08-09,2021,2021-06-24,-0.41322339990858814,1,-0.4132233999085878
2026-08-09,2021,2021-06-25,-0.4661361809202343,1,-0.46613618092023396
2026-08-09,2021,2021-06-26,-0.5190489619318804,1,-0.5190489619318801
2026-08-09,2021,2021-06-27,-0.5190489619318804,1,-0.5190489619318801
2026-08-09,2021,2021-06-28,-0.24204629356960192,1,-0.2420462935696016
2026-08-09,2021,2021-06-29,-0.1891335125579558,1,-0.1891335125579555
2026-08-09,2021,2021-06-30,-0.41322339990858814,1,-0.4132233999085878
2026-08-09,2021,2021-07-01,-0.41322339990858814,1,-0.4132233999085878
2026-08-09,2021,2021-07-02,-0.6124357606511248,1,-0.6124357606511245
2026-08-09,2021,2021-07-03,-0.7431388492825128,1,-0.7431388492825125
2026-08-09,2021,2021-07-04,-0.6777873049668188,1,-0.6777873049668185
2026-08-09,2021,2021-07-05,-0.4007846366045403,1,-0.40078463660453995
2026-08-09,2021,2021-07-06,-0.07086918723061553,1,-0.07086918723061521
2026-08-09,2021,2021-07-07,-0.12378196824226166,1,-0.12378196824226134
2026-08-09,2021,2021-07-08,-0.360310618896942,1,-0.36031061889694166
2026-08-09,2021,2021-07-09,-0.2949590745812481,1,-0.29495907458124776
2026-08-09,2021,2021-07-10,1.5101987875278595,1,1.5101987875278597
2026-08-09,2021,2021-07-11,0.6262780014293776,1,0.626278001429378
2026-08-09,2021,2021-07-12,1.220757355861533,1,1.2207573558615332
2026-08-09,2021,2021-07-13,0.38974935077469713,1,0.38974935077469747
2026-08-09,2021,2021-07-14,0.04739513809672466,1,0.04739513809672497
2026-08-09,2021,2021-07-15,0.3784634747372702,1,0.37846347473727054
2026-08-09,2021,2021-07-16,1.2755916156508809,1,1.275591615650881
2026-08-09,2021,2021-07-17,1.4998736508792834,1,1.4998736508792836
2026-08-09,2021,2021-07-18,2.565213318214196,1,2.5652133182141963
2026-08-09,2021,2021-07-19,4.63982214407692,1,4.63982214407692
2026-08-09,2021,2021-07-20,3.2380594238994034,1,3.238059423899404
2026-08-09,2021,2021-07-21,2.340931282985793,1,2.3409312829857933
2026-08-09,2021,2021-07-22,2.2848607741786924,1,2.284860774178693
2026-08-09,2021,2021-07-23,2.228790265371592,1,2.2287902653715923
2026-08-09,2021,2021-07-24,1.7802261949147864,1,1.7802261949147866
2026-08-09,2021,2021-07-25,1.555944159686384,1,1.5559441596863843
2026-08-09,2021,2021-07-26,0.8270275451940755,1,0.8270275451940758
2026-08-09,2021,2021-07-27,0.43453398354437084,1,0.43453398354437117
2026-08-09,2021,2021-07-28,0.8830980540011761,1,0.8830980540011765
2026-08-09,2021,2021-07-29,0.7709570363869749,1,0.7709570363869752
2026-08-09,2021,2021-07-30,0.7709570363869749,1,0.7709570363869752
2026-08-09,2021,2021-07-31,1.1634505980366794,1,1.1634505980366796
2026-08-09,2021,2021-08-01,1.555944159686384,1,1.5559441596863843
2026-08-09,2021,2021-08-02,2.1166492477573904,1,2.116649247757391
2026-08-09,2021,2021-08-03,2.172719756564491,1,2.1727197565644913
2026-08-09,2021,2021-08-04,2.9016363710568,1,2.9016363710568003
2026-08-09,2021,2021-08-05,2.228790265371592,1,2.2287902653715923
2026-08-09,2021,2021-08-06,1.6680851773005854,1,1.6680851773005856
2026-08-09,2021,2021-08-07,0.5466750011585721,1,0.5466750011585725
2026-08-09,2021,2021-08-08,0.21025194831596838,1,0.2102519483159687
2026-08-09,2021,2021-08-09,0.8270275451940755,1,0.8270275451940758
2026-08-09,2021,2021-08-10,2.004508230143189,1,2.0045082301431894
2026-08-09,2021,2021-08-11,1.1073800892295789,1,1.107380089229579
2026-08-09,2021,2021-08-12,0.0420404218946664,1,0.04204042189466671
2026-08-09,2021,2021-08-13,-0.4625941573692395,1,-0.46259415736923915
2026-08-09,2021,2021-08-14,-0.7429467014047427,1,-0.7429467014047424
2026-08-09,2021,2021-08-15,-0.7429467014047427,1,-0.7429467014047424
2026-08-09,2021,2021-08-16,-0.6308056837905415,1,-0.6308056837905411
2026-08-09,2021,2021-08-17,-0.3512932889423589,1,-0.35129328894235856
2026-08-09,2021,2021-08-18,-0.06917194803919224,1,-0.06917194803919192
2026-08-09,2021,2021-08-19,0.08590634961416643,1,0.08590634961416675
2026-08-09,2021,2021-08-20,0.006178329326163154,1,0.0061783293261634675
2026-08-09,2021,2021-08-21,-0.005650426414288067,1,-0.0056504264142877535
2026-08-09,2021,2021-08-22,0.09773510535461748,1,0.0977351053546178
2026-08-09,2021,2021-08-23,-0.24790775717345334,1,-0.24790775717345304
2026-08-09,2021,2021-08-24,-0.120864713923645,1,-0.12086471392364469
2026-08-09,2021,2021-08-25,0.22477814860442583,1,0.22477814860442613
2026-08-09,2021,2021-08-26,1.3931275223610946,1,1.3931275223610948
2026-08-09,2021,2021-08-27,0.9440991280641178,1,0.9440991280641181
2026-08-09,2021,2021-08-28,1.111006181457928,1,1.1110061814579282
2026-08-09,2021,2021-08-29,0.16125662697952164,1,0.16125662697952195
2026-08-09,2021,2021-08-30,0.4552067236231397,1,0.45520672362314
2026-08-09,2021,2021-08-31,-0.24790775717345334,1,-0.24790775717345304
2026-08-09,2021,2021-09-01,-0.6334146298455258,1,-0.6334146298455254
2026-08-09,2021,2021-09-02,-0.6969361514704299,1,-0.6969361514704295
2026-08-09,2021,2021-09-03,-0.6969361514704299,1,-0.6969361514704295
2026-08-09,2021,2021-09-04,-0.7368001616144314,1,-0.7368001616144311
2026-08-09,2021,2021-09-05,-0.9672287366331453,1,-0.967228736633145
2026-08-09,2021,2021-09-06,-0.8003216832393356,1,-0.8003216832393353
2026-08-09,2021,2021-09-07,-0.7779686447859252,1,-0.7779686447859249
2026-08-09,2021,2021-09-08,-0.7779686447859252,1,-0.7779686447859249
2026-08-09,2021,2021-09-09,-0.8016261562668278,1,-0.8016261562668274
2026-08-09,2021,2021-09-10,-0.7306536218241201,1,-0.7306536218241197
2026-08-09,2021,2021-09-11,-0.6833385988623151,1,-0.6833385988623147
2026-08-09,2021,2021-09-12,-0.7779686447859252,1,-0.7779686447859249
2026-08-09,2021,2021-09-13,-0.6596810873814125,1,-0.6596810873814122
2026-08-09,2021,2021-09-14,-0.7779686447859252,1,-0.7779686447859249
2026-08-09,2021,2021-09-15,-0.6596810873814125,1,-0.6596810873814122
2026-08-09,2021,2021-09-16,-0.7779686447859252,1,-0.7779686447859249
2026-08-09,2021,2021-09-17,-0.8016261562668278,1,-0.8016261562668274
2026-08-09,2021,2021-09-18,-0.9672287366331453,1,-0.967228736633145
2026-08-09,2021,2021-09-19,-0.7306536218241201,1,-0.7306536218241197
2026-08-09,2021,2021-09-20,-0.6360235759005101,1,-0.6360235759005097
2026-08-09,2021,2021-09-21,-0.7543111333050226,1,-0.7543111333050223
2026-08-09,2021,2021-09-22,-0.7069961103432176,1,-0.7069961103432173
2026-08-09,2021,2021-09-23,-0.4231059725723873,1,-0.42310597257238697
2026-08-09,2021,2021-09-24,-0.6123660644196075,1,-0.6123660644196072
2026-08-09,2021,2021-09-25,-0.9672287366331453,1,-0.967228736633145
2026-08-09,2021,2021-09-26,-0.9672287366331453,1,-0.967228736633145
2026-08-09,2021,2021-09-27,-0.7779686447859252,1,-0.7779686447859249
2026-08-09,2021,2021-09-28,-0.9672287366331453,1,-0.967228736633145
2026-08-09,2021,2021-09-29,-0.9672287366331453,1,-0.967228736633145
2026-08-09,2021,2021-09-30,-0.9672287366331453,1,-0.967228736633145
2026-08-09,2022,2022-05-01,-0.767015611658119,1,-0.7670156116581195
2026-08-09,2022,2022-05-02,-0.7123854513818461,1,-0.7123854513818465
2026-08-09,2022,2022-05-03,-0.6577552911055731,1,-0.6577552911055734
2026-08-09,2022,2022-05-04,-0.6577552911055731,1,-0.6577552911055734
2026-08-09,2022,2022-05-05,-0.6031251308293001,1,-0.6031251308293004
2026-08-09,2022,2022-05-06,-0.6031251308293001,1,-0.6031251308293004
2026-08-09,2022,2022-05-07,-0.6577552911055731,1,-0.6577552911055734
2026-08-09,2022,2022-05-08,-0.6577552911055731,1,-0.6577552911055734
2026-08-09,2022,2022-05-09,-0.6577552911055731,1,-0.6577552911055734
2026-08-09,2022,2022-05-10,-0.6577552911055731,1,-0.6577552911055734
2026-08-09,2022,2022-05-11,-0.6031251308293001,1,-0.6031251308293004
2026-08-09,2022,2022-05-12,-0.6577552911055731,1,-0.6577552911055734
2026-08-09,2022,2022-05-13,-0.6577552911055731,1,-0.6577552911055734
2026-08-09,2022,2022-05-14,-0.6577552911055731,1,-0.6577552911055734
2026-08-09,2022,2022-05-15,-0.7123854513818461,1,-0.7123854513818465
2026-08-09,2022,2022-05-16,-0.7123854513818461,1,-0.7123854513818465
2026-08-09,2022,2022-05-17,-0.6031251308293001,1,-0.6031251308293004
2026-08-09,2022,2022-05-18,-0.5484949705530271,1,-0.5484949705530274
2026-08-09,2022,2022-05-19,-0.5484949705530271,1,-0.5484949705530274
2026-08-09,2022,2022-05-20,-0.5484949705530271,1,-0.5484949705530274
2026-08-09,2022,2022-05-21,-0.6577552911055731,1,-0.6577552911055734
2026-08-09,2022,2022-05-22,-0.6031251308293001,1,-0.6031251308293004
2026-08-09,2022,2022-05-23,-0.5484949705530271,1,-0.5484949705530274
2026-08-09,2022,2022-05-24,-0.49386481027675405,1,-0.49386481027675433
2026-08-09,2022,2022-05-25,-0.49386481027675405,1,-0.49386481027675433
2026-08-09,2022,2022-05-26,-0.43923465000048106,1,-0.4392346500004813
2026-08-09,2022,2022-05-27,-0.43923465000048106,1,-0.4392346500004813
2026-08-09,2022,2022-05-28,-0.2207140088953891,1,-0.22071400889538925
2026-08-09,2022,2022-05-29,0.2709574335910678,1,0.27095743359106794
2026-08-09,2022,2022-05-30,-0.0021933677902971575,1,-0.0021933677902971804
2026-08-09,2022,2022-05-31,-0.43923465000048106,1,-0.4392346500004813
2026-08-09,2022,2022-06-01,-0.3846044897242081,1,-0.3846044897242083
2026-08-09,2022,2022-06-02,-0.2753441691716621,1,-0.27534416917166227
2026-08-09,2022,2022-06-03,-0.3846044897242081,1,-0.3846044897242083
2026-08-09,2022,2022-06-04,-0.49386481027675405,1,-0.49386481027675433
2026-08-09,2022,2022-06-05,-0.5484949705530271,1,-0.5484949705530274
2026-08-09,2022,2022-06-06,-0.5484949705530271,1,-0.5484949705530274
2026-08-09,2022,2022-06-07,-0.6031251308293001,1,-0.6031251308293004
2026-08-09,2022,2022-06-08,-0.49386481027675405,1,-0.49386481027675433
2026-08-09,2022,2022-06-09,-0.5484949705530271,1,-0.5484949705530274
2026-08-09,2022,2022-06-10,-0.5484949705530271,1,-0.5484949705530274
2026-08-09,2022,2022-06-11,-0.6577552911055731,1,-0.6577552911055734
2026-08-09,2022,2022-06-12,-0.5484949705530271,1,-0.5484949705530274
2026-08-09,2022,2022-06-13,-0.49386481027675405,1,-0.49386481027675433
2026-08-09,2022,2022-06-14,-0.6031251308293001,1,-0.6031251308293004
2026-08-09,2022,2022-06-15,-0.5484949705530271,1,-0.5484949705530274
2026-08-09,2022,2022-06-16,-0.5484949705530271,1,-0.5484949705530274
2026-08-09,2022,2022-06-17,-0.2207140088953891,1,-0.22071400889538925
2026-08-09,2022,2022-06-18,-0.43923465000048106,1,-0.4392346500004813
2026-08-09,2022,2022-06-19,0.05243679248597583,1,0.05243679248597584
2026-08-09,2022,2022-06-20,0.2709574335910678,1,0.27095743359106794
2026-08-09,2022,2022-06-21,-0.05682352806657014,1,-0.0568235280665702
2026-08-09,2022,2022-06-22,-0.16608384861911613,1,-0.16608384861911624
2026-08-09,2022,2022-06-23,-0.16608384861911613,1,-0.16608384861911624
2026-08-09,2022,2022-06-24,0.7626288760775247,1,0.7626288760775252
2026-08-09,2022,2022-06-25,2.0191225624318037,1,2.019122562431805
2026-08-09,2022,2022-06-26,2.1283828829843494,1,2.1283828829843507
2026-08-09,2022,2022-06-27,3.0570956076809903,1,3.057095607680992
2026-08-09,2022,2022-06-28,3.60339721044372,1,3.603397210443722
2026-08-09,2022,2022-06-29,4.204328973482723,1,4.204328973482726
2026-08-09,2022,2022-06-30,4.69600041596918,1,4.696000415969182
2026-08-09,2022,2022-07-01,3.712657530996266,1,3.7126575309962684
2026-08-09,2022,2022-07-02,2.6746844857470795,1,2.674684485747081
2026-08-09,2022,2022-07-03,1.5820812802216195,1,1.5820812802216204
2026-08-09,2022,2022-07-04,0.8718891966300707,1,0.8718891966300711
2026-08-09,2022,2022-07-05,0.7079987158012517,1,0.7079987158012522
2026-08-09,2022,2022-07-06,0.43484791441988674,1,0.43484791441988696
2026-08-09,2022,2022-07-07,0.4894780746961597,1,0.48947807469616
2026-08-09,2022,2022-07-08,0.05243679248597583,1,0.05243679248597584
2026-08-09,2022,2022-07-09,0.2709574335910678,1,0.27095743359106794
2026-08-09,2022,2022-07-10,0.5441082349724328,1,0.5441082349724331
2026-08-09,2022,2022-07-11,0.6533685555249787,1,0.6533685555249791
2026-08-09,2022,2022-07-12,0.10706695276224883,1,0.10706695276224885
2026-08-09,2022,2022-07-13,-0.05682352806657014,1,-0.0568235280665702
2026-08-09,2022,2022-07-14,-0.3299743294479351,1,-0.32997432944793526
2026-08-09,2022,2022-07-15,-0.3846044897242081,1,-0.3846044897242083
2026-08-09,2022,2022-07-16,-0.43923465000048106,1,-0.4392346500004813
2026-08-09,2022,2022-07-17,0.05243679248597583,1,0.05243679248597584
2026-08-09,2022,2022-07-18,0.38021775414361375,1,0.380217754143614
2026-08-09,2022,2022-07-19,0.05243679248597583,1,0.05243679248597584
2026-08-09,2022,2022-07-20,0.2709574335910678,1,0.27095743359106794
2026-08-09,2022,2022-07-21,0.2163272733147948,1,0.21632727331479487
2026-08-09,2022,2022-07-22,0.2163272733147948,1,0.21632727331479487
2026-08-09,2022,2022-07-23,0.5987383952487058,1,0.5987383952487061
2026-08-09,2022,2022-07-24,0.6533685555249787,1,0.6533685555249791
2026-08-09,2022,2022-07-25,0.5441082349724328,1,0.5441082349724331
2026-08-09,2022,2022-07-26,-0.05682352806657014,1,-0.0568235280665702
2026-08-09,2022,2022-07-27,0.32558759386734076,1,0.32558759386734093
2026-08-09,2022,2022-07-28,0.43484791441988674,1,0.43484791441988696
2026-08-09,2022,2022-07-29,0.6533685555249787,1,0.6533685555249791
2026-08-09,2022,2022-07-30,1.1450399980114356,1,1.1450399980114363
2026-08-09,2022,2022-07-31,1.7459717610504386,1,1.7459717610504395
2026-08-09,2022,2022-08-01,2.1283828829843494,1,2.1283828829843507
2026-08-09,2022,2022-08-02,2.8385749665758984,1,2.8385749665759
2026-08-09,2022,2022-08-03,2.1283828829843494,1,2.1283828829843507
2026-08-09,2022,2022-08-04,0.1616971130385218,1,0.16169711303852186
2026-08-09,2022,2022-08-05,-0.11145368834284314,1,-0.11145368834284322
2026-08-09,2022,2022-08-06,-0.05682352806657014,1,-0.0568235280665702
2026-08-09,2022,2022-08-07,0.1616971130385218,1,0.16169711303852186
2026-08-09,2022,2022-08-08,0.5987383952487058,1,0.5987383952487061
2026-08-09,2022,2022-08-09,0.8172590363537977,1,0.8172590363537982
2026-08-09,2022,2022-08-10,0.5987383952487058,1,0.5987383952487061
2026-08-09,2022,2022-08-11,0.5987383952487058,1,0.5987383952487061
2026-08-09,2022,2022-08-12,0.10706695276224883,1,0.10706695276224885
2026-08-09,2022,2022-08-13,-0.3299743294479351,1,-0.32997432944793526
2026-08-09,2022,2022-08-14,0.10706695276224883,1,0.10706695276224885
2026-08-09,2022,2022-08-15,0.32558759386734076,1,0.32558759386734093
2026-08-09,2022,2022-08-16,0.2163272733147948,1,0.21632727331479487
2026-08-09,2022,2022-08-17,-0.16608384855471045,1,-0.16608384855471056
2026-08-09,2022,2022-08-18,-0.3272728379582822,1,-0.3272728379582824
2026-08-09,2022,2022-08-19,-0.28014682057285517,1,-0.28014682057285534
2026-08-09,2022,2022-08-20,-0.3239710150837338,1,-0.323971015083734
2026-08-09,2022,2022-08-21,-0.32066919220918544,1,-0.3206691922091856
2026-08-09,2022,2022-08-22,-0.2867504663219521,1,-0.2867504663219523
2026-08-09,2022,2022-08-23,-0.10905236254563812,1,-0.1090523625456382
2026-08-09,2022,2022-08-24,-0.17598931717835584,1,-0.17598931717835598
2026-08-09,2022,2022-08-25,-0.49836729598549934,1,-0.4983672959854996
2026-08-09,2022,2022-08-26,-0.48846182736185406,1,-0.48846182736185434
2026-08-09,2022,2022-08-27,-0.17598931717835584,1,-0.17598931717835598
2026-08-09,2022,2022-08-28,-0.5926193307563534,1,-0.5926193307563538
2026-08-09,2022,2022-08-29,-0.5520969591200233,1,-0.5520969591200237
2026-08-09,2022,2022-08-30,-0.6058266222545472,1,-0.6058266222545475
2026-08-09,2022,2022-08-31,-0.48846182736185406,1,-0.48846182736185434
2026-08-09,2022,2022-09-01,-0.5049709417345962,1,-0.5049709417345966
2026-08-09,2022,2022-09-02,-0.6529526396399743,1,-0.6529526396399746
2026-08-09,2022,2022-09-03,-0.6124302680036441,1,-0.6124302680036444
2026-08-09,2022,2022-09-04,-0.5082727646091446,1,-0.508272764609145
2026-08-09,2022,2022-09-05,-0.43143034135278174,1,-0.43143034135278197
2026-08-09,2022,2022-09-06,-0.3272728379582822,1,-0.3272728379582824
2026-08-09,2022,2022-09-07,-0.11985832824662687,1,-0.11985832824662697
2026-08-09,2022,2022-09-08,-0.3575895752141138,1,-0.357589575214114
2026-08-09,2022,2022-09-09,-0.5689062391852132,1,-0.5689062391852135
2026-08-09,2022,2022-09-10,-0.39721144970869493,1,-0.39721144970869515
2026-08-09,2022,2022-09-11,-0.628339050927085,1,-0.6283390509270853
2026-08-09,2022,2022-09-12,-0.5226807189415353,1,-0.5226807189415357
2026-08-09,2022,2022-09-13,-0.5094734274433416,1,-0.5094734274433419
2026-08-09,2022,2022-09-14,-0.49626613594514773,1,-0.496266135945148
2026-08-09,2022,2022-09-15,-0.6547536339234724,1,-0.6547536339234727
2026-08-09,2022,2022-09-16,-0.6217354051779881,1,-0.6217354051779884
2026-08-09,2022,2022-09-17,-0.582113530683407,1,-0.5821135306834073
2026-08-09,2022,2022-09-18,-0.6877718626689567,1,-0.6877718626689571
2026-08-09,2022,2022-09-19,-0.7009791541671504,1,-0.7009791541671508
2026-08-09,2022,2022-09-20,-0.7009791541671504,1,-0.7009791541671508
2026-08-09,2022,2022-09-21,-0.6811682169198598,1,-0.6811682169198602
2026-08-09,2022,2022-09-22,-0.767015611658119,1,-0.7670156116581195
2026-08-09,2022,2022-09-23,-0.767015611658119,1,-0.7670156116581195
2026-08-09,2022,2022-09-24,-0.767015611658119,1,-0.7670156116581195
2026-08-09,2022,2022-09-25,-0.6613572796725693,1,-0.6613572796725696
2026-08-09,2022,2022-09-26,-0.628339050927085,1,-0.6283390509270853
2026-08-09,2022,2022-09-27,-0.6811682169198598,1,-0.6811682169198602
2026-08-09,2022,2022-09-28,-0.6877718626689567,1,-0.6877718626689571
2026-08-09,2022,2022-09-29,-0.6679609254216662,1,-0.6679609254216665
2026-08-09,2022,2022-09-30,-0.6943755084180535,1,-0.6943755084180538
2026-08-09,2023,2023-05-01,-0.8834046218793606,1,-0.8834046218793609
2026-08-09,2023,2023-05-02,-0.9157602239776652,1,-0.9157602239776654
2026-08-09,2023,2023-05-03,-0.9157602239776652,1,-0.9157602239776654
2026-08-09,2023,2023-05-04,-0.7216266113878376,1,-0.7216266113878377
2026-08-09,2023,2023-05-05,-0.7539822134861421,1,-0.7539822134861424
2026-08-09,2023,2023-05-06,-0.7216266113878376,1,-0.7216266113878377
2026-08-09,2023,2023-05-07,-0.851049019781056,1,-0.8510490197810562
2026-08-09,2023,2023-05-08,-0.9157602239776652,1,-0.9157602239776654
2026-08-09,2023,2023-05-09,-0.851049019781056,1,-0.8510490197810562
2026-08-09,2023,2023-05-10,-0.851049019781056,1,-0.8510490197810562
2026-08-09,2023,2023-05-11,-0.851049019781056,1,-0.8510490197810562
2026-08-09,2023,2023-05-12,-0.8834046218793606,1,-0.8834046218793609
2026-08-09,2023,2023-05-13,-0.9481158260759699,1,-0.9481158260759701
2026-08-09,2023,2023-05-14,-0.9481158260759699,1,-0.9481158260759701
2026-08-09,2023,2023-05-15,-0.851049019781056,1,-0.8510490197810562
2026-08-09,2023,2023-05-16,-0.6245598050929236,1,-0.6245598050929237
2026-08-09,2023,2023-05-17,0.24904145156130103,1,0.24904145156130114
2026-08-09,2023,2023-05-18,0.022552236873168707,1,0.02255223687316876
2026-08-09,2023,2023-05-19,-0.6569154071912283,1,-0.6569154071912284
2026-08-09,2023,2023-05-20,-0.7863378155844467,1,-0.7863378155844469
2026-08-09,2023,2023-05-21,-0.6245598050929236,1,-0.6245598050929237
2026-08-09,2023,2023-05-22,-0.5922042029946191,1,-0.5922042029946192
2026-08-09,2023,2023-05-23,-0.8186934176827514,1,-0.8186934176827516
2026-08-09,2023,2023-05-24,-0.8186934176827514,1,-0.8186934176827516
2026-08-09,2023,2023-05-25,-0.7539822134861421,1,-0.7539822134861424
2026-08-09,2023,2023-05-26,-0.851049019781056,1,-0.8510490197810562
2026-08-09,2023,2023-05-27,-0.7216266113878376,1,-0.7216266113878377
2026-08-09,2023,2023-05-28,-0.7863378155844467,1,-0.7863378155844469
2026-08-09,2023,2023-05-29,-0.7863378155844467,1,-0.7863378155844469
2026-08-09,2023,2023-05-30,-0.7539822134861421,1,-0.7539822134861424
2026-08-09,2023,2023-05-31,-0.851049019781056,1,-0.8510490197810562
2026-08-09,2023,2023-06-01,-0.7216266113878376,1,-0.7216266113878377
2026-08-09,2023,2023-06-02,-0.851049019781056,1,-0.8510490197810562
2026-08-09,2023,2023-06-03,-0.851049019781056,1,-0.8510490197810562
2026-08-09,2023,2023-06-04,-0.6892710092895329,1,-0.689271009289533
2026-08-09,2023,2023-06-05,-0.3980705904047913,1,-0.39807059040479137
2026-08-09,2023,2023-06-06,-0.6892710092895329,1,-0.689271009289533
2026-08-09,2023,2023-06-07,-0.3657149883064867,1,-0.3657149883064867
2026-08-09,2023,2023-06-08,-0.5922042029946191,1,-0.5922042029946192
2026-08-09,2023,2023-06-09,-0.7539822134861421,1,-0.7539822134861424
2026-08-09,2023,2023-06-10,-0.7863378155844467,1,-0.7863378155844469
2026-08-09,2023,2023-06-11,-0.851049019781056,1,-0.8510490197810562
2026-08-09,2023,2023-06-12,-0.7863378155844467,1,-0.7863378155844469
2026-08-09,2023,2023-06-13,-0.5598486008963144,1,-0.5598486008963145
2026-08-09,2023,2023-06-14,-0.6569154071912283,1,-0.6569154071912284
2026-08-09,2023,2023-06-15,-0.6892710092895329,1,-0.689271009289533
2026-08-09,2023,2023-06-16,-0.43042619250309594,1,-0.430426192503096
2026-08-09,2023,2023-06-17,-0.07451456942174516,1,-0.07451456942174511
2026-08-09,2023,2023-06-18,0.3461082578562149,1,0.346108257856215
2026-08-09,2023,2023-06-19,-0.23629257991326824,1,-0.23629257991326824
2026-08-09,2023,2023-06-20,-0.5274929987980098,1,-0.5274929987980099
2026-08-09,2023,2023-06-21,-0.5922042029946191,1,-0.5922042029946192
2026-08-09,2023,2023-06-22,-0.7539822134861421,1,-0.7539822134861424
2026-08-09,2023,2023-06-23,-0.7863378155844467,1,-0.7863378155844469
2026-08-09,2023,2023-06-24,-0.5949869227384103,1,-0.5949869227384104
2026-08-09,2023,2023-06-25,-0.2634127081508236,1,-0.2634127081508236
2026-08-09,2023,2023-06-26,-0.19332461625339378,1,-0.19332461625339378
2026-08-09,2023,2023-06-27,-0.3685448459969684,1,-0.3685448459969684
2026-08-09,2023,2023-06-28,-0.0019265854606668525,1,-0.0019265854606668035
2026-08-09,2023,2023-06-29,0.3458254301760721,1,0.3458254301760722
2026-08-09,2023,2023-06-30,-0.3335008000482535,1,-0.3335008000482535
2026-08-09,2023,2023-07-01,-0.5599428767896953,1,-0.5599428767896955
2026-08-09,2023,2023-07-02,0.033117460488048076,1,0.03311746048804813
2026-08-09,2023,2023-07-03,0.15442739938334515,1,0.15442739938334524
2026-08-09,2023,2023-07-04,-0.14210276925552656,1,-0.14210276925552653
2026-08-09,2023,2023-07-05,-0.3685448459969684,1,-0.3685448459969684
2026-08-09,2023,2023-07-06,-0.02079283036022947,1,-0.020792830360229424
2026-08-09,2023,2023-07-07,0.1894714453320601,1,0.1894714453320602
2026-08-09,2023,2023-07-08,-0.2121908611529564,1,-0.2121908611529564
2026-08-09,2023,2023-07-09,0.537223460968799,1,0.5372234609687991
2026-08-09,2023,2023-07-10,2.0171858603127473,1,2.0171858603127477
2026-08-09,2023,2023-07-11,2.2085838911054747,1,2.208583891105475
2026-08-09,2023,2023-07-12,1.8096100284708678,1,1.8096100284708683
2026-08-09,2023,2023-07-13,0.41591352207350196,1,0.41591352207350213
2026-08-09,2023,2023-07-14,0.15442739938334515,1,0.15442739938334524
2026-08-09,2023,2023-07-15,0.6474025208889311,1,0.6474025208889312
2026-08-09,2023,2023-07-16,2.3076320720504415,1,2.307632072050442
2026-08-09,2023,2023-07-17,2.6849569700416938,1,2.684956970041694
2026-08-09,2023,2023-07-18,2.6472244802425684,1,2.647224480242569
2026-08-09,2023,2023-07-19,1.2888548474740602,1,1.2888548474740604
2026-08-09,2023,2023-07-20,0.458740071893305,1,0.4587400718933052
2026-08-09,2023,2023-07-21,0.15688015350030313,1,0.1568801535003032
2026-08-09,2023,2023-07-22,0.08141517390205268,1,0.08141517390205275
2026-08-09,2023,2023-07-23,0.6474025208889311,1,0.6474025208889312
2026-08-09,2023,2023-07-24,0.8737974596836826,1,0.8737974596836828
2026-08-09,2023,2023-07-25,0.9869949290810582,1,0.9869949290810585
2026-08-09,2023,2023-07-26,1.2888548474740602,1,1.2888548474740604
2026-08-09,2023,2023-07-27,1.3265873372731856,1,1.3265873372731858
2026-08-09,2023,2023-07-28,1.1379248882775592,1,1.1379248882775594
2026-08-09,2023,2023-07-29,1.5529822760679368,1,1.5529822760679373
2026-08-09,2023,2023-07-30,2.420829541447817,1,2.4208295414478176
2026-08-09,2023,2023-07-31,1.8548421944609388,1,1.8548421944609392
2026-08-09,2023,2023-08-01,0.5719375412906808,1,0.5719375412906809
2026-08-09,2023,2023-08-02,2.345364561849567,1,2.3453645618495673
2026-08-09,2023,2023-08-03,2.3076320720504415,1,2.307632072050442
2026-08-09,2023,2023-08-04,2.5340270108451928,1,2.534027010845193
2026-08-09,2023,2023-08-05,2.496294521046068,1,2.4962945210460683
2026-08-09,2023,2023-08-06,2.7604219496399445,1,2.760421949639945
2026-08-09,2023,2023-08-07,1.8548421944609388,1,1.8548421944609392
2026-08-09,2023,2023-08-08,0.7605999902863069,1,0.7605999902863071
2026-08-09,2023,2023-08-09,0.04368268410292744,1,0.04368268410292749
2026-08-09,2023,2023-08-10,0.04368268410292744,1,0.04368268410292749
2026-08-09,2023,2023-08-11,-0.06951478529444825,1,-0.06951478529444821
2026-08-09,2023,2023-08-12,0.34554260249592933,1,0.34554260249592944
2026-08-09,2023,2023-08-13,0.42100758209417977,1,0.42100758209417993
2026-08-09,2023,2023-08-14,-0.10724727509357349,1,-0.10724727509357346
2026-08-09,2023,2023-08-15,-0.25817723429007444,1,-0.25817723429007444
2026-08-09,2023,2023-08-16,-0.2204447444909492,1,-0.2204447444909492
2026-08-09,2023,2023-08-17,1.277973001741716,1,1.2779730017417161
2026-08-09,2023,2023-08-18,1.5422058862578978,1,1.5422058862578982
2026-08-09,2023,2023-08-19,2.2995171486294756,1,2.299517148629476
2026-08-09,2023,2023-08-20,2.051805410390699,1,2.0518054103906995
2026-08-09,2023,2023-08-21,1.7002765972431755,1,1.700276597243176
2026-08-09,2023,2023-08-22,0.8014157701637257,1,0.8014157701637259
2026-08-09,2023,2023-08-23,1.0656486546799075,1,1.0656486546799078
2026-08-09,2023,2023-08-24,0.7495072327093523,1,0.7495072327093524
2026-08-09,2023,2023-08-25,0.15026668132305235,1,0.15026668132305243
2026-08-09,2023,2023-08-26,-0.11396620319312947,1,-0.11396620319312945
2026-08-09,2023,2023-08-27,-0.18474098554706547,1,-0.18474098554706544
2026-08-09,2023,2023-08-28,-0.16821983926966008,1,-0.16821983926966005
2026-08-09,2023,2023-08-29,0.8368031613406938,1,0.836803161340694
2026-08-09,2023,2023-08-30,0.3791121746622661,1,0.37911217466226627
2026-08-09,2023,2023-08-31,-0.14935359437009746,1,-0.14935359437009743
2026-08-09,2023,2023-09-01,-0.3262905502549377,1,-0.3262905502549377
2026-08-09,2023,2023-09-02,-0.2036072304466281,1,-0.2036072304466281
2026-08-09,2023,2023-09-03,-0.2555157679010017,1,-0.2555157679010017
2026-08-09,2023,2023-09-04,-0.3616779414319058,1,-0.3616779414319058
2026-08-09,2023,2023-09-05,-0.2909031590779697,1,-0.2909031590779697
2026-08-09,2023,2023-09-06,-0.6778193634024612,1,-0.6778193634024613
2026-08-09,2023,2023-09-07,-0.748488689834092,1,-0.7484886898340921
2026-08-09,2023,2023-09-08,-0.8476155674985247,1,-0.847615567498525
2026-08-09,2023,2023-09-09,-0.748488689834092,1,-0.7484886898340921
2026-08-09,2023,2023-09-10,-0.5502349345052268,1,-0.5502349345052269
2026-08-09,2023,2023-09-11,-0.5832772270600376,1,-0.5832772270600377
2026-08-09,2023,2023-09-12,-0.6163195196148485,1,-0.6163195196148487
2026-08-09,2023,2023-09-13,-0.5832772270600376,1,-0.5832772270600377
2026-08-09,2023,2023-09-14,-0.5832772270600376,1,-0.5832772270600377
2026-08-09,2023,2023-09-15,-0.7154463972792812,1,-0.7154463972792813
2026-08-09,2023,2023-09-16,-0.45110805684079414,1,-0.4511080568407942
2026-08-09,2023,2023-09-17,-0.3189388866215506,1,-0.3189388866215506
2026-08-09,2023,2023-09-18,-0.38502347173117235,1,-0.3850234717311724
2026-08-09,2023,2023-09-19,-0.5171926419504159,1,-0.517192641950416
2026-08-09,2023,2023-09-20,-0.6824041047244703,1,-0.6824041047244704
2026-08-09,2023,2023-09-21,-0.781530982388903,1,-0.7815309823889032
2026-08-09,2023,2023-09-22,-0.8476155674985247,1,-0.847615567498525
2026-08-09,2023,2023-09-23,-0.9137001526081464,1,-0.9137001526081466
2026-08-09,2023,2023-09-24,-0.9137001526081464,1,-0.9137001526081466
2026-08-09,2023,2023-09-25,-0.8145732749437138,1,-0.814573274943714
2026-08-09,2023,2023-09-26,-0.8476155674985247,1,-0.847615567498525
2026-08-09,2023,2023-09-27,-0.8476155674985247,1,-0.847615567498525
2026-08-09,2023,2023-09-28,-0.781530982388903,1,-0.7815309823889032
2026-08-09,2023,2023-09-29,-0.8476155674985247,1,-0.847615567498525
2026-08-09,2023,2023-09-30,-0.8806578600533356,1,-0.8806578600533358
2026-08-09,2024,2024-05-01,-0.736773454710166,1,-0.7367734547101658
2026-08-09,2024,2024-05-02,-0.736773454710166,1,-0.7367734547101658
2026-08-09,2024,2024-05-03,-0.7776706630463412,1,-0.777670663046341
2026-08-09,2024,2024-05-04,-0.61408182970164,1,-0.6140818297016398
2026-08-09,2024,2024-05-05,-0.61408182970164,1,-0.6140818297016398
2026-08-09,2024,2024-05-06,-0.7776706630463412,1,-0.777670663046341
2026-08-09,2024,2024-05-07,-0.736773454710166,1,-0.7367734547101658
2026-08-09,2024,2024-05-08,-0.736773454710166,1,-0.7367734547101658
2026-08-09,2024,2024-05-09,-0.7776706630463412,1,-0.777670663046341
2026-08-09,2024,2024-05-10,-0.736773454710166,1,-0.7367734547101658
2026-08-09,2024,2024-05-11,-0.736773454710166,1,-0.7367734547101658
2026-08-09,2024,2024-05-12,-0.7776706630463412,1,-0.777670663046341
2026-08-09,2024,2024-05-13,-0.736773454710166,1,-0.7367734547101658
2026-08-09,2024,2024-05-14,-0.6958762463739906,1,-0.6958762463739904
2026-08-09,2024,2024-05-15,-0.6958762463739906,1,-0.6958762463739904
2026-08-09,2024,2024-05-16,-0.736773454710166,1,-0.7367734547101658
2026-08-09,2024,2024-05-17,-0.6549790380378153,1,-0.6549790380378151
2026-08-09,2024,2024-05-18,-0.6549790380378153,1,-0.6549790380378151
2026-08-09,2024,2024-05-19,-0.736773454710166,1,-0.7367734547101658
2026-08-09,2024,2024-05-20,-0.736773454710166,1,-0.7367734547101658
2026-08-09,2024,2024-05-21,-0.6549790380378153,1,-0.6549790380378151
2026-08-09,2024,2024-05-22,-0.6958762463739906,1,-0.6958762463739904
2026-08-09,2024,2024-05-23,-0.61408182970164,1,-0.6140818297016398
2026-08-09,2024,2024-05-24,-0.6549790380378153,1,-0.6549790380378151
2026-08-09,2024,2024-05-25,-0.736773454710166,1,-0.7367734547101658
2026-08-09,2024,2024-05-26,-0.6958762463739906,1,-0.6958762463739904
2026-08-09,2024,2024-05-27,-0.736773454710166,1,-0.7367734547101658
2026-08-09,2024,2024-05-28,-0.6958762463739906,1,-0.6958762463739904
2026-08-09,2024,2024-05-29,-0.6958762463739906,1,-0.6958762463739904
2026-08-09,2024,2024-05-30,-0.6958762463739906,1,-0.6958762463739904
2026-08-09,2024,2024-05-31,-0.736773454710166,1,-0.7367734547101658
2026-08-09,2024,2024-06-01,-0.736773454710166,1,-0.7367734547101658
2026-08-09,2024,2024-06-02,-0.8185678713825165,1,-0.8185678713825163
2026-08-09,2024,2024-06-03,-0.6958762463739906,1,-0.6958762463739904
2026-08-09,2024,2024-06-04,-0.6958762463739906,1,-0.6958762463739904
2026-08-09,2024,2024-06-05,-0.6958762463739906,1,-0.6958762463739904
2026-08-09,2024,2024-06-06,-0.6958762463739906,1,-0.6958762463739904
2026-08-09,2024,2024-06-07,-0.6958762463739906,1,-0.6958762463739904
2026-08-09,2024,2024-06-08,-0.6549790380378153,1,-0.6549790380378151
2026-08-09,2024,2024-06-09,-0.736773454710166,1,-0.7367734547101658
2026-08-09,2024,2024-06-10,-0.6958762463739906,1,-0.6958762463739904
2026-08-09,2024,2024-06-11,-0.5322874130292894,1,-0.5322874130292892
2026-08-09,2024,2024-06-12,-0.4913902046931142,1,-0.4913902046931139
2026-08-09,2024,2024-06-13,-0.5731846213654648,1,-0.5731846213654646
2026-08-09,2024,2024-06-14,-0.36869857968458825,1,-0.36869857968458797
2026-08-09,2024,2024-06-15,-0.45049299635693885,1,-0.45049299635693857
2026-08-09,2024,2024-06-16,-0.36869857968458825,1,-0.36869857968458797
2026-08-09,2024,2024-06-17,-0.45049299635693885,1,-0.45049299635693857
2026-08-09,2024,2024-06-18,-0.5731846213654648,1,-0.5731846213654646
2026-08-09,2024,2024-06-19,-0.4913902046931142,1,-0.4913902046931139
2026-08-09,2024,2024-06-20,-0.4913902046931142,1,-0.4913902046931139
2026-08-09,2024,2024-06-21,-0.6958762463739906,1,-0.6958762463739904
2026-08-09,2024,2024-06-22,-0.6549790380378153,1,-0.6549790380378151
2026-08-09,2024,2024-06-23,-0.6549790380378153,1,-0.6549790380378151
2026-08-09,2024,2024-06-24,-0.12331532966753647,1,-0.12331532966753618
2026-08-09,2024,2024-06-25,-0.24600695467606237,1,-0.2460069546760621
2026-08-09,2024,2024-06-26,-0.327801371348413,1,-0.3278013713484127
2026-08-09,2024,2024-06-27,-0.4913902046931142,1,-0.4913902046931139
2026-08-09,2024,2024-06-28,2.2487227538306307,1,2.2487227538306316
2026-08-09,2024,2024-06-29,0.12206792034951532,1,0.12206792034951564
2026-08-09,2024,2024-06-30,-0.5731846213654648,1,-0.5731846213654646
2026-08-09,2024,2024-07-01,1.4307785871071248,1,1.4307785871071252
2026-08-09,2024,2024-07-02,1.4307785871071248,1,1.4307785871071252
2026-08-09,2024,2024-07-03,1.2671897537624237,1,1.2671897537624242
2026-08-09,2024,2024-07-04,2.1669283371582804,1,2.1669283371582813
2026-08-09,2024,2024-07-05,2.003339503813579,1,2.0033395038135797
2026-08-09,2024,2024-07-06,2.821283670537085,1,2.821283670537086
2026-08-09,2024,2024-07-07,3.230255753898838,1,3.230255753898839
2026-08-09,2024,2024-07-08,3.066666920554137,1,3.066666920554138
2026-08-09,2024,2024-07-09,1.5534702121156507,1,1.5534702121156512
2026-08-09,2024,2024-07-10,0.40834837870274243,1,0.4083483787027428
2026-08-09,2024,2024-07-11,-0.04152091299518587,1,-0.04152091299518557
2026-08-09,2024,2024-07-12,-0.45049299635693885,1,-0.45049299635693857
2026-08-09,2024,2024-07-13,-0.327801371348413,1,-0.3278013713484127
2026-08-09,2024,2024-07-14,1.6761618371241767,1,1.676161837124177
2026-08-09,2024,2024-07-15,1.1444981287538978,1,1.1444981287538982
2026-08-09,2024,2024-07-16,-0.04152091299518587,1,-0.04152091299518557
2026-08-09,2024,2024-07-17,-0.24600695467606237,1,-0.2460069546760621
2026-08-09,2024,2024-07-18,-6.237046590105715e-4,1,-6.237046590102639e-4
2026-08-09,2024,2024-07-19,1.0627037120815472,1,1.0627037120815477
2026-08-09,2024,2024-07-20,1.1853953370900732,1,1.1853953370900736
2026-08-09,2024,2024-07-21,2.1669283371582804,1,2.1669283371582813
2026-08-09,2024,2024-07-22,2.657694837192384,1,2.657694837192385
2026-08-09,2024,2024-07-23,1.3080869620985989,1,1.3080869620985993
2026-08-09,2024,2024-07-24,0.3674511703665671,1,0.3674511703665675
2026-08-09,2024,2024-07-25,1.2262925454262483,1,1.2262925454262488
2026-08-09,2024,2024-07-26,1.3080869620985989,1,1.3080869620985993
2026-08-09,2024,2024-07-27,1.8397506704688777,1,1.8397506704688782
2026-08-09,2024,2024-07-28,2.1260311288221048,1,2.1260311288221057
2026-08-09,2024,2024-07-29,2.2896199621668063,1,2.289619962166807
2026-08-09,2024,2024-07-30,1.5943674204518261,1,1.5943674204518266
2026-08-09,2024,2024-07-31,0.5310400037112682,1,0.5310400037112687
2026-08-09,2024,2024-08-01,1.0218065037453719,1,1.0218065037453723
2026-08-09,2024,2024-08-02,1.1853953370900732,1,1.1853953370900736
2026-08-09,2024,2024-08-03,0.8582176704006707,1,0.8582176704006711
2026-08-09,2024,2024-08-04,2.1669283371582804,1,2.1669283371582813
2026-08-09,2024,2024-08-05,1.3080869620985989,1,1.3080869620985993
2026-08-09,2024,2024-08-06,0.2856567536942165,1,0.2856567536942169
2026-08-09,2024,2024-08-07,-0.08241812133136117,1,-0.08241812133136088
2026-08-09,2024,2024-08-08,0.7764232537283201,1,0.7764232537283206
2026-08-09,2024,2024-08-09,0.9809092954091966,1,0.980909295409197
2026-08-09,2024,2024-08-10,1.1444981287538978,1,1.1444981287538982
2026-08-09,2024,2024-08-11,1.6352646287880013,1,1.6352646287880017
2026-08-09,2024,2024-08-12,1.4716757954433002,1,1.4716757954433006
2026-08-09,2024,2024-08-13,0.7764232537283201,1,0.7764232537283206
2026-08-09,2024,2024-08-14,0.04027350367716473,1,0.04027350367716504
2026-08-09,2024,2024-08-15,-0.327801371348413,1,-0.3278013713484127
2026-08-09,2024,2024-08-16,-0.4913902046931142,1,-0.4913902046931139
2026-08-09,2024,2024-08-17,0.8195925288117181,1,0.8195925288117185
2026-08-09,2024,2024-08-18,1.0240785704460664,1,1.0240785704460669
2026-08-09,2024,2024-08-19,1.4216903180709954,1,1.4216903180709959
2026-08-09,2024,2024-08-20,0.03345730208618015,1,0.03345730208618046
2026-08-09,2024,2024-08-21,-0.3755147811825165,1,-0.37551478118251624
2026-08-09,2024,2024-08-22,-0.4391326608062273,1,-0.43913266080622704
2026-08-09,2024,2024-08-23,-0.4186840566381397,1,-0.4186840566381394
2026-08-09,2024,2024-08-24,-0.24600695481564686,1,-0.24600695481564658
2026-08-09,2024,2024-08-25,-0.21419801500379135,1,-0.21419801500379107
2026-08-09,2024,2024-08-26,-0.4391326608062273,1,-0.43913266080622704
2026-08-09,2024,2024-08-27,-0.6118097626287202,1,-0.61180976262872
2026-08-09,2024,2024-08-28,-0.6549790380843435,1,-0.6549790380843433
2026-08-09,2024,2024-08-29,-0.6981483135399666,1,-0.6981483135399664
2026-08-09,2024,2024-08-30,-0.7731265288074454,1,-0.7731265288074451
2026-08-09,2024,2024-08-31,-0.6981483135399666,1,-0.6981483135399664
2026-08-09,2024,2024-09-01,-0.6118097626287202,1,-0.61180976262872
2026-08-09,2024,2024-09-02,-0.6118097626287202,1,-0.61180976262872
2026-08-09,2024,2024-09-03,-0.6981483135399666,1,-0.6981483135399664
2026-08-09,2024,2024-09-04,-0.6981483135399666,1,-0.6981483135399664
2026-08-09,2024,2024-09-05,-0.6549790380843435,1,-0.6549790380843433
2026-08-09,2024,2024-09-06,-0.6118097626287202,1,-0.61180976262872
2026-08-09,2024,2024-09-07,-0.4959343391181226,1,-0.49593433911812235
2026-08-09,2024,2024-09-08,-0.15512426980508892,1,-0.15512426980508864
2026-08-09,2024,2024-09-09,-0.5413756816931937,1,-0.5413756816931935
2026-08-09,2024,2024-09-10,-0.5640963529807294,1,-0.5640963529807291
2026-08-09,2024,2024-09-11,-0.4959343391181226,1,-0.49593433911812235
2026-08-09,2024,2024-09-12,-0.45049299654305147,1,-0.4504929965430512
2026-08-09,2024,2024-09-13,0.5037751975334426,1,0.503775197533443
2026-08-09,2024,2024-09-14,-0.10968292723001788,1,-0.10968292723001759
2026-08-09,2024,2024-09-15,-0.473213667830587,1,-0.4732136678305867
2026-08-09,2024,2024-09-16,-0.6776997094184072,1,-0.677699709418407
2026-08-09,2024,2024-09-17,-0.5186550104056582,1,-0.518655010405658
2026-08-09,2024,2024-09-18,-0.5413756816931937,1,-0.5413756816931935
2026-08-09,2024,2024-09-19,0.549216540108514,1,0.5492165401085144
2026-08-09,2024,2024-09-20,-0.26872762624276686,1,-0.2687276262427666
2026-08-09,2024,2024-09-21,-0.6776997094184072,1,-0.677699709418407
2026-08-09,2024,2024-09-22,-0.7458617232810139,1,-0.7458617232810136
2026-08-09,2024,2024-09-23,-0.7685823945685496,1,-0.7685823945685494
2026-08-09,2024,2024-09-24,-0.7913030658560851,1,-0.7913030658560849
2026-08-09,2024,2024-09-25,-0.7913030658560851,1,-0.7913030658560849
2026-08-09,2024,2024-09-26,-0.7913030658560851,1,-0.7913030658560849
2026-08-09,2024,2024-09-27,-0.8140237371436206,1,-0.8140237371436204
2026-08-09,2024,2024-09-28,-0.7913030658560851,1,-0.7913030658560849
2026-08-09,2024,2024-09-29,-0.8140237371436206,1,-0.8140237371436204
2026-08-09,2024,2024-09-30,-0.7913030658560851,1,-0.7913030658560849
2026-08-09,2025,2025-05-01,-0.8563225941283376,1,-0.8563225941283374
2026-08-09,2025,2025-05-02,-0.93527702388029,1,-0.93527702388029
2026-08-09,2025,2025-05-03,-0.9747542387562662,1,-0.9747542387562662
2026-08-09,2025,2025-05-04,-0.9747542387562662,1,-0.9747542387562662
2026-08-09,2025,2025-05-05,-0.9747542387562662,1,-0.9747542387562662
2026-08-09,2025,2025-05-06,-0.9747542387562662,1,-0.9747542387562662
2026-08-09,2025,2025-05-07,-0.8563225941283376,1,-0.8563225941283374
2026-08-09,2025,2025-05-08,-0.8168453792523614,1,-0.8168453792523613
2026-08-09,2025,2025-05-09,-0.8563225941283376,1,-0.8563225941283374
2026-08-09,2025,2025-05-10,-1.0142314536322425,1,-1.0142314536322425
2026-08-09,2025,2025-05-11,-0.93527702388029,1,-0.93527702388029
2026-08-09,2025,2025-05-12,-0.8168453792523614,1,-0.8168453792523613
2026-08-09,2025,2025-05-13,-0.737890949500409,1,-0.7378909495004089
2026-08-09,2025,2025-05-14,-0.6589365197484566,1,-0.6589365197484565
2026-08-09,2025,2025-05-15,-0.6984137346244328,1,-0.6984137346244327
2026-08-09,2025,2025-05-16,-0.737890949500409,1,-0.7378909495004089
2026-08-09,2025,2025-05-17,-0.8957998090043138,1,-0.8957998090043138
2026-08-09,2025,2025-05-18,-0.8168453792523614,1,-0.8168453792523613
2026-08-09,2025,2025-05-19,-0.6589365197484566,1,-0.6589365197484565
2026-08-09,2025,2025-05-20,-0.3431188007406469,1,-0.3431188007406466
2026-08-09,2025,2025-05-21,-0.30364158586467066,1,-0.3036415858646703
2026-08-09,2025,2025-05-22,-0.46155044536857553,1,-0.4615504453685753
2026-08-09,2025,2025-05-23,-0.6589365197484566,1,-0.6589365197484565
2026-08-09,2025,2025-05-24,-0.9747542387562662,1,-0.9747542387562662
2026-08-09,2025,2025-05-25,-0.93527702388029,1,-0.93527702388029
2026-08-09,2025,2025-05-26,-0.6984137346244328,1,-0.6984137346244327
2026-08-09,2025,2025-05-27,-0.737890949500409,1,-0.7378909495004089
2026-08-09,2025,2025-05-28,-0.5799820899965041,1,-0.5799820899965039
2026-08-09,2025,2025-05-29,-0.6589365197484566,1,-0.6589365197484565
2026-08-09,2025,2025-05-30,-0.6984137346244328,1,-0.6984137346244327
2026-08-09,2025,2025-05-31,-0.93527702388029,1,-0.93527702388029
2026-08-09,2025,2025-06-01,-0.7773681643763852,1,-0.7773681643763851
2026-08-09,2025,2025-06-02,-0.46155044536857553,1,-0.4615504453685753
2026-08-09,2025,2025-06-03,-0.5405048751205279,1,-0.5405048751205277
2026-08-09,2025,2025-06-04,-0.46155044536857553,1,-0.4615504453685753
2026-08-09,2025,2025-06-05,-0.4220732304925993,1,-0.42207323049259904
2026-08-09,2025,2025-06-06,-0.5405048751205279,1,-0.5405048751205277
2026-08-09,2025,2025-06-07,-0.6984137346244328,1,-0.6984137346244327
2026-08-09,2025,2025-06-08,-0.737890949500409,1,-0.7378909495004089
2026-08-09,2025,2025-06-09,-0.5799820899965041,1,-0.5799820899965039
2026-08-09,2025,2025-06-10,-0.6589365197484566,1,-0.6589365197484565
2026-08-09,2025,2025-06-11,-0.737890949500409,1,-0.7378909495004089
2026-08-09,2025,2025-06-12,-0.6589365197484566,1,-0.6589365197484565
2026-08-09,2025,2025-06-13,-0.6589365197484566,1,-0.6589365197484565
2026-08-09,2025,2025-06-14,-0.8957998090043138,1,-0.8957998090043138
2026-08-09,2025,2025-06-15,-0.5010276602445517,1,-0.5010276602445515
2026-08-09,2025,2025-06-16,0.28851663727497245,1,0.288516637274973
2026-08-09,2025,2025-06-17,0.9991065050425442,1,0.9991065050425451
2026-08-09,2025,2025-06-18,0.9201520752905918,1,0.9201520752905927
2026-08-09,2025,2025-06-19,0.5648571414068059,1,0.5648571414068065
2026-08-09,2025,2025-06-20,0.0516533480191152,1,0.051653348019115676
2026-08-09,2025,2025-06-21,-0.18520994123674206,1,-0.18520994123674167
2026-08-09,2025,2025-06-22,-0.02730108173283722,1,-0.027301081732836772
2026-08-09,2025,2025-06-23,-0.10625551148478964,1,-0.10625551148478922
2026-08-09,2025,2025-06-24,-0.3825960156166231,1,-0.3825960156166228
2026-08-09,2025,2025-06-25,-0.4220732304925993,1,-0.42207323049259904
2026-08-09,2025,2025-06-26,-0.30364158586467066,1,-0.3036415858646703
2026-08-09,2025,2025-06-27,-0.2641643709886945,1,-0.26416437098869416
2026-08-09,2025,2025-06-28,-0.18520994123674206,1,-0.18520994123674167
2026-08-09,2025,2025-06-29,-0.02730108173283722,1,-0.027301081732836772
2026-08-09,2025,2025-06-30,0.17008499264704383,1,0.17008499264704438
2026-08-09,2025,2025-07-01,0.1306077777710676,1,0.13060777777106813
2026-08-09,2025,2025-07-02,0.0911305628950914,1,0.0911305628950919
2026-08-09,2025,2025-07-03,0.012176133143138989,1,0.012176133143139452
2026-08-09,2025,2025-07-04,0.0911305628950914,1,0.0911305628950919
2026-08-09,2025,2025-07-05,2.1044685215698777,1,2.104468521569879
2026-08-09,2025,2025-07-06,2.4202862405776875,1,2.420286240577689
2026-08-09,2025,2025-07-07,2.894012819089402,1,2.894012819089404
2026-08-09,2025,2025-07-08,2.7361039595854972,1,2.736103959585499
2026-08-09,2025,2025-07-09,2.3413318108257353,1,2.3413318108257366
2026-08-09,2025,2025-07-10,0.9201520752905918,1,0.9201520752905927
2026-08-09,2025,2025-07-11,-0.30364158586467066,1,-0.3036415858646703
2026-08-09,2025,2025-07-12,-0.6589365197484566,1,-0.6589365197484565
2026-08-09,2025,2025-07-13,-0.4220732304925993,1,-0.42207323049259904
2026-08-09,2025,2025-07-14,-0.3431188007406469,1,-0.3431188007406466
2026-08-09,2025,2025-07-15,-0.46155044536857553,1,-0.4615504453685753
2026-08-09,2025,2025-07-16,-0.5799820899965041,1,-0.5799820899965039
2026-08-09,2025,2025-07-17,-0.3825960156166231,1,-0.3825960156166228
2026-08-09,2025,2025-07-18,-0.3825960156166231,1,-0.3825960156166228
2026-08-09,2025,2025-07-19,-0.3825960156166231,1,-0.3825960156166228
2026-08-09,2025,2025-07-20,0.959629290166568,1,0.9596292901665688
2026-08-09,2025,2025-07-21,1.749173587686092,1,1.7491735876860932
2026-08-09,2025,2025-07-22,2.1044685215698777,1,2.104468521569879
2026-08-09,2025,2025-07-23,1.907082447189997,1,1.9070824471899983
2026-08-09,2025,2025-07-24,1.7886508025620682,1,1.7886508025620695
2026-08-09,2025,2025-07-25,1.907082447189997,1,1.9070824471899983
2026-08-09,2025,2025-07-26,0.6832887860347345,1,0.6832887860347353
2026-08-09,2025,2025-07-27,0.9201520752905918,1,0.9201520752905927
2026-08-09,2025,2025-07-28,1.7096963728101158,1,1.7096963728101169
2026-08-09,2025,2025-07-29,0.6438115711587583,1,0.6438115711587591
2026-08-09,2025,2025-07-30,-0.10625551148478964,1,-0.10625551148478922
2026-08-09,2025,2025-07-31,-0.2641643709886945,1,-0.26416437098869416
2026-08-09,2025,2025-08-01,-0.4220732304925993,1,-0.42207323049259904
2026-08-09,2025,2025-08-02,0.4464254967788773,1,0.44642549677887794
2026-08-09,2025,2025-08-03,1.8676052323140206,1,1.867605232314022
2026-08-09,2025,2025-08-04,1.946559662065973,1,1.9465596620659744
2026-08-09,2025,2025-08-05,2.5781951000815924,1,2.578195100081594
2026-08-09,2025,2025-08-06,2.6176723149575687,1,2.6176723149575705
2026-08-09,2025,2025-08-07,0.6832887860347345,1,0.6832887860347353
2026-08-09,2025,2025-08-08,-0.14573272636076584,1,-0.14573272636076542
2026-08-09,2025,2025-08-09,-0.5405048751205279,1,-0.5405048751205277
2026-08-09,2025,2025-08-10,-0.737890949500409,1,-0.7378909495004089
2026-08-09,2025,2025-08-11,-0.737890949500409,1,-0.7378909495004089
2026-08-09,2025,2025-08-12,-0.6984137346244328,1,-0.6984137346244327
2026-08-09,2025,2025-08-13,-0.5799820899965041,1,-0.5799820899965039
2026-08-09,2025,2025-08-14,-0.6194593048724804,1,-0.6194593048724801
2026-08-09,2025,2025-08-15,-0.5405048751205279,1,-0.5405048751205277
2026-08-09,2025,2025-08-16,0.5648571414068059,1,0.5648571414068065
2026-08-09,2025,2025-08-17,1.349701778029365,1,1.349701778029366
2026-08-09,2025,2025-08-18,1.6711591001905848,1,1.6711591001905859
2026-08-09,2025,2025-08-19,1.2829664860438361,1,1.2829664860438372
2026-08-09,2025,2025-08-20,1.5104304391099745,1,1.5104304391099757
2026-08-09,2025,2025-08-21,1.0282444558681452,1,1.028244455868146
2026-08-09,2025,2025-08-22,1.1556054709559909,1,1.1556054709559918
2026-08-09,2025,2025-08-23,1.43006610856967,1,1.430066108569671
2026-08-09,2025,2025-08-24,1.6377914541978205,1,1.6377914541978216
2026-08-09,2025,2025-08-25,1.2359698014962957,1,1.2359698014962965
2026-08-09,2025,2025-08-26,0.9615091638826168,1,0.9615091638826176
2026-08-09,2025,2025-08-27,0.05776292050127426,1,0.057762920501274746
2026-08-09,2025,2025-08-28,-0.5047873932808603,1,-0.5047873932808601
2026-08-09,2025,2025-08-29,0.379220242662494,1,0.3792202426624946
2026-08-09,2025,2025-08-30,1.3299631705913768,1,1.329963170591378
2026-08-09,2025,2025-08-31,1.3633308165841411,1,1.3633308165841422
2026-08-09,2025,2025-09-01,1.0752411404156856,1,1.0752411404156865
2026-08-09,2025,2025-09-02,0.9281415178898523,1,0.9281415178898532
2026-08-09,2025,2025-09-03,0.010766235953733532,1,0.010766235953733995
2026-08-09,2025,2025-09-04,-0.7125127389090108,1,-0.7125127389090107
2026-08-09,2025,2025-09-05,-0.812615676887304,1,-0.8126156768873039
2026-08-09,2025,2025-09-06,-0.7458803849017751,1,-0.745880384901775
2026-08-09,2025,2025-09-07,0.0366144158738807,1,0.03661441587388117
2026-08-09,2025,2025-09-08,1.1541955773655326,1,1.1541955773655335
2026-08-09,2025,2025-09-09,-0.20870827811209167,1,-0.20870827811209128
2026-08-09,2025,2025-09-10,-0.7266117431935889,1,-0.7266117431935888
2026-08-09,2025,2025-09-11,-0.8083859745222463,1,-0.8083859745222461
2026-08-09,2025,2025-09-12,-0.8901602058509037,1,-0.8901602058509037
2026-08-09,2025,2025-09-13,-0.8629021287413513,1,-0.8629021287413512
2026-08-09,2025,2025-09-14,-0.8083859745222463,1,-0.8083859745222461
2026-08-09,2025,2025-09-15,-0.7538698203031413,1,-0.7538698203031412
2026-08-09,2025,2025-09-16,-0.09967596967388172,1,-0.0996759696738813
2026-08-09,2025,2025-09-17,0.8543567291604552,1,0.854356729160456
2026-08-09,2025,2025-09-18,-0.09967596967388172,1,-0.0996759696738813
2026-08-09,2025,2025-09-19,-0.8356440516317988,1,-0.8356440516317987
2026-08-09,2025,2025-09-20,-0.1541921238929867,1,-0.15419212389298628
2026-08-09,2025,2025-09-21,-0.18145020100253917,1,-0.18145020100253878
2026-08-09,2025,2025-09-22,-0.9174182829604562,1,-0.9174182829604562
2026-08-09,2025,2025-09-23,-0.9174182829604562,1,-0.9174182829604562
2026-08-09,2025,2025-09-24,-0.9174182829604562,1,-0.9174182829604562
2026-08-09,2025,2025-09-25,-0.9174182829604562,1,-0.9174182829604562
2026-08-09,2025,2025-09-26,-0.8901602058509037,1,-0.8901602058509037
2026-08-09,2025,2025-09-27,-0.9174182829604562,1,-0.9174182829604562
2026-08-09,2025,2025-09-28,-0.9719344371795612,1,-0.9719344371795612
2026-08-09,2025,2025-09-29,-0.9446763600700088,1,-0.9446763600700088
2026-08-09,2025,2025-09-30,-0.9446763600700088,1,-0.9446763600700088
2026-08-11,2021,2021-05-01,-0.9720246956103226,1,-0.9720246956103222
2026-08-11,2021,2021-05-02,-0.9720246956103226,1,-0.9720246956103222
2026-08-11,2021,2021-05-03,-0.7301701922648218,1,-0.7301701922648216
2026-08-11,2021,2021-05-04,-0.7543556425993718,1,-0.7543556425993715
2026-08-11,2021,2021-05-05,-0.802726543268472,1,-0.8027265432684717
2026-08-11,2021,2021-05-06,-0.6092429405920714,1,-0.6092429405920712
2026-08-11,2021,2021-05-07,-0.6092429405920714,1,-0.6092429405920712
2026-08-11,2021,2021-05-08,-0.7543556425993718,1,-0.7543556425993715
2026-08-11,2021,2021-05-09,-0.22227573523927024,1,-0.2222757352392701
2026-08-11,2021,2021-05-10,-0.4157593379156708,1,-0.41575933791567066
2026-08-11,2021,2021-05-11,-0.6334283909266215,1,-0.6334283909266213
2026-08-11,2021,2021-05-12,-0.43994478825022093,1,-0.43994478825022076
2026-08-11,2021,2021-05-13,-0.6092429405920714,1,-0.6092429405920712
2026-08-11,2021,2021-05-14,-0.3673884372465707,1,-0.3673884372465706
2026-08-11,2021,2021-05-15,-0.39157388758112077,1,-0.3915738875811206
2026-08-11,2021,2021-05-16,-0.7543556425993718,1,-0.7543556425993715
2026-08-11,2021,2021-05-17,-0.19809028490472017,1,-0.19809028490472003
2026-08-11,2021,2021-05-18,-0.5608720399229713,1,-0.5608720399229711
2026-08-11,2021,2021-05-19,-0.6092429405920714,1,-0.6092429405920712
2026-08-11,2021,2021-05-20,-0.6092429405920714,1,-0.6092429405920712
2026-08-11,2021,2021-05-21,-0.5850574902575214,1,-0.5850574902575212
2026-08-11,2021,2021-05-22,-0.802726543268472,1,-0.8027265432684717
2026-08-11,2021,2021-05-23,-0.5608720399229713,1,-0.5608720399229711
2026-08-11,2021,2021-05-24,-0.3432029869120206,1,-0.3432029869120205
2026-08-11,2021,2021-05-25,-0.24646118557382032,1,-0.24646118557382019
2026-08-11,2021,2021-05-26,-0.4883156889193211,1,-0.4883156889193209
2026-08-11,2021,2021-05-27,-0.6092429405920714,1,-0.6092429405920712
2026-08-11,2021,2021-05-28,-0.5850574902575214,1,-0.5850574902575212
2026-08-11,2021,2021-05-29,-0.464130238584771,1,-0.4641302385847708
2026-08-11,2021,2021-05-30,-0.6092429405920714,1,-0.6092429405920712
2026-08-11,2021,2021-05-31,-0.24646118557382032,1,-0.24646118557382019
2026-08-11,2021,2021-06-01,-0.1739048345701701,1,-0.17390483457017
2026-08-11,2021,2021-06-02,-0.5125011392538711,1,-0.5125011392538709
2026-08-11,2021,2021-06-03,-0.3673884372465707,1,-0.3673884372465706
2026-08-11,2021,2021-06-04,-0.5850574902575214,1,-0.5850574902575212
2026-08-11,2021,2021-06-05,-0.6817992915957216,1,-0.6817992915957214
2026-08-11,2021,2021-06-06,-0.5366865895884212,1,-0.536686589588421
2026-08-11,2021,2021-06-07,-0.004606682228319586,1,-0.004606682228319503
2026-08-11,2021,2021-06-08,0.7209568278081826,1,0.7209568278081826
2026-08-11,2021,2021-06-09,0.8902549801500331,1,0.890254980150033
2026-08-11,2021,2021-06-10,1.0595531324918837,1,1.0595531324918834
2026-08-11,2021,2021-06-11,0.5758441258008822,1,0.5758441258008822
2026-08-11,2021,2021-06-12,0.01957876810623049,1,0.01957876810623057
2026-08-11,2021,2021-06-13,-0.004606682228319586,1,-0.004606682228319503
2026-08-11,2021,2021-06-14,-0.31901753657747056,1,-0.31901753657747045
2026-08-11,2021,2021-06-15,-0.10134848356651988,1,-0.10134848356651976
2026-08-11,2021,2021-06-16,-0.3673884372465707,1,-0.3673884372465706
2026-08-11,2021,2021-06-17,-0.29483208624292045,1,-0.29483208624292034
2026-08-11,2021,2021-06-18,-0.3673884372465707,1,-0.3673884372465706
2026-08-11,2021,2021-06-19,-0.6576138412611716,1,-0.6576138412611714
2026-08-11,2021,2021-06-20,-0.464130238584771,1,-0.4641302385847708
2026-08-11,2021,2021-06-21,-0.14971938423562003,1,-0.14971938423561992
2026-08-11,2021,2021-06-22,-0.1739048345701701,1,-0.17390483457017
2026-08-11,2021,2021-06-23,-0.464130238584771,1,-0.4641302385847708
2026-08-11,2021,2021-06-24,-0.44921657071434395,1,-0.4492165707143438
2026-08-11,2021,2021-06-25,-0.461309295881619,1,-0.46130929588161884
2026-08-11,2021,2021-06-26,-0.5667397901542586,1,-0.5667397901542583
2026-08-11,2021,2021-06-27,-0.5261172681852139,1,-0.5261172681852136
2026-08-11,2021,2021-06-28,-0.23835558216906463,1,-0.2383555821690645
2026-08-11,2021,2021-06-29,-0.1735476098654697,1,-0.17354760986546958
2026-08-11,2021,2021-06-30,-0.461309295881619,1,-0.46130929588161884
2026-08-11,2021,2021-07-01,-0.39650132357802415,1,-0.396501323578024
2026-08-11,2021,2021-07-02,-0.6194550372905784,1,-0.6194550372905782
2026-08-11,2021,2021-07-03,-0.6963557347614484,1,-0.6963557347614482
2026-08-11,2021,2021-07-04,-0.6963557347614484,1,-0.6963557347614482
2026-08-11,2021,2021-07-05,-0.5140245430179388,1,-0.5140245430179385
2026-08-11,2021,2021-07-06,-0.0033091432892352383,1,-0.0033091432892351546
2026-08-11,2021,2021-07-07,-0.23835558216906463,1,-0.2383555821690645
2026-08-11,2021,2021-07-08,-0.3844085984107491,1,-0.3844085984107489
2026-08-11,2021,2021-07-09,-0.3437860764417042,1,-0.3437860764417041
2026-08-11,2021,2021-07-10,1.4354992867915106,1,1.4354992867915104
2026-08-11,2021,2021-07-11,0.6249294758793832,1,0.6249294758793832
2026-08-11,2021,2021-07-12,1.147737600775362,1,1.1477376007753617
2026-08-11,2021,2021-07-13,0.28445254272691406,1,0.28445254272691406
2026-08-11,2021,2021-07-14,0.11421407615067941,1,0.11421407615067947
2026-08-11,2021,2021-07-15,0.34034595727108624,1,0.34034595727108624
2026-08-11,2021,2021-07-16,1.2532994549277185,1,1.2532994549277183
2026-08-11,2021,2021-07-17,1.4815378293418764,1,1.4815378293418762
2026-08-11,2021,2021-07-18,2.508610514205588,1,2.5086105142055874
2026-08-11,2021,2021-07-19,4.733934664743629,1,4.733934664743628
2026-08-11,2021,2021-07-20,3.307444824655141,1,3.30744482465514
2026-08-11,2021,2021-07-21,2.3944913269985086,1,2.394491326998508
2026-08-11,2021,2021-07-22,2.16625295258435,1,2.1662529525843497
2026-08-11,2021,2021-07-23,2.16625295258435,1,2.1662529525843497
2026-08-11,2021,2021-07-24,1.766835797359574,1,1.7668357973595736
2026-08-11,2021,2021-07-25,1.5956570165489556,1,1.5956570165489552
2026-08-11,2021,2021-07-26,0.8538822997029418,1,0.8538822997029417
2026-08-11,2021,2021-07-27,0.5115247380817046,1,0.5115247380817046
2026-08-11,2021,2021-07-28,1.0250610805135603,1,1.02506108051356
2026-08-11,2021,2021-07-29,0.8538822997029418,1,0.8538822997029417
2026-08-11,2021,2021-07-30,0.7968227060994023,1,0.7968227060994022
2026-08-11,2021,2021-07-31,1.0250610805135603,1,1.02506108051356
2026-08-11,2021,2021-08-01,1.5385974229454162,1,1.5385974229454158
2026-08-11,2021,2021-08-02,2.109193358980811,1,2.1091933589808107
2026-08-11,2021,2021-08-03,2.16625295258435,1,2.1662529525843497
2026-08-11,2021,2021-08-04,2.8509680758268248,1,2.8509680758268243
2026-08-11,2021,2021-08-05,2.2233125461878904,1,2.22331254618789
2026-08-11,2021,2021-08-06,1.766835797359574,1,1.7668357973595736
2026-08-11,2021,2021-08-07,0.5685843316852444,1,0.5685843316852444
2026-08-11,2021,2021-08-08,0.22622677006400715,1,0.22622677006400718
2026-08-11,2021,2021-08-09,0.7968227060994023,1,0.7968227060994022
2026-08-11,2021,2021-08-10,1.995074171773732,1,1.9950741717737315
2026-08-11,2021,2021-08-11,1.0250610805135603,1,1.02506108051356
2026-08-11,2021,2021-08-12,0.05504798925338858,1,0.05504798925338865
2026-08-11,2021,2021-08-13,-0.4014287595749274,1,-0.40142875957492724
2026-08-11,2021,2021-08-14,-0.6296671339890855,1,-0.6296671339890852
2026-08-11,2021,2021-08-15,-0.686726727592625,1,-0.6867267275926248
2026-08-11,2021,2021-08-16,-0.6296671339890855,1,-0.6296671339890852
2026-08-11,2021,2021-08-17,-0.3889057248675752,1,-0.388905724867575
2026-08-11,2021,2021-08-18,-0.057361788743468256,1,-0.05736178874346816
2026-08-11,2021,2021-08-19,0.1084101793185852,1,0.10841017931858525
2026-08-11,2021,2021-08-20,0.01698662386215531,1,0.01698662386215539
2026-08-11,2021,2021-08-21,-0.12025554739812841,1,-0.1202555473981283
2026-08-11,2021,2021-08-22,0.15984928402228177,1,0.15984928402228182
2026-08-11,2021,2021-08-23,-0.2974821694111453,1,-0.2974821694111452
2026-08-11,2021,2021-08-24,-0.09734623949620158,1,-0.09734623949620147
2026-08-11,2021,2021-08-25,0.2856368013316021,1,0.2856368013316021
2026-08-11,2021,2021-08-26,1.3146325715568132,1,1.314632571556813
2026-08-11,2021,2021-08-27,0.9716339814817426,1,0.9716339814817425
2026-08-11,2021,2021-08-28,1.1488606034947595,1,1.1488606034947593
2026-08-11,2021,2021-08-29,0.23419769662790535,1,0.23419769662790538
2026-08-11,2021,2021-08-30,0.5028478740973521,1,0.5028478740973521
2026-08-11,2021,2021-08-31,-0.1831493060527884,1,-0.18314930605278829
2026-08-11,2021,2021-09-01,-0.6290261055352522,1,-0.629026105535252
2026-08-11,2021,2021-09-02,-0.7548136228445724,1,-0.7548136228445721
2026-08-11,2021,2021-09-03,-0.743358968893609,1,-0.7433589688936088
2026-08-11,2021,2021-09-04,-0.9720246956103226,1,-0.9720246956103222
2026-08-11,2021,2021-09-05,-0.9720246956103226,1,-0.9720246956103222
2026-08-11,2021,2021-09-06,-0.9720246956103226,1,-0.9720246956103222
2026-08-11,2021,2021-09-07,-0.7200223086891265,1,-0.7200223086891263
2026-08-11,2021,2021-09-08,-0.6742036928852727,1,-0.6742036928852725
2026-08-11,2021,2021-09-09,-0.8116595402968342,1,-0.8116595402968338
2026-08-11,2021,2021-09-10,-0.55965715337563815,1,-0.5596571533756379
2026-08-11,2021,2021-09-11,-0.6742036928852727,1,-0.6742036928852725
2026-08-11,2021,2021-09-12,-0.7658409244929804,1,-0.76584092449298
2026-08-11,2021,2021-09-13,-0.6971130007871997,1,-0.6971130007871995
2026-08-11,2021,2021-09-14,-0.7658409244929804,1,-0.76584092449298
2026-08-11,2021,2021-09-15,-0.6971130007871997,1,-0.6971130007871995
2026-08-11,2021,2021-09-16,-0.8116595402968342,1,-0.8116595402968338
2026-08-11,2021,2021-09-17,-0.9720246956103226,1,-0.9720246956103222
2026-08-11,2021,2021-09-18,-0.9720246956103226,1,-0.9720246956103222
2026-08-11,2021,2021-09-19,-0.7887502323949072,1,-0.7887502323949068
2026-08-11,2021,2021-09-20,-0.6512943849833459,1,-0.6512943849833457
2026-08-11,2021,2021-09-21,-0.7200223086891265,1,-0.7200223086891263
2026-08-11,2021,2021-09-22,-0.7429316165910534,1,-0.7429316165910532
2026-08-11,2021,2021-09-23,-0.55965715337563815,1,-0.5596571533756379
2026-08-11,2021,2021-09-24,-0.628385077081419,1,-0.6283850770814188
2026-08-11,2021,2021-09-25,-0.7200223086891265,1,-0.7200223086891263
2026-08-11,2021,2021-09-26,-0.9720246956103226,1,-0.9720246956103222
2026-08-11,2021,2021-09-27,-0.8116595402968342,1,-0.8116595402968338
2026-08-11,2021,2021-09-28,-0.9720246956103226,1,-0.9720246956103222
2026-08-11,2021,2021-09-29,-0.9720246956103226,1,-0.9720246956103222
2026-08-11,2021,2021-09-30,-0.9720246956103226,1,-0.9720246956103222
2026-08-11,2022,2022-05-01,-0.7183885454593362,1,-0.7183885454593361
2026-08-11,2022,2022-05-02,-0.6640284971127209,1,-0.6640284971127208
2026-08-11,2022,2022-05-03,-0.6640284971127209,1,-0.6640284971127208
2026-08-11,2022,2022-05-04,-0.6640284971127209,1,-0.6640284971127208
2026-08-11,2022,2022-05-05,-0.6096684487661058,1,-0.6096684487661057
2026-08-11,2022,2022-05-06,-0.6096684487661058,1,-0.6096684487661057
2026-08-11,2022,2022-05-07,-0.6640284971127209,1,-0.6640284971127208
2026-08-11,2022,2022-05-08,-0.7727485938059514,1,-0.7727485938059513
2026-08-11,2022,2022-05-09,-0.6640284971127209,1,-0.6640284971127208
2026-08-11,2022,2022-05-10,-0.6640284971127209,1,-0.6640284971127208
2026-08-11,2022,2022-05-11,-0.6096684487661058,1,-0.6096684487661057
2026-08-11,2022,2022-05-12,-0.6640284971127209,1,-0.6640284971127208
2026-08-11,2022,2022-05-13,-0.6096684487661058,1,-0.6096684487661057
2026-08-11,2022,2022-05-14,-0.6640284971127209,1,-0.6640284971127208
2026-08-11,2022,2022-05-15,-0.7183885454593362,1,-0.7183885454593361
2026-08-11,2022,2022-05-16,-0.6640284971127209,1,-0.6640284971127208
2026-08-11,2022,2022-05-17,-0.6096684487661058,1,-0.6096684487661057
2026-08-11,2022,2022-05-18,-0.5553084004194906,1,-0.5553084004194905
2026-08-11,2022,2022-05-19,-0.5553084004194906,1,-0.5553084004194905
2026-08-11,2022,2022-05-20,-0.6096684487661058,1,-0.6096684487661057
2026-08-11,2022,2022-05-21,-0.6640284971127209,1,-0.6640284971127208
2026-08-11,2022,2022-05-22,-0.6096684487661058,1,-0.6096684487661057
2026-08-11,2022,2022-05-23,-0.5553084004194906,1,-0.5553084004194905
2026-08-11,2022,2022-05-24,-0.4465883037262602,1,-0.44658830372626
2026-08-11,2022,2022-05-25,-0.5009483520728754,1,-0.5009483520728752
2026-08-11,2022,2022-05-26,-0.5009483520728754,1,-0.5009483520728752
2026-08-11,2022,2022-05-27,-0.4465883037262602,1,-0.44658830372626
2026-08-11,2022,2022-05-28,-0.2291481103397994,1,-0.22914811033979915
2026-08-11,2022,2022-05-29,0.26009232477973737,1,0.2600923247797378
2026-08-11,2022,2022-05-30,0.04265213139327659,1,0.04265213139327693
2026-08-11,2022,2022-05-31,-0.392228255379645,1,-0.3922282553796448
2026-08-11,2022,2022-06-01,-0.392228255379645,1,-0.3922282553796448
2026-08-11,2022,2022-06-02,-0.2291481103397994,1,-0.22914811033979915
2026-08-11,2022,2022-06-03,-0.392228255379645,1,-0.3922282553796448
2026-08-11,2022,2022-06-04,-0.5009483520728754,1,-0.5009483520728752
2026-08-11,2022,2022-06-05,-0.5009483520728754,1,-0.5009483520728752
2026-08-11,2022,2022-06-06,-0.5553084004194906,1,-0.5553084004194905
2026-08-11,2022,2022-06-07,-0.6096684487661058,1,-0.6096684487661057
2026-08-11,2022,2022-06-08,-0.5553084004194906,1,-0.5553084004194905
2026-08-11,2022,2022-06-09,-0.5553084004194906,1,-0.5553084004194905
2026-08-11,2022,2022-06-10,-0.5009483520728754,1,-0.5009483520728752
2026-08-11,2022,2022-06-11,-0.6640284971127209,1,-0.6640284971127208
2026-08-11,2022,2022-06-12,-0.5553084004194906,1,-0.5553084004194905
2026-08-11,2022,2022-06-13,-0.5009483520728754,1,-0.5009483520728752
2026-08-11,2022,2022-06-14,-0.5553084004194906,1,-0.5553084004194905
2026-08-11,2022,2022-06-15,-0.5553084004194906,1,-0.5553084004194905
2026-08-11,2022,2022-06-16,-0.5009483520728754,1,-0.5009483520728752
2026-08-11,2022,2022-06-17,-0.2291481103397994,1,-0.22914811033979915
2026-08-11,2022,2022-06-18,-0.392228255379645,1,-0.3922282553796448
2026-08-11,2022,2022-06-19,0.09701217973989179,1,0.09701217973989215
2026-08-11,2022,2022-06-20,0.26009232477973737,1,0.2600923247797378
2026-08-11,2022,2022-06-21,-0.0660679652999538,1,-0.0660679652999535
2026-08-11,2022,2022-06-22,-0.1747880619931842,1,-0.17478806199318392
2026-08-11,2022,2022-06-23,-0.120428013646569,1,-0.1204280136465687
2026-08-11,2022,2022-06-24,0.6949727115526589,1,0.6949727115526595
2026-08-11,2022,2022-06-25,2.053973920218039,1,2.0539739202180405
2026-08-11,2022,2022-06-26,2.2714141136044996,1,2.271414113604501
2026-08-11,2022,2022-06-27,3.0868148388037278,1,3.086814838803729
2026-08-11,2022,2022-06-28,3.5760552739232647,1,3.5760552739232665
2026-08-11,2022,2022-06-29,4.228375854082647,1,4.228375854082649
2026-08-11,2022,2022-06-30,4.663256240855569,1,4.663256240855571
2026-08-11,2022,2022-07-01,3.684775370616495,1,3.6847753706164967
2026-08-11,2022,2022-07-02,2.6519344520308064,1,2.6519344520308077
2026-08-11,2022,2022-07-03,1.5647334850985022,1,1.5647334850985029
2026-08-11,2022,2022-07-04,0.9124129049391198,1,0.9124129049391204
2026-08-11,2022,2022-07-05,0.6949727115526589,1,0.6949727115526595
2026-08-11,2022,2022-07-06,0.4775325181661982,1,0.4775325181661987
2026-08-11,2022,2022-07-07,0.4775325181661982,1,0.4775325181661987
2026-08-11,2022,2022-07-08,0.04265213139327659,1,0.04265213139327693
2026-08-11,2022,2022-07-09,0.3688124214729678,1,0.3688124214729682
2026-08-11,2022,2022-07-10,0.5862526148594286,1,0.5862526148594291
2026-08-11,2022,2022-07-11,0.5862526148594286,1,0.5862526148594291
2026-08-11,2022,2022-07-12,0.04265213139327659,1,0.04265213139327693
2026-08-11,2022,2022-07-13,-0.120428013646569,1,-0.1204280136465687
2026-08-11,2022,2022-07-14,-0.2835081586864146,1,-0.2835081586864144
2026-08-11,2022,2022-07-15,-0.392228255379645,1,-0.3922282553796448
2026-08-11,2022,2022-07-16,-0.4465883037262602,1,-0.44658830372626
2026-08-11,2022,2022-07-17,-0.011707916953338606,1,-0.01170791695333828
2026-08-11,2022,2022-07-18,0.3688124214729678,1,0.3688124214729682
2026-08-11,2022,2022-07-19,0.09701217973989179,1,0.09701217973989215
2026-08-11,2022,2022-07-20,0.26009232477973737,1,0.2600923247797378
2026-08-11,2022,2022-07-21,0.26009232477973737,1,0.2600923247797378
2026-08-11,2022,2022-07-22,0.26009232477973737,1,0.2600923247797378
2026-08-11,2022,2022-07-23,0.5318925665128134,1,0.5318925665128139
2026-08-11,2022,2022-07-24,0.6949727115526589,1,0.6949727115526595
2026-08-11,2022,2022-07-25,0.5318925665128134,1,0.5318925665128139
2026-08-11,2022,2022-07-26,-0.0660679652999538,1,-0.0660679652999535
2026-08-11,2022,2022-07-27,0.31445237312635255,1,0.314452373126353
2026-08-11,2022,2022-07-28,0.3688124214729678,1,0.3688124214729682
2026-08-11,2022,2022-07-29,0.6949727115526589,1,0.6949727115526595
2026-08-11,2022,2022-07-30,1.1842131466721957,1,1.1842131466721963
2026-08-11,2022,2022-07-31,1.782173678484963,1,1.782173678484964
2026-08-11,2022,2022-08-01,2.1626940169112694,1,2.1626940169112707
2026-08-11,2022,2022-08-02,2.869374645417267,1,2.869374645417268
2026-08-11,2022,2022-08-03,1.9452538235248087,1,1.9452538235248096
2026-08-11,2022,2022-08-04,0.151372228086507,1,0.15137222808650738
2026-08-11,2022,2022-08-05,-0.120428013646569,1,-0.1204280136465687
2026-08-11,2022,2022-08-06,-0.0660679652999538,1,-0.0660679652999535
2026-08-11,2022,2022-08-07,0.151372228086507,1,0.15137222808650738
2026-08-11,2022,2022-08-08,0.5862526148594286,1,0.5862526148594291
2026-08-11,2022,2022-08-09,0.8036928082458893,1,0.8036928082458898
2026-08-11,2022,2022-08-10,0.6406126632060437,1,0.6406126632060443
2026-08-11,2022,2022-08-11,0.6406126632060437,1,0.6406126632060443
2026-08-11,2022,2022-08-12,0.04265213139327659,1,0.04265213139327693
2026-08-11,2022,2022-08-13,-0.3378682070330298,1,-0.33786820703302956
2026-08-11,2022,2022-08-14,0.09701217973989179,1,0.09701217973989215
2026-08-11,2022,2022-08-15,0.26009232477973737,1,0.2600923247797378
2026-08-11,2022,2022-08-16,0.26009232477973737,1,0.2600923247797378
2026-08-11,2022,2022-08-17,-0.12948729141436308,1,-0.1294872914143628
2026-08-11,2022,2022-08-18,-0.3320434019549916,1,-0.3320434019549914
2026-08-11,2022,2022-08-19,-0.2886847547045463,1,-0.2886847547045461
2026-08-11,2022,2022-08-20,-0.3385148511858466,1,-0.3385148511858464
2026-08-11,2022,2022-08-21,-0.3417505758012741,1,-0.3417505758012739
2026-08-11,2022,2022-08-22,-0.2983919285508289,1,-0.2983919285508287
2026-08-11,2022,2022-08-23,-0.1663744894339532,1,-0.16637448943395292
2026-08-11,2022,2022-08-24,-0.2291474843769635,1,-0.22914748437696325
2026-08-11,2022,2022-08-25,-0.504183763706885,1,-0.5041837637068849
2026-08-11,2022,2022-08-26,-0.4912408652451749,1,-0.49124086524517474
2026-08-11,2022,2022-08-27,-0.17284593866480827,1,-0.172845938664808
2026-08-11,2022,2022-08-28,-0.5507781355727577,1,-0.5507781355727576
2026-08-11,2022,2022-08-29,-0.5540138601881852,1,-0.5540138601881851
2026-08-11,2022,2022-08-30,-0.6038439566694854,1,-0.6038439566694853
2026-08-11,2022,2022-08-31,-0.5009480390914575,1,-0.5009480390914574
2026-08-11,2022,2022-09-01,-0.5106552129377401,1,-0.51065521293774
2026-08-11,2022,2022-09-02,-0.6569097777662132,1,-0.6569097777662131
2026-08-11,2022,2022-09-03,-0.6103154059003405,1,-0.6103154059003404
2026-08-11,2022,2022-09-04,-0.5540138601881852,1,-0.5540138601881851
2026-08-11,2022,2022-09-05,-0.40128784612885693,1,-0.4012878461288567
2026-08-11,2022,2022-09-06,-0.3948163968980019,1,-0.3948163968980017
2026-08-11,2022,2022-09-07,-0.12560367072044698,1,-0.1256036707204467
2026-08-11,2022,2022-09-08,-0.32621859687695337,1,-0.32621859687695315
2026-08-11,2022,2022-09-09,-0.5397764214951698,1,-0.5397764214951697
2026-08-11,2022,2022-09-10,-0.39740453841635887,1,-0.39740453841635864
2026-08-11,2022,2022-09-11,-0.6044909138037202,1,-0.6044909138037201
2026-08-11,2022,2022-09-12,-0.5138906245717496,1,-0.5138906245717495
2026-08-11,2022,2022-09-13,-0.5268335230334596,1,-0.5268335230334595
2026-08-11,2022,2022-09-14,-0.5009477261100395,1,-0.5009477261100393
2026-08-11,2022,2022-09-15,-0.6174338122654303,1,-0.6174338122654301
2026-08-11,2022,2022-09-16,-0.5980194645728651,1,-0.598019464572865
2026-08-11,2022,2022-09-17,-0.5721336676494451,1,-0.572133667649445
2026-08-11,2022,2022-09-18,-0.6886197538048358,1,-0.6886197538048356
2026-08-11,2022,2022-09-19,-0.6950912030356908,1,-0.6950912030356907
2026-08-11,2022,2022-09-20,-0.7015626522665459,1,-0.7015626522665458
2026-08-11,2022,2022-09-21,-0.7015626522665459,1,-0.7015626522665458
2026-08-11,2022,2022-09-22,-0.714505550728256,1,-0.7145055507282558
2026-08-11,2022,2022-09-23,-0.7727485938059514,1,-0.7727485938059513
2026-08-11,2022,2022-09-24,-0.7727485938059514,1,-0.7727485938059513
2026-08-11,2022,2022-09-25,-0.6821483045739808,1,-0.6821483045739807
2026-08-11,2022,2022-09-26,-0.6433196091888504,1,-0.6433196091888503
2026-08-11,2022,2022-09-27,-0.708034101497401,1,-0.7080341014974009
2026-08-11,2022,2022-09-28,-0.6303767107271404,1,-0.6303767107271403
2026-08-11,2022,2022-09-29,-0.6886197538048358,1,-0.6886197538048356
2026-08-11,2022,2022-09-30,-0.6821483045739808,1,-0.6821483045739807
2026-08-11,2023,2023-05-01,-0.884483000135716,1,-0.8844830001357155
2026-08-11,2023,2023-05-02,-0.9166586495649232,1,-0.9166586495649226
2026-08-11,2023,2023-05-03,-0.884483000135716,1,-0.8844830001357155
2026-08-11,2023,2023-05-04,-0.7236047529896801,1,-0.7236047529896796
2026-08-11,2023,2023-05-05,-0.7557804024188872,1,-0.7557804024188868
2026-08-11,2023,2023-05-06,-0.7557804024188872,1,-0.7557804024188868
2026-08-11,2023,2023-05-07,-0.7879560518480945,1,-0.787956051848094
2026-08-11,2023,2023-05-08,-0.9166586495649232,1,-0.9166586495649226
2026-08-11,2023,2023-05-09,-0.8523073507065088,1,-0.8523073507065083
2026-08-11,2023,2023-05-10,-0.884483000135716,1,-0.8844830001357155
2026-08-11,2023,2023-05-11,-0.8523073507065088,1,-0.8523073507065083
2026-08-11,2023,2023-05-12,-0.884483000135716,1,-0.8844830001357155
2026-08-11,2023,2023-05-13,-0.9488342989941303,1,-0.9488342989941297
2026-08-11,2023,2023-05-14,-0.9488342989941303,1,-0.9488342989941297
2026-08-11,2023,2023-05-15,-0.8523073507065088,1,-0.8523073507065083
2026-08-11,2023,2023-05-16,-0.6270778047020585,1,-0.6270778047020581
2026-08-11,2023,2023-05-17,0.24166472988653534,1,0.24166472988653528
2026-08-11,2023,2023-05-18,-0.015740465547122096,1,-0.015740465547122023
2026-08-11,2023,2023-05-19,-0.6592534541312657,1,-0.6592534541312652
2026-08-11,2023,2023-05-20,-0.8201317012773016,1,-0.8201317012773012
2026-08-11,2023,2023-05-21,-0.6592534541312657,1,-0.6592534541312652
2026-08-11,2023,2023-05-22,-0.5949021552728514,1,-0.5949021552728511
2026-08-11,2023,2023-05-23,-0.8201317012773016,1,-0.8201317012773012
2026-08-11,2023,2023-05-24,-0.8201317012773016,1,-0.8201317012773012
2026-08-11,2023,2023-05-25,-0.7557804024188872,1,-0.7557804024188868
2026-08-11,2023,2023-05-26,-0.8523073507065088,1,-0.8523073507065083
2026-08-11,2023,2023-05-27,-0.6914291035604729,1,-0.6914291035604725
2026-08-11,2023,2023-05-28,-0.7879560518480945,1,-0.787956051848094
2026-08-11,2023,2023-05-29,-0.7557804024188872,1,-0.7557804024188868
2026-08-11,2023,2023-05-30,-0.7236047529896801,1,-0.7236047529896796
2026-08-11,2023,2023-05-31,-0.884483000135716,1,-0.8844830001357155
2026-08-11,2023,2023-06-01,-0.7557804024188872,1,-0.7557804024188868
2026-08-11,2023,2023-06-02,-0.8523073507065088,1,-0.8523073507065083
2026-08-11,2023,2023-06-03,-0.884483000135716,1,-0.8844830001357155
2026-08-11,2023,2023-06-04,-0.7236047529896801,1,-0.7236047529896796
2026-08-11,2023,2023-06-05,-0.40184825869760826,1,-0.40184825869760804
2026-08-11,2023,2023-06-06,-0.6592534541312657,1,-0.6592534541312652
2026-08-11,2023,2023-06-07,-0.43402390812681546,1,-0.43402390812681524
2026-08-11,2023,2023-06-08,-0.6270778047020585,1,-0.6270778047020581
2026-08-11,2023,2023-06-09,-0.7879560518480945,1,-0.787956051848094
2026-08-11,2023,2023-06-10,-0.8201317012773016,1,-0.8201317012773012
2026-08-11,2023,2023-06-11,-0.7879560518480945,1,-0.787956051848094
2026-08-11,2023,2023-06-12,-0.7557804024188872,1,-0.7557804024188868
2026-08-11,2023,2023-06-13,-0.530550856414437,1,-0.5305508564144367
2026-08-11,2023,2023-06-14,-0.6592534541312657,1,-0.6592534541312652
2026-08-11,2023,2023-06-15,-0.6914291035604729,1,-0.6914291035604725
2026-08-11,2023,2023-06-16,-0.40184825869760826,1,-0.40184825869760804
2026-08-11,2023,2023-06-17,-0.11226741383474365,1,-0.11226741383474352
2026-08-11,2023,2023-06-18,0.3060160287449497,1,0.30601602874494965
2026-08-11,2023,2023-06-19,-0.24097001155157236,1,-0.2409700115515722
2026-08-11,2023,2023-06-20,-0.4983752069852298,1,-0.4983752069852295
2026-08-11,2023,2023-06-21,-0.5949021552728514,1,-0.5949021552728511
2026-08-11,2023,2023-06-22,-0.7557804024188872,1,-0.7557804024188868
2026-08-11,2023,2023-06-23,-0.7879560518480945,1,-0.787956051848094
2026-08-11,2023,2023-06-24,-0.5948622225041625,1,-0.5948622225041622
2026-08-11,2023,2023-06-25,-0.26283534931023406,1,-0.2628353493102339
2026-08-11,2023,2023-06-26,-0.21164318587570538,1,-0.21164318587570524
2026-08-11,2023,2023-06-27,-0.3520605407554055,1,-0.35206054075540527
2026-08-11,2023,2023-06-28,-0.020033667561476832,1,-0.020033667561476756
2026-08-11,2023,2023-06-29,0.3470975443523767,1,0.3470975443523766
2026-08-11,2023,2023-06-30,-0.297939688030159,1,-0.29793968803015886
2026-08-11,2023,2023-07-01,-0.5948622225041625,1,-0.5948622225041622
2026-08-11,2023,2023-07-02,0.05017500987837311,1,0.05017500987837315
2026-08-11,2023,2023-07-03,0.17157585075275172,1,0.1715758507527517
2026-08-11,2023,2023-07-04,-0.09024234500132688,1,-0.09024234500132677
2026-08-11,2023,2023-07-05,-0.403252704189934,1,-0.40325270418993375
2026-08-11,2023,2023-07-06,-0.03612149227608042,1,-0.036121492276080344
2026-08-11,2023,2023-07-07,0.17157585075275172,1,0.1715758507527517
2026-08-11,2023,2023-07-08,-0.14143450843585545,1,-0.14143450843585534
2026-08-11,2023,2023-07-09,0.5547948873812089,1,0.5547948873812087
2026-08-11,2023,2023-07-10,2.020391045745905,1,2.020391045745904
2026-08-11,2023,2023-07-11,2.1929840500548123,1,2.1929840500548115
2026-08-11,2023,2023-07-12,1.7234685112719017,1,1.723468511271901
2026-08-11,2023,2023-07-13,0.39828970778690514,1,0.39828970778690503
2026-08-11,2023,2023-07-14,0.15548802603814812,1,0.15548802603814812
2026-08-11,2023,2023-07-15,0.6983006626263818,1,0.6983006626263816
2026-08-11,2023,2023-07-16,2.333720867084023,1,2.333720867084022
2026-08-11,2023,2023-07-17,2.6379850911691647,1,2.6379850911691634
2026-08-11,2023,2023-07-18,2.714051147190451,1,2.7140511471904496
2026-08-11,2023,2023-07-19,1.268796082786024,1,1.2687960827860234
2026-08-11,2023,2023-07-20,0.5081355225731677,1,0.5081355225731676
2026-08-11,2023,2023-07-21,0.16583827047738245,1,0.16583827047738242
2026-08-11,2023,2023-07-22,0.05173918644545395,1,0.05173918644545399
2026-08-11,2023,2023-07-23,0.622234606605096,1,0.6222346066050959
2026-08-11,2023,2023-07-24,0.8504327746689531,1,0.8504327746689528
2026-08-11,2023,2023-07-25,1.0025648867115244,1,1.002564886711524
2026-08-11,2023,2023-07-26,1.3448621388073096,1,1.344862138807309
2026-08-11,2023,2023-07-27,1.3068291107966667,1,1.306829110796666
2026-08-11,2023,2023-07-28,1.1546969987540956,1,1.1546969987540951
2026-08-11,2023,2023-07-29,1.5730603068711662,1,1.5730603068711655
2026-08-11,2023,2023-07-30,2.447819951115951,1,2.44781995111595
2026-08-11,2023,2023-07-31,1.8392915029456662,1,1.8392915029456653
2026-08-11,2023,2023-08-01,0.5842015785944533,1,0.5842015785944532
2026-08-11,2023,2023-08-02,2.3717538950946655,1,2.3717538950946646
2026-08-11,2023,2023-08-03,2.2576548110627366,1,2.2576548110627357
2026-08-11,2023,2023-08-04,2.5238860071372367,1,2.5238860071372353
2026-08-11,2023,2023-08-05,2.5238860071372367,1,2.5238860071372353
2026-08-11,2023,2023-08-06,2.7901172032117363,1,2.790117203211735
2026-08-11,2023,2023-08-07,1.8392915029456662,1,1.8392915029456653
2026-08-11,2023,2023-08-08,0.7363336906370246,1,0.7363336906370244
2026-08-11,2023,2023-08-09,0.05173918644545395,1,0.05173918644545399
2026-08-11,2023,2023-08-10,0.12780524246673972,1,0.12780524246673972
2026-08-11,2023,2023-08-11,-0.06235989758647444,1,-0.06235989758647435
2026-08-11,2023,2023-08-12,0.3560034105305965,1,0.35600341053059636
2026-08-11,2023,2023-08-13,0.432069466551882,1,0.4320694665518819
2026-08-11,2023,2023-08-14,-0.13842595360776008,1,-0.13842595360775997
2026-08-11,2023,2023-08-15,-0.2905580656503313,1,-0.29055806565033115
2026-08-11,2023,2023-08-16,-0.21449200962904572,1,-0.21449200962904558
2026-08-11,2023,2023-08-17,1.2728856857971342,1,1.2728856857971336
2026-08-11,2023,2023-08-18,1.5221688650418153,1,1.5221688650418146
2026-08-11,2023,2023-08-19,2.300787995002293,1,2.3007879950022923
2026-08-11,2023,2023-08-20,1.9827021955205342,1,1.9827021955205333
2026-08-11,2023,2023-08-21,1.6978071335266132,1,1.6978071335266125
2026-08-11,2023,2023-08-22,0.8123523553184144,1,0.8123523553184142
2026-08-11,2023,2023-08-23,1.0782309033070145,1,1.078230903307014
2026-08-11,2023,2023-08-24,0.741128589819934,1,0.7411285898199338
2026-08-11,2023,2023-08-25,0.08594047685109493,1,0.08594047685109496
2026-08-11,2023,2023-08-26,-0.14432618838826472,1,-0.1443261883882646
2026-08-11,2023,2023-08-27,-0.1799380711375048,1,-0.17993807113750465
2026-08-11,2023,2023-08-28,-0.14432618838826472,1,-0.1443261883882646
2026-08-11,2023,2023-08-29,0.8835761208168947,1,0.8835761208168944
2026-08-11,2023,2023-08-30,0.38743090758893495,1,0.38743090758893484
2026-08-11,2023,2023-08-31,-0.1799380711375048,1,-0.17993807113750465
2026-08-11,2023,2023-09-01,-0.3223856021344655,1,-0.32238560213446527
2026-08-11,2023,2023-09-02,-0.1799380711375048,1,-0.17993807113750465
2026-08-11,2023,2023-09-03,-0.2511618366359851,1,-0.25116183663598496
2026-08-11,2023,2023-09-04,-0.3223856021344655,1,-0.32238560213446527
2026-08-11,2023,2023-09-05,-0.3223856021344655,1,-0.32238560213446527
2026-08-11,2023,2023-09-06,-0.6594879156215457,1,-0.6594879156215453
2026-08-11,2023,2023-09-07,-0.7476596979498445,1,-0.7476596979498441
2026-08-11,2023,2023-09-08,-0.8472319104133572,1,-0.8472319104133568
2026-08-11,2023,2023-09-09,-0.7476596979498445,1,-0.7476596979498441
2026-08-11,2023,2023-09-10,-0.5153245355349819,1,-0.5153245355349816
2026-08-11,2023,2023-09-11,-0.5817060105106571,1,-0.5817060105106567
2026-08-11,2023,2023-09-12,-0.6148967479984945,1,-0.6148967479984941
2026-08-11,2023,2023-09-13,-0.6148967479984945,1,-0.6148967479984941
2026-08-11,2023,2023-09-14,-0.5817060105106571,1,-0.5817060105106567
2026-08-11,2023,2023-09-15,-0.7144689604620071,1,-0.7144689604620067
2026-08-11,2023,2023-09-16,-0.448943060559307,1,-0.4489430605593067
2026-08-11,2023,2023-09-17,-0.3161801106079569,1,-0.3161801106079567
2026-08-11,2023,2023-09-18,-0.3493708480957944,1,-0.34937084809579416
2026-08-11,2023,2023-09-19,-0.5153245355349819,1,-0.5153245355349816
2026-08-11,2023,2023-09-20,-0.6812782229741696,1,-0.6812782229741692
2026-08-11,2023,2023-09-21,-0.7808504354376821,1,-0.7808504354376816
2026-08-11,2023,2023-09-22,-0.8472319104133572,1,-0.8472319104133568
2026-08-11,2023,2023-09-23,-0.8804226479011946,1,-0.8804226479011941
2026-08-11,2023,2023-09-24,-0.8804226479011946,1,-0.8804226479011941
2026-08-11,2023,2023-09-25,-0.8804226479011946,1,-0.8804226479011941
2026-08-11,2023,2023-09-26,-0.8804226479011946,1,-0.8804226479011941
2026-08-11,2023,2023-09-27,-0.8140411729255196,1,-0.8140411729255191
2026-08-11,2023,2023-09-28,-0.7476596979498445,1,-0.7476596979498441
2026-08-11,2023,2023-09-29,-0.8472319104133572,1,-0.8472319104133568
2026-08-11,2023,2023-09-30,-0.8804226479011946,1,-0.8804226479011941
2026-08-11,2024,2024-05-01,-0.7411778774703182,1,-0.7411778774703186
2026-08-11,2024,2024-05-02,-0.7411778774703182,1,-0.7411778774703186
2026-08-11,2024,2024-05-03,-0.7822720998877232,1,-0.7822720998877236
2026-08-11,2024,2024-05-04,-0.6178952102181032,1,-0.6178952102181037
2026-08-11,2024,2024-05-05,-0.6178952102181032,1,-0.6178952102181037
2026-08-11,2024,2024-05-06,-0.7822720998877232,1,-0.7822720998877236
2026-08-11,2024,2024-05-07,-0.7411778774703182,1,-0.7411778774703186
2026-08-11,2024,2024-05-08,-0.7411778774703182,1,-0.7411778774703186
2026-08-11,2024,2024-05-09,-0.7822720998877232,1,-0.7822720998877236
2026-08-11,2024,2024-05-10,-0.7411778774703182,1,-0.7411778774703186
2026-08-11,2024,2024-05-11,-0.7411778774703182,1,-0.7411778774703186
2026-08-11,2024,2024-05-12,-0.7822720998877232,1,-0.7822720998877236
2026-08-11,2024,2024-05-13,-0.7411778774703182,1,-0.7411778774703186
2026-08-11,2024,2024-05-14,-0.7411778774703182,1,-0.7411778774703186
2026-08-11,2024,2024-05-15,-0.7000836550529131,1,-0.7000836550529136
2026-08-11,2024,2024-05-16,-0.7411778774703182,1,-0.7411778774703186
2026-08-11,2024,2024-05-17,-0.6589894326355081,1,-0.6589894326355086
2026-08-11,2024,2024-05-18,-0.6178952102181032,1,-0.6178952102181037
2026-08-11,2024,2024-05-19,-0.7411778774703182,1,-0.7411778774703186
2026-08-11,2024,2024-05-20,-0.7000836550529131,1,-0.7000836550529136
2026-08-11,2024,2024-05-21,-0.6589894326355081,1,-0.6589894326355086
2026-08-11,2024,2024-05-22,-0.7000836550529131,1,-0.7000836550529136
2026-08-11,2024,2024-05-23,-0.6589894326355081,1,-0.6589894326355086
2026-08-11,2024,2024-05-24,-0.6589894326355081,1,-0.6589894326355086
2026-08-11,2024,2024-05-25,-0.7411778774703182,1,-0.7411778774703186
2026-08-11,2024,2024-05-26,-0.7411778774703182,1,-0.7411778774703186
2026-08-11,2024,2024-05-27,-0.7411778774703182,1,-0.7411778774703186
2026-08-11,2024,2024-05-28,-0.7000836550529131,1,-0.7000836550529136
2026-08-11,2024,2024-05-29,-0.6589894326355081,1,-0.6589894326355086
2026-08-11,2024,2024-05-30,-0.7000836550529131,1,-0.7000836550529136
2026-08-11,2024,2024-05-31,-0.7411778774703182,1,-0.7411778774703186
2026-08-11,2024,2024-06-01,-0.7411778774703182,1,-0.7411778774703186
2026-08-11,2024,2024-06-02,-0.7822720998877232,1,-0.7822720998877236
2026-08-11,2024,2024-06-03,-0.7000836550529131,1,-0.7000836550529136
2026-08-11,2024,2024-06-04,-0.7000836550529131,1,-0.7000836550529136
2026-08-11,2024,2024-06-05,-0.7000836550529131,1,-0.7000836550529136
2026-08-11,2024,2024-06-06,-0.7000836550529131,1,-0.7000836550529136
2026-08-11,2024,2024-06-07,-0.7000836550529131,1,-0.7000836550529136
2026-08-11,2024,2024-06-08,-0.6589894326355081,1,-0.6589894326355086
2026-08-11,2024,2024-06-09,-0.7411778774703182,1,-0.7411778774703186
2026-08-11,2024,2024-06-10,-0.6589894326355081,1,-0.6589894326355086
2026-08-11,2024,2024-06-11,-0.5357067653832932,1,-0.5357067653832936
2026-08-11,2024,2024-06-12,-0.49461254296588825,1,-0.4946125429658887
2026-08-11,2024,2024-06-13,-0.5768009878006982,1,-0.5768009878006987
2026-08-11,2024,2024-06-14,-0.3713298757136733,1,-0.37132987571367376
2026-08-11,2024,2024-06-15,-0.4535183205484833,1,-0.45351832054848373
2026-08-11,2024,2024-06-16,-0.4124240981310783,1,-0.4124240981310787
2026-08-11,2024,2024-06-17,-0.4124240981310783,1,-0.4124240981310787
2026-08-11,2024,2024-06-18,-0.5768009878006982,1,-0.5768009878006987
2026-08-11,2024,2024-06-19,-0.49461254296588825,1,-0.4946125429658887
2026-08-11,2024,2024-06-20,-0.49461254296588825,1,-0.4946125429658887
2026-08-11,2024,2024-06-21,-0.7000836550529131,1,-0.7000836550529136
2026-08-11,2024,2024-06-22,-0.6589894326355081,1,-0.6589894326355086
2026-08-11,2024,2024-06-23,-0.6589894326355081,1,-0.6589894326355086
2026-08-11,2024,2024-06-24,-0.12476454120924341,1,-0.1247645412092438
2026-08-11,2024,2024-06-25,-0.20695298604405338,1,-0.20695298604405377
2026-08-11,2024,2024-06-26,-0.28914143087886335,1,-0.2891414308788638
2026-08-11,2024,2024-06-27,-0.4535183205484833,1,-0.45351832054848373
2026-08-11,2024,2024-06-28,2.2176061365828406,1,2.2176061365828406
2026-08-11,2024,2024-06-29,0.16289501571259146,1,0.16289501571259113
2026-08-11,2024,2024-06-30,-0.5768009878006982,1,-0.5768009878006987
2026-08-11,2024,2024-07-01,1.3957216882347412,1,1.395721688234741
2026-08-11,2024,2024-07-02,1.436815910652146,1,1.4368159106521459
2026-08-11,2024,2024-07-03,1.272439020982526,1,1.2724390209825258
2026-08-11,2024,2024-07-04,2.1354176917480308,1,2.1354176917480308
2026-08-11,2024,2024-07-05,2.012135024495816,1,2.012135024495816
2026-08-11,2024,2024-07-06,2.7929252504265105,1,2.7929252504265105
2026-08-11,2024,2024-07-07,3.2449616970179656,1,3.2449616970179656
2026-08-11,2024,2024-07-08,3.0805848073483455,1,3.0805848073483455
2026-08-11,2024,2024-07-09,1.560098577904361,1,1.5600985779043608
2026-08-11,2024,2024-07-10,0.4094603502170214,1,0.40946035021702104
2026-08-11,2024,2024-07-11,-0.04257609637443344,1,-0.042576096374433825
2026-08-11,2024,2024-07-12,-0.4124240981310783,1,-0.4124240981310787
2026-08-11,2024,2024-07-13,-0.3302356532962683,1,-0.33023565329626875
2026-08-11,2024,2024-07-14,1.683381245156576,1,1.6833812451565757
2026-08-11,2024,2024-07-15,1.149156353730311,1,1.1491563537303109
2026-08-11,2024,2024-07-16,-0.04257609637443344,1,-0.042576096374433825
2026-08-11,2024,2024-07-17,-0.24804720846145836,1,-0.24804720846145875
2026-08-11,2024,2024-07-18,0.03961234846037653,1,0.03961234846037616
2026-08-11,2024,2024-07-19,1.066967908895501,1,1.0669679088955009
2026-08-11,2024,2024-07-20,1.190250576147716,1,1.1902505761477158
2026-08-11,2024,2024-07-21,2.2176061365828406,1,2.2176061365828406
2026-08-11,2024,2024-07-22,2.6696425831742956,1,2.6696425831742956
2026-08-11,2024,2024-07-23,1.272439020982526,1,1.2724390209825258
2026-08-11,2024,2024-07-24,0.3272719053822114,1,0.32727190538221107
2026-08-11,2024,2024-07-25,1.2313447985651211,1,1.231344798565121
2026-08-11,2024,2024-07-26,1.313533243399931,1,1.3135332433999307
2026-08-11,2024,2024-07-27,1.847758134826196,1,1.8477581348261958
2026-08-11,2024,2024-07-28,2.1354176917480308,1,2.1354176917480308
2026-08-11,2024,2024-07-29,2.2587003590002457,1,2.2587003590002457
2026-08-11,2024,2024-07-30,1.601192800321766,1,1.6011928003217657
2026-08-11,2024,2024-07-31,0.5327430174692364,1,0.5327430174692361
2026-08-11,2024,2024-08-01,1.066967908895501,1,1.0669679088955009
2026-08-11,2024,2024-08-02,1.149156353730311,1,1.1491563537303109
2026-08-11,2024,2024-08-03,0.9025910192258811,1,0.9025910192258809
2026-08-11,2024,2024-08-04,2.1354176917480308,1,2.1354176917480308
2026-08-11,2024,2024-08-05,1.272439020982526,1,1.2724390209825258
2026-08-11,2024,2024-08-06,0.3272719053822114,1,0.32727190538221107
2026-08-11,2024,2024-08-07,-0.08367031879183842,1,-0.08367031879183881
2026-08-11,2024,2024-08-08,0.7793083519736662,1,0.779308351973666
2026-08-11,2024,2024-08-09,1.0258736864780962,1,1.025873686478096
2026-08-11,2024,2024-08-10,1.108062131312906,1,1.1080621313129058
2026-08-11,2024,2024-08-11,1.642287022739171,1,1.6422870227391708
2026-08-11,2024,2024-08-12,1.5190043554869561,1,1.519004355486956
2026-08-11,2024,2024-08-13,0.7382141295562612,1,0.738214129556261
2026-08-11,2024,2024-08-14,0.0807065708777815,1,0.08070657087778114
2026-08-11,2024,2024-08-15,-0.3713298757136733,1,-0.37132987571367376
2026-08-11,2024,2024-08-16,-0.49461254296588825,1,-0.4946125429658887
2026-08-11,2024,2024-08-17,0.8168599673574511,1,0.8168599673574509
2026-08-11,2024,2024-08-18,1.0216225581672964,1,1.0216225581672962
2026-08-11,2024,2024-08-19,1.3992642913820257,1,1.3992642913820255
2026-08-11,2024,2024-08-20,0.009145941314328703,1,0.00914594131432833
2026-08-11,2024,2024-08-21,-0.3798321290966597,1,-0.37983212909666014
2026-08-11,2024,2024-08-22,-0.45493536310284227,1,-0.4549353631028427
2026-08-11,2024,2024-08-23,-0.41171557750162135,1,-0.4117155775016218
2026-08-11,2024,2024-08-24,-0.2388364350967376,1,-0.238836435096738
2026-08-11,2024,2024-08-25,-0.2069529866917759,1,-0.20695298669177628
2026-08-11,2024,2024-08-26,-0.44359902590658307,1,-0.4435990259065835
2026-08-11,2024,2024-08-27,-0.6164781683114667,1,-0.6164781683114672
2026-08-11,2024,2024-08-28,-0.627814505507726,1,-0.6278145055077264
2026-08-11,2024,2024-08-29,-0.6915814023176494,1,-0.6915814023176499
2026-08-11,2024,2024-08-30,-0.7461375251151294,1,-0.7461375251151299
2026-08-11,2024,2024-08-31,-0.7029177395139086,1,-0.702917739513909
2026-08-11,2024,2024-09-01,-0.6051418311152076,1,-0.605141831115208
2026-08-11,2024,2024-09-02,-0.6596979539126877,1,-0.6596979539126882
2026-08-11,2024,2024-09-03,-0.7348011879188704,1,-0.7348011879188708
2026-08-11,2024,2024-09-04,-0.7029177395139086,1,-0.702917739513909
2026-08-11,2024,2024-09-05,-0.6483616167164286,1,-0.648361616716429
2026-08-11,2024,2024-09-06,-0.584594719906505,1,-0.5845947199065055
2026-08-11,2024,2024-09-07,-0.5016977544422382,1,-0.5016977544422386
2026-08-11,2024,2024-09-08,-0.1389349641619432,1,-0.1389349641619436
2026-08-11,2024,2024-09-09,-0.547043103227275,1,-0.5470431032272755
2026-08-11,2024,2024-09-10,-0.547043103227275,1,-0.5470431032272755
2026-08-11,2024,2024-09-11,-0.47902508004971966,1,-0.4790250800497201
2026-08-11,2024,2024-09-12,-0.4563524056572013,1,-0.45635240565720175
2026-08-11,2024,2024-09-13,0.49589991882857287,1,0.49589991882857254
2026-08-11,2024,2024-09-14,-0.11626228976942474,1,-0.11626228976942513
2026-08-11,2024,2024-09-15,-0.47902508004971966,1,-0.4790250800497201
2026-08-11,2024,2024-09-16,-0.6830791495823856,1,-0.683079149582386
2026-08-11,2024,2024-09-17,-0.5243704288347566,1,-0.524370428834757
2026-08-11,2024,2024-09-18,-0.547043103227275,1,-0.5470431032272755
2026-08-11,2024,2024-09-19,0.5412452676136098,1,0.5412452676136096
2026-08-11,2024,2024-09-20,-0.2749710105170538,1,-0.27497101051705425
2026-08-11,2024,2024-09-21,-0.6830791495823856,1,-0.683079149582386
2026-08-11,2024,2024-09-22,-0.7510971727599409,1,-0.7510971727599414
2026-08-11,2024,2024-09-23,-0.7737698471524594,1,-0.7737698471524599
2026-08-11,2024,2024-09-24,-0.7964425215449779,1,-0.7964425215449783
2026-08-11,2024,2024-09-25,-0.7737698471524594,1,-0.7737698471524599
2026-08-11,2024,2024-09-26,-0.7964425215449779,1,-0.7964425215449783
2026-08-11,2024,2024-09-27,-0.8191151959374962,1,-0.8191151959374966
2026-08-11,2024,2024-09-28,-0.8191151959374962,1,-0.8191151959374966
2026-08-11,2024,2024-09-29,-0.7737698471524594,1,-0.7737698471524599
2026-08-11,2024,2024-09-30,-0.7964425215449779,1,-0.7964425215449783
2026-08-11,2025,2025-05-01,-0.8560111915968088,1,-0.8560111915968083
2026-08-11,2025,2025-05-02,-0.8957445109713132,1,-0.8957445109713127
2026-08-11,2025,2025-05-03,-0.9752111497203222,1,-0.9752111497203216
2026-08-11,2025,2025-05-04,-0.9752111497203222,1,-0.9752111497203216
2026-08-11,2025,2025-05-05,-0.9752111497203222,1,-0.9752111497203216
2026-08-11,2025,2025-05-06,-0.9752111497203222,1,-0.9752111497203216
2026-08-11,2025,2025-05-07,-0.8560111915968088,1,-0.8560111915968083
2026-08-11,2025,2025-05-08,-0.8162778722223044,1,-0.8162778722223039
2026-08-11,2025,2025-05-09,-0.8957445109713132,1,-0.8957445109713127
2026-08-11,2025,2025-05-10,-0.9752111497203222,1,-0.9752111497203216
2026-08-11,2025,2025-05-11,-0.9354778303458177,1,-0.9354778303458171
2026-08-11,2025,2025-05-12,-0.8560111915968088,1,-0.8560111915968083
2026-08-11,2025,2025-05-13,-0.7368112334732956,1,-0.7368112334732951
2026-08-11,2025,2025-05-14,-0.6573445947242866,1,-0.6573445947242862
2026-08-11,2025,2025-05-15,-0.6573445947242866,1,-0.6573445947242862
2026-08-11,2025,2025-05-16,-0.7368112334732956,1,-0.7368112334732951
2026-08-11,2025,2025-05-17,-0.8957445109713132,1,-0.8957445109713127
2026-08-11,2025,2025-05-18,-0.8162778722223044,1,-0.8162778722223039
2026-08-11,2025,2025-05-19,-0.6573445947242866,1,-0.6573445947242862
2026-08-11,2025,2025-05-20,-0.3394780397282512,1,-0.3394780397282508
2026-08-11,2025,2025-05-21,-0.2997447203537467,1,-0.29974472035374633
2026-08-11,2025,2025-05-22,-0.4984113172262689,1,-0.49841131722626847
2026-08-11,2025,2025-05-23,-0.6573445947242866,1,-0.6573445947242862
2026-08-11,2025,2025-05-24,-0.9752111497203222,1,-0.9752111497203216
2026-08-11,2025,2025-05-25,-0.9354778303458177,1,-0.9354778303458171
2026-08-11,2025,2025-05-26,-0.697077914098791,1,-0.6970779140987906
2026-08-11,2025,2025-05-27,-0.7368112334732956,1,-0.7368112334732951
2026-08-11,2025,2025-05-28,-0.5778779559752778,1,-0.5778779559752774
2026-08-11,2025,2025-05-29,-0.6573445947242866,1,-0.6573445947242862
2026-08-11,2025,2025-05-30,-0.6573445947242866,1,-0.6573445947242862
2026-08-11,2025,2025-05-31,-0.9354778303458177,1,-0.9354778303458171
2026-08-11,2025,2025-06-01,-0.7765445528478,1,-0.7765445528477994
2026-08-11,2025,2025-06-02,-0.4586779978517645,1,-0.45867799785176405
2026-08-11,2025,2025-06-03,-0.5381446366007734,1,-0.5381446366007729
2026-08-11,2025,2025-06-04,-0.4586779978517645,1,-0.45867799785176405
2026-08-11,2025,2025-06-05,-0.4586779978517645,1,-0.45867799785176405
2026-08-11,2025,2025-06-06,-0.4984113172262689,1,-0.49841131722626847
2026-08-11,2025,2025-06-07,-0.697077914098791,1,-0.6970779140987906
2026-08-11,2025,2025-06-08,-0.7765445528478,1,-0.7765445528477994
2026-08-11,2025,2025-06-09,-0.5778779559752778,1,-0.5778779559752774
2026-08-11,2025,2025-06-10,-0.6573445947242866,1,-0.6573445947242862
2026-08-11,2025,2025-06-11,-0.697077914098791,1,-0.6970779140987906
2026-08-11,2025,2025-06-12,-0.6573445947242866,1,-0.6573445947242862
2026-08-11,2025,2025-06-13,-0.697077914098791,1,-0.6970779140987906
2026-08-11,2025,2025-06-14,-0.9354778303458177,1,-0.9354778303458171
2026-08-11,2025,2025-06-15,-0.4984113172262689,1,-0.49841131722626847
2026-08-11,2025,2025-06-16,0.2962550702638198,1,0.2962550702638201
2026-08-11,2025,2025-06-17,1.0114548190048998,1,1.0114548190049
2026-08-11,2025,2025-06-18,0.9319881802558908,1,0.9319881802558909
2026-08-11,2025,2025-06-19,0.5743883058853508,1,0.5743883058853511
2026-08-11,2025,2025-06-20,0.05785515401679319,1,0.05785515401679353
2026-08-11,2025,2025-06-21,-0.1805447622302334,1,-0.18054476223023302
2026-08-11,2025,2025-06-22,0.018121834642288757,1,0.018121834642289104
2026-08-11,2025,2025-06-23,-0.10107812348122455,1,-0.10107812348122418
2026-08-11,2025,2025-06-24,-0.3792113591027556,1,-0.37921135910275516
2026-08-11,2025,2025-06-25,-0.3792113591027556,1,-0.37921135910275516
2026-08-11,2025,2025-06-26,-0.2997447203537467,1,-0.29974472035374633
2026-08-11,2025,2025-06-27,-0.2600114009792423,1,-0.2600114009792419
2026-08-11,2025,2025-06-28,-0.22027808160473786,1,-0.22027808160473744
2026-08-11,2025,2025-06-29,-0.061344804106720115,1,-0.06134480410671975
2026-08-11,2025,2025-06-30,0.1770551121403065,1,0.17705511214030684
2026-08-11,2025,2025-07-01,0.1770551121403065,1,0.17705511214030684
2026-08-11,2025,2025-07-02,0.09758847339129763,1,0.09758847339129795
2026-08-11,2025,2025-07-03,-0.02161148473221568,1,-0.021611484732215327
2026-08-11,2025,2025-07-04,0.05785515401679319,1,0.05785515401679353
2026-08-11,2025,2025-07-05,2.123987761491024,1,2.123987761491024
2026-08-11,2025,2025-07-06,2.4418543164870594,1,2.4418543164870594
2026-08-11,2025,2025-07-07,2.9186541489811124,1,2.9186541489811124
2026-08-11,2025,2025-07-08,2.7199875521085906,1,2.7199875521085906
2026-08-11,2025,2025-07-09,2.322654358363546,1,2.322654358363546
2026-08-11,2025,2025-07-10,0.9319881802558908,1,0.9319881802558909
2026-08-11,2025,2025-07-11,-0.3394780397282512,1,-0.3394780397282508
2026-08-11,2025,2025-07-12,-0.6176112753497822,1,-0.6176112753497818
2026-08-11,2025,2025-07-13,-0.41894467847726,1,-0.4189446784772596
2026-08-11,2025,2025-07-14,-0.3394780397282512,1,-0.3394780397282508
2026-08-11,2025,2025-07-15,-0.4586779978517645,1,-0.45867799785176405
2026-08-11,2025,2025-07-16,-0.5778779559752778,1,-0.5778779559752774
2026-08-11,2025,2025-07-17,-0.3394780397282512,1,-0.3394780397282508
2026-08-11,2025,2025-07-18,-0.41894467847726,1,-0.4189446784772596
2026-08-11,2025,2025-07-19,-0.3792113591027556,1,-0.37921135910275516
2026-08-11,2025,2025-07-20,0.9717214996303952,1,0.9717214996303953
2026-08-11,2025,2025-07-21,1.7266545677459795,1,1.7266545677459795
2026-08-11,2025,2025-07-22,2.0842544421165194,1,2.0842544421165194
2026-08-11,2025,2025-07-23,1.8855878452439974,1,1.8855878452439974
2026-08-11,2025,2025-07-24,1.8061212064949883,1,1.8061212064949883
2026-08-11,2025,2025-07-25,1.8458545258694927,1,1.8458545258694927
2026-08-11,2025,2025-07-26,0.6935882640088642,1,0.6935882640088644
2026-08-11,2025,2025-07-27,0.9717214996303952,1,0.9717214996303953
2026-08-11,2025,2025-07-28,1.7266545677459795,1,1.7266545677459795
2026-08-11,2025,2025-07-29,0.6538549446343598,1,0.65385494463436
2026-08-11,2025,2025-07-30,-0.10107812348122455,1,-0.10107812348122418
2026-08-11,2025,2025-07-31,-0.2600114009792423,1,-0.2600114009792419
2026-08-11,2025,2025-08-01,-0.41894467847726,1,-0.4189446784772596
2026-08-11,2025,2025-08-02,0.45518834776183753,1,0.45518834776183775
2026-08-11,2025,2025-08-03,1.8855878452439974,1,1.8855878452439974
2026-08-11,2025,2025-08-04,1.9253211646185018,1,1.9253211646185018
2026-08-11,2025,2025-08-05,2.561054274610573,1,2.561054274610573
2026-08-11,2025,2025-08-06,2.600787593985077,1,2.600787593985077
2026-08-11,2025,2025-08-07,0.6538549446343598,1,0.65385494463436
2026-08-11,2025,2025-08-08,-0.140811442855729,1,-0.1408114428557286
2026-08-11,2025,2025-08-09,-0.4984113172262689,1,-0.49841131722626847
2026-08-11,2025,2025-08-10,-0.7368112334732956,1,-0.7368112334732951
2026-08-11,2025,2025-08-11,-0.7368112334732956,1,-0.7368112334732951
2026-08-11,2025,2025-08-12,-0.697077914098791,1,-0.6970779140987906
2026-08-11,2025,2025-08-13,-0.5778779559752778,1,-0.5778779559752774
2026-08-11,2025,2025-08-14,-0.6176112753497822,1,-0.6176112753497818
2026-08-11,2025,2025-08-15,-0.5381446366007734,1,-0.5381446366007729
2026-08-11,2025,2025-08-16,0.5743883058853508,1,0.5743883058853511
2026-08-11,2025,2025-08-17,1.3727796917691713,1,1.3727796917691715
2026-08-11,2025,2025-08-18,1.601246278145819,1,1.601246278145819
2026-08-11,2025,2025-08-19,1.2784130582681,1,1.2784130582681001
2026-08-11,2025,2025-08-20,1.4870129849574951,1,1.4870129849574953
2026-08-11,2025,2025-08-21,1.0164214836725587,1,1.016421483672559
2026-08-11,2025,2025-08-22,1.1306547768608821,1,1.1306547768608823
2026-08-11,2025,2025-08-23,1.4398296682069593,1,1.4398296682069596
2026-08-11,2025,2025-08-24,1.6819545831152491,1,1.6819545831152491
2026-08-11,2025,2025-08-25,1.244888070049206,1,1.2448880700492062
2026-08-11,2025,2025-08-26,0.9828964954536646,1,0.9828964954536648
2026-08-11,2025,2025-08-27,0.06158015257104348,1,0.06158015257104382
2026-08-11,2025,2025-08-28,-0.5369029704338586,1,-0.5369029704338582
2026-08-11,2025,2025-08-29,0.37075504391712066,1,0.37075504391712094
2026-08-11,2025,2025-08-30,1.3591213632375299,1,1.35912136323753
2026-08-11,2025,2025-08-31,1.3727796917691713,1,1.3727796917691715
2026-08-11,2025,2025-09-01,1.0499464718914526,1,1.0499464718914528
2026-08-11,2025,2025-09-02,0.9357131787031289,1,0.935713178703129
2026-08-11,2025,2025-09-03,0.014396835820507676,1,0.014396835820508023
2026-08-11,2025,2025-09-04,-0.7318445685916121,1,-0.7318445685916116
2026-08-11,2025,2025-09-05,-0.8125528735610419,1,-0.8125528735610413
2026-08-11,2025,2025-09-06,-0.7318445685916121,1,-0.7318445685916116
2026-08-11,2025,2025-09-07,0.037988494062010325,1,0.03798849406201067
2026-08-11,2025,2025-09-08,1.1579714336566354,1,1.1579714336566356
2026-08-11,2025,2025-09-09,-0.18054476244425793,1,-0.18054476244425754
2026-08-11,2025,2025-09-10,-0.7268779037099286,1,-0.7268779037099281
2026-08-11,2025,2025-09-11,-0.8088278748997793,1,-0.8088278748997787
2026-08-11,2025,2025-09-12,-0.8907778460896297,1,-0.8907778460896292
2026-08-11,2025,2025-09-13,-0.8907778460896297,1,-0.8907778460896292
2026-08-11,2025,2025-09-14,-0.8088278748997793,1,-0.8088278748997787
2026-08-11,2025,2025-09-15,-0.7815112178364957,1,-0.7815112178364951
2026-08-11,2025,2025-09-16,-0.09859479125440733,1,-0.09859479125440695
2026-08-11,2025,2025-09-17,0.8574882059605163,1,0.8574882059605164
2026-08-11,2025,2025-09-18,-0.09859479125440733,1,-0.09859479125440695
2026-08-11,2025,2025-09-19,-0.8634611890263462,1,-0.8634611890263456
2026-08-11,2025,2025-09-20,-0.15322810538097437,1,-0.15322810538097398
2026-08-11,2025,2025-09-21,-0.18054476244425793,1,-0.18054476244425754
2026-08-11,2025,2025-09-22,-0.945411160216197,1,-0.9454111602161964
2026-08-11,2025,2025-09-23,-0.945411160216197,1,-0.9454111602161964
2026-08-11,2025,2025-09-24,-0.9180945031529134,1,-0.9180945031529129
2026-08-11,2025,2025-09-25,-0.9180945031529134,1,-0.9180945031529129
2026-08-11,2025,2025-09-26,-0.8907778460896297,1,-0.8907778460896292
2026-08-11,2025,2025-09-27,-0.945411160216197,1,-0.9454111602161964
2026-08-11,2025,2025-09-28,-0.9727278172794804,1,-0.9727278172794799
2026-08-11,2025,2025-09-29,-0.945411160216197,1,-0.9454111602161964
2026-08-11,2025,2025-09-30,-0.945411160216197,1,-0.9454111602161964
2026-08-12,2021,2021-05-01,-0.9525549716294608,1,-0.95255497162946
2026-08-12,2021,2021-05-02,-0.9525549716294608,1,-0.95255497162946
2026-08-12,2021,2021-05-03,-0.7889532989082084,1,-0.7889532989082078
2026-08-12,2021,2021-05-04,-0.9525549716294608,1,-0.95255497162946
2026-08-12,2021,2021-05-05,-0.765581631376601,1,-0.7655816313766003
2026-08-12,2021,2021-05-06,-0.5318649560605261,1,-0.5318649560605255
2026-08-12,2021,2021-05-07,-0.6019799586553486,1,-0.601979958655348
2026-08-12,2021,2021-05-08,-0.6487232937185635,1,-0.6487232937185629
2026-08-12,2021,2021-05-09,-0.2981482807444512,1,-0.29814828074445077
2026-08-12,2021,2021-05-10,-0.43837828593409617,1,-0.4383782859340956
2026-08-12,2021,2021-05-11,-0.6487232937185635,1,-0.6487232937185629
2026-08-12,2021,2021-05-12,-0.6019799586553486,1,-0.601979958655348
2026-08-12,2021,2021-05-13,-0.578608291123741,1,-0.5786082911237405
2026-08-12,2021,2021-05-14,-0.41500661840248865,1,-0.41500661840248815
2026-08-12,2021,2021-05-15,-0.3916349508708812,1,-0.3916349508708807
2026-08-12,2021,2021-05-16,-0.718838296313386,1,-0.7188382963133854
2026-08-12,2021,2021-05-17,-0.2046616106180213,1,-0.20466161061802088
2026-08-12,2021,2021-05-18,-0.5318649560605261,1,-0.5318649560605255
2026-08-12,2021,2021-05-19,-0.578608291123741,1,-0.5786082911237405
2026-08-12,2021,2021-05-20,-0.8123249664398159,1,-0.8123249664398152
2026-08-12,2021,2021-05-21,-0.5084932885289186,1,-0.5084932885289181
2026-08-12,2021,2021-05-22,-0.9525549716294608,1,-0.95255497162946
2026-08-12,2021,2021-05-23,-0.578608291123741,1,-0.5786082911237405
2026-08-12,2021,2021-05-24,-0.32151994827605873,1,-0.32151994827605823
2026-08-12,2021,2021-05-25,-0.27477661321284375,1,-0.2747766132128433
2026-08-12,2021,2021-05-26,-0.43837828593409617,1,-0.4383782859340956
2026-08-12,2021,2021-05-27,-0.6019799586553486,1,-0.601979958655348
2026-08-12,2021,2021-05-28,-0.5552366235921335,1,-0.555236623592133
2026-08-12,2021,2021-05-29,-0.6019799586553486,1,-0.601979958655348
2026-08-12,2021,2021-05-30,-0.578608291123741,1,-0.5786082911237405
2026-08-12,2021,2021-05-31,-0.2280332781496288,1,-0.22803327814962834
2026-08-12,2021,2021-06-01,-0.1812899430864138,1,-0.18128994308641339
2026-08-12,2021,2021-06-02,-0.46174995346570363,1,-0.4617499534657031
2026-08-12,2021,2021-06-03,-0.41500661840248865,1,-0.41500661840248815
2026-08-12,2021,2021-06-04,-0.6954666287817785,1,-0.6954666287817778
2026-08-12,2021,2021-06-05,-0.6019799586553486,1,-0.601979958655348
2026-08-12,2021,2021-06-06,-0.4851216209973111,1,-0.48512162099731054
2026-08-12,2021,2021-06-07,0.005683397166446086,1,0.0056833971664464154
2026-08-12,2021,2021-06-08,0.6367184205198482,1,0.6367184205198482
2026-08-12,2021,2021-06-09,0.8470634283043156,1,0.8470634283043156
2026-08-12,2021,2021-06-10,1.010665101025568,1,1.0106651010255678
2026-08-12,2021,2021-06-11,0.4731167477985958,1,0.4731167477985959
2026-08-12,2021,2021-06-12,0.005683397166446086,1,0.0056833971664464154
2026-08-12,2021,2021-06-13,-0.08780327295998386,1,-0.08780327295998348
2026-08-12,2021,2021-06-14,-0.27477661321284375,1,-0.2747766132128433
2026-08-12,2021,2021-06-15,-0.13454660802319884,1,-0.13454660802319846
2026-08-12,2021,2021-06-16,-0.3448916158076662,1,-0.3448916158076657
2026-08-12,2021,2021-06-17,-0.32151994827605873,1,-0.32151994827605823
2026-08-12,2021,2021-06-18,-0.5084932885289186,1,-0.5084932885289181
2026-08-12,2021,2021-06-19,-0.765581631376601,1,-0.7655816313766003
2026-08-12,2021,2021-06-20,-0.43837828593409617,1,-0.4383782859340956
2026-08-12,2021,2021-06-21,-0.1579182755548063,1,-0.1579182755548059
2026-08-12,2021,2021-06-22,-0.1812899430864138,1,-0.18128994308641339
2026-08-12,2021,2021-06-23,-0.43837828593409617,1,-0.4383782859340956
2026-08-12,2021,2021-06-24,-0.5436559075426436,1,-0.543655907542643
2026-08-12,2021,2021-06-25,-0.49191937482498616,1,-0.4919193748249856
2026-08-12,2021,2021-06-26,-0.22155087747089514,1,-0.2215508774708947
2026-08-12,2021,2021-06-27,-0.5436559075426436,1,-0.543655907542643
2026-08-12,2021,2021-06-28,-0.2732874101885526,1,-0.2732874101885522
2026-08-12,2021,2021-06-29,-0.1581285109874339,1,-0.1581285109874335
2026-08-12,2021,2021-06-30,-0.4401828421073287,1,-0.44018284210732816
2026-08-12,2021,2021-07-01,-0.4401828421073287,1,-0.44018284210732816
2026-08-12,2021,2021-07-02,-0.6070782740261048,1,-0.6070782740261043
2026-08-12,2021,2021-07-03,-0.7222371732272235,1,-0.7222371732272228
2026-08-12,2021,2021-07-04,-0.6187641077919086,1,-0.618764107791908
2026-08-12,2021,2021-07-05,-0.5036052085907899,1,-0.5036052085907894
2026-08-12,2021,2021-07-06,-0.06634127931792268,1,-0.06634127931792232
2026-08-12,2021,2021-07-07,-0.09470614450397276,1,-0.09470614450397238
2026-08-12,2021,2021-07-08,-0.3767604756238675,1,-0.376760475623867
2026-08-12,2021,2021-07-09,-0.3483956104378175,1,-0.348395610437817
2026-08-12,2021,2021-07-10,1.4073527427650123,1,1.4073527427650119
2026-08-12,2021,2021-07-11,0.6129262821229855,1,0.6129262821229856
2026-08-12,2021,2021-07-12,1.188720778128579,1,1.1887207781285787
2026-08-12,2021,2021-07-13,0.4059801512523556,1,0.40598015125235576
2026-08-12,2021,2021-07-14,0.12392582013246092,1,0.1239258201324612
2026-08-12,2021,2021-07-15,0.352228826928838,1,0.35222882692883817
2026-08-12,2021,2021-07-16,1.259904512882437,1,1.2599045128824367
2026-08-12,2021,2021-07-17,1.430093703998737,1,1.4300937039987365
2026-08-12,2021,2021-07-18,2.564688311440736,1,2.5646883114407353
2026-08-12,2021,2021-07-19,4.7204180655805335,1,4.720418065580532
2026-08-12,2021,2021-07-20,3.188715345533835,1,3.188715345533834
2026-08-12,2021,2021-07-21,2.3944991203244363,1,2.394499120324436
2026-08-12,2021,2021-07-22,2.2243099292081365,1,2.224309929208136
2026-08-12,2021,2021-07-23,2.281039659580236,1,2.2810396595802356
2026-08-12,2021,2021-07-24,1.7704720862313363,1,1.7704720862313357
2026-08-12,2021,2021-07-25,1.486823434370837,1,1.4868234343708366
2026-08-12,2021,2021-07-26,0.9762558610219375,1,0.9762558610219374
2026-08-12,2021,2021-07-27,0.40895855730093783,1,0.408958557300938
2026-08-12,2021,2021-07-28,0.8060666699056377,1,0.8060666699056377
2026-08-12,2021,2021-07-29,0.8627964002777375,1,0.8627964002777375
2026-08-12,2021,2021-07-30,0.8627964002777375,1,0.8627964002777375
2026-08-12,2021,2021-07-31,1.0329855913940373,1,1.0329855913940371
2026-08-12,2021,2021-08-01,1.6002828951150365,1,1.600282895115036
2026-08-12,2021,2021-08-02,2.110850468463936,1,2.1108504684639358
2026-08-12,2021,2021-08-03,2.281039659580236,1,2.2810396595802356
2026-08-12,2021,2021-08-04,2.905066693673336,1,2.905066693673335
2026-08-12,2021,2021-08-05,2.2243099292081365,1,2.224309929208136
2026-08-12,2021,2021-08-06,1.7137423558592368,1,1.7137423558592364
2026-08-12,2021,2021-08-07,0.6358774787893379,1,0.6358774787893379
2026-08-12,2021,2021-08-08,0.12530990544043816,1,0.12530990544043843
2026-08-12,2021,2021-08-09,0.8060666699056377,1,0.8060666699056377
2026-08-12,2021,2021-08-10,2.0541207380918367,1,2.0541207380918363
2026-08-12,2021,2021-08-11,1.0897153217661373,1,1.089715321766137
2026-08-12,2021,2021-08-12,0.011850444696238329,1,0.011850444696238657
2026-08-12,2021,2021-08-13,-0.38525766790846133,1,-0.38525766790846083
2026-08-12,2021,2021-08-14,-0.6121765893968611,1,-0.6121765893968606
2026-08-12,2021,2021-08-15,-0.725636050141061,1,-0.7256360501410604
2026-08-12,2021,2021-08-16,-0.5554468590247612,1,-0.5554468590247607
2026-08-12,2021,2021-08-17,-0.3298448819615692,1,-0.3298448819615687
2026-08-12,2021,2021-08-18,-0.15269204266376246,1,-0.15269204266376207
2026-08-12,2021,2021-08-19,0.13872692934342973,1,0.13872692934343
2026-08-12,2021,2021-08-20,0.0014462356991300318,1,0.0014462356991303636
2026-08-12,2021,2021-08-21,-0.04993319042183413,1,-0.04993319042183378
2026-08-12,2021,2021-08-22,0.1157123684085155,1,0.11571236840851577
2026-08-12,2021,2021-08-23,-0.21557874925218376,1,-0.21557874925218334
2026-08-12,2021,2021-08-24,-0.03842590995437701,1,-0.03842590995437666
2026-08-12,2021,2021-08-25,0.2529930620528152,1,0.2529930620528154
2026-08-12,2021,2021-08-26,1.332767682558249,1,1.3327676825582486
2026-08-12,2021,2021-08-27,0.9385898583091283,1,0.9385898583091282
2026-08-12,2021,2021-08-28,1.1441075627929849,1,1.1441075627929846
2026-08-12,2021,2021-08-29,0.1157123684085155,1,0.11571236840851577
2026-08-12,2021,2021-08-30,0.4815253274715861,1,0.4815253274715862
2026-08-12,2021,2021-08-31,-0.2669581753731479,1,-0.2669581753731475
2026-08-12,2021,2021-09-01,-0.6097565735013044,1,-0.6097565735013039
2026-08-12,2021,2021-09-02,-0.7869094127991112,1,-0.7869094127991105
2026-08-12,2021,2021-09-03,-0.6726432800897256,1,-0.672643280089725
2026-08-12,2021,2021-09-04,-0.72402270621069,1,-0.7240227062106893
2026-08-12,2021,2021-09-05,-0.9525549716294608,1,-0.95255497162946
2026-08-12,2021,2021-09-06,-0.7869094127991112,1,-0.7869094127991105
2026-08-12,2021,2021-09-07,-0.7224093622803187,1,-0.722409362280318
2026-08-12,2021,2021-09-08,-0.7684384841501471,1,-0.7684384841501465
2026-08-12,2021,2021-09-09,-0.7224093622803187,1,-0.722409362280318
2026-08-12,2021,2021-09-10,-0.6533656794755761,1,-0.6533656794755754
2026-08-12,2021,2021-09-11,-0.6993948013454045,1,-0.6993948013454039
2026-08-12,2021,2021-09-12,-0.6993948013454045,1,-0.6993948013454039
2026-08-12,2021,2021-09-13,-0.6303511185406618,1,-0.6303511185406612
2026-08-12,2021,2021-09-14,-0.7684384841501471,1,-0.7684384841501465
2026-08-12,2021,2021-09-15,-0.6763802404104903,1,-0.6763802404104896
2026-08-12,2021,2021-09-16,-0.7914530450850613,1,-0.7914530450850606
2026-08-12,2021,2021-09-17,-0.9525549716294608,1,-0.95255497162946
2026-08-12,2021,2021-09-18,-0.9525549716294608,1,-0.95255497162946
2026-08-12,2021,2021-09-19,-0.7454239232152329,1,-0.7454239232152322
2026-08-12,2021,2021-09-20,-0.7914530450850613,1,-0.7914530450850606
2026-08-12,2021,2021-09-21,-0.6993948013454045,1,-0.6993948013454039
2026-08-12,2021,2021-09-22,-0.6993948013454045,1,-0.6993948013454039
2026-08-12,2021,2021-09-23,-0.46924919199626236,1,-0.4692491919962618
2026-08-12,2021,2021-09-24,-0.5843219966708334,1,-0.5843219966708328
2026-08-12,2021,2021-09-25,-0.9525549716294608,1,-0.95255497162946
2026-08-12,2021,2021-09-26,-0.9525549716294608,1,-0.95255497162946
2026-08-12,2021,2021-09-27,-0.7684384841501471,1,-0.7684384841501465
2026-08-12,2021,2021-09-28,-0.9525549716294608,1,-0.95255497162946
2026-08-12,2021,2021-09-29,-0.9525549716294608,1,-0.95255497162946
2026-08-12,2021,2021-09-30,-0.9525549716294608,1,-0.95255497162946
2026-08-12,2022,2022-05-01,-0.7141591768443661,1,-0.7141591768443663
2026-08-12,2022,2022-05-02,-0.6602114361775357,1,-0.6602114361775359
2026-08-12,2022,2022-05-03,-0.7141591768443661,1,-0.7141591768443663
2026-08-12,2022,2022-05-04,-0.6602114361775357,1,-0.6602114361775359
2026-08-12,2022,2022-05-05,-0.5523159548438751,1,-0.5523159548438752
2026-08-12,2022,2022-05-06,-0.6062636955107055,1,-0.6062636955107056
2026-08-12,2022,2022-05-07,-0.6602114361775357,1,-0.6602114361775359
2026-08-12,2022,2022-05-08,-0.6602114361775357,1,-0.6602114361775359
2026-08-12,2022,2022-05-09,-0.6602114361775357,1,-0.6602114361775359
2026-08-12,2022,2022-05-10,-0.6602114361775357,1,-0.6602114361775359
2026-08-12,2022,2022-05-11,-0.6062636955107055,1,-0.6062636955107056
2026-08-12,2022,2022-05-12,-0.6062636955107055,1,-0.6062636955107056
2026-08-12,2022,2022-05-13,-0.6062636955107055,1,-0.6062636955107056
2026-08-12,2022,2022-05-14,-0.6062636955107055,1,-0.6062636955107056
2026-08-12,2022,2022-05-15,-0.7141591768443661,1,-0.7141591768443663
2026-08-12,2022,2022-05-16,-0.7141591768443661,1,-0.7141591768443663
2026-08-12,2022,2022-05-17,-0.6062636955107055,1,-0.6062636955107056
2026-08-12,2022,2022-05-18,-0.5523159548438751,1,-0.5523159548438752
2026-08-12,2022,2022-05-19,-0.5523159548438751,1,-0.5523159548438752
2026-08-12,2022,2022-05-20,-0.5523159548438751,1,-0.5523159548438752
2026-08-12,2022,2022-05-21,-0.6602114361775357,1,-0.6602114361775359
2026-08-12,2022,2022-05-22,-0.6062636955107055,1,-0.6062636955107056
2026-08-12,2022,2022-05-23,-0.4983682141770448,1,-0.49836821417704485
2026-08-12,2022,2022-05-24,-0.4983682141770448,1,-0.49836821417704485
2026-08-12,2022,2022-05-25,-0.4983682141770448,1,-0.49836821417704485
2026-08-12,2022,2022-05-26,-0.44442047351021446,1,-0.4444204735102145
2026-08-12,2022,2022-05-27,-0.44442047351021446,1,-0.4444204735102145
2026-08-12,2022,2022-05-28,-0.22862951084289318,1,-0.2286295108428932
2026-08-12,2022,2022-05-29,0.2569001551585798,1,0.25690015515857983
2026-08-12,2022,2022-05-30,0.04110919249125845,1,0.041109192491258474
2026-08-12,2022,2022-05-31,-0.39047273284338413,1,-0.3904727328433842
2026-08-12,2022,2022-06-01,-0.39047273284338413,1,-0.3904727328433842
2026-08-12,2022,2022-06-02,-0.2825772515097235,1,-0.28257725150972357
2026-08-12,2022,2022-06-03,-0.39047273284338413,1,-0.3904727328433842
2026-08-12,2022,2022-06-04,-0.4983682141770448,1,-0.49836821417704485
2026-08-12,2022,2022-06-05,-0.5523159548438751,1,-0.5523159548438752
2026-08-12,2022,2022-06-06,-0.5523159548438751,1,-0.5523159548438752
2026-08-12,2022,2022-06-07,-0.6062636955107055,1,-0.6062636955107056
2026-08-12,2022,2022-06-08,-0.5523159548438751,1,-0.5523159548438752
2026-08-12,2022,2022-06-09,-0.5523159548438751,1,-0.5523159548438752
2026-08-12,2022,2022-06-10,-0.5523159548438751,1,-0.5523159548438752
2026-08-12,2022,2022-06-11,-0.6062636955107055,1,-0.6062636955107056
2026-08-12,2022,2022-06-12,-0.5523159548438751,1,-0.5523159548438752
2026-08-12,2022,2022-06-13,-0.4983682141770448,1,-0.49836821417704485
2026-08-12,2022,2022-06-14,-0.6062636955107055,1,-0.6062636955107056
2026-08-12,2022,2022-06-15,-0.5523159548438751,1,-0.5523159548438752
2026-08-12,2022,2022-06-16,-0.5523159548438751,1,-0.5523159548438752
2026-08-12,2022,2022-06-17,-0.22862951084289318,1,-0.2286295108428932
2026-08-12,2022,2022-06-18,-0.44442047351021446,1,-0.4444204735102145
2026-08-12,2022,2022-06-19,0.04110919249125845,1,0.041109192491258474
2026-08-12,2022,2022-06-20,0.2569001551585798,1,0.25690015515857983
2026-08-12,2022,2022-06-21,-0.06678628884240219,1,-0.06678628884240219
2026-08-12,2022,2022-06-22,-0.17468177017606284,1,-0.17468177017606287
2026-08-12,2022,2022-06-23,-0.12073402950923252,1,-0.12073402950923252
2026-08-12,2022,2022-06-24,0.7424298211600526,1,0.7424298211600527
2026-08-12,2022,2022-06-25,2.0371755971639804,1,2.037175597163981
2026-08-12,2022,2022-06-26,2.1990188191644715,1,2.199018819164472
2026-08-12,2022,2022-06-27,3.170078151167417,1,3.1700781511674174
2026-08-12,2022,2022-06-28,3.60166007650206,1,3.6016600765020605
2026-08-12,2022,2022-06-29,4.195085223837194,1,4.195085223837195
2026-08-12,2022,2022-06-30,4.626667149171836,1,4.626667149171837
2026-08-12,2022,2022-07-01,3.7095555578357207,1,3.709555557835721
2026-08-12,2022,2022-07-02,2.6306007444991137,1,2.630600744499114
2026-08-12,2022,2022-07-03,1.6055936718293378,1,1.605593671829338
2026-08-12,2022,2022-07-04,0.9042730431605436,1,0.9042730431605437
2026-08-12,2022,2022-07-05,0.7424298211600526,1,0.7424298211600527
2026-08-12,2022,2022-07-06,0.47269111782590106,1,0.4726911178259011
2026-08-12,2022,2022-07-07,0.47269111782590106,1,0.4726911178259011
2026-08-12,2022,2022-07-08,0.04110919249125845,1,0.041109192491258474
2026-08-12,2022,2022-07-09,0.31084789582541006,1,0.3108478958254101
2026-08-12,2022,2022-07-10,0.5805865991595617,1,0.5805865991595618
2026-08-12,2022,2022-07-11,0.5805865991595617,1,0.5805865991595618
2026-08-12,2022,2022-07-12,0.09505693315808877,1,0.0950569331580888
2026-08-12,2022,2022-07-13,-0.12073402950923252,1,-0.12073402950923252
2026-08-12,2022,2022-07-14,-0.2825772515097235,1,-0.28257725150972357
2026-08-12,2022,2022-07-15,-0.3904727328433842,1,-0.39047273284338424
2026-08-12,2022,2022-07-16,-0.4444204735102146,1,-0.44442047351021463
2026-08-12,2022,2022-07-17,0.04110919249125836,1,0.041109192491258384
2026-08-12,2022,2022-07-18,0.3647956364922402,1,0.3647956364922403
2026-08-12,2022,2022-07-19,0.09505693315808869,1,0.09505693315808872
2026-08-12,2022,2022-07-20,0.3108478958254099,1,0.31084789582540995
2026-08-12,2022,2022-07-21,0.25690015515857956,1,0.2569001551585796
2026-08-12,2022,2022-07-22,0.20295241449174925,1,0.20295241449174928
2026-08-12,2022,2022-07-23,0.5805865991595615,1,0.5805865991595616
2026-08-12,2022,2022-07-24,0.6884820804932221,1,0.6884820804932222
2026-08-12,2022,2022-07-25,0.5266388584927312,1,0.5266388584927313
2026-08-12,2022,2022-07-26,-0.06678628884240229,1,-0.06678628884240229
2026-08-12,2022,2022-07-27,0.3108478958254099,1,0.31084789582540995
2026-08-12,2022,2022-07-28,0.3647956364922402,1,0.3647956364922403
2026-08-12,2022,2022-07-29,0.6884820804932221,1,0.6884820804932222
2026-08-12,2022,2022-07-30,1.1740117464946949,1,1.174011746494695
2026-08-12,2022,2022-07-31,1.7674368938298284,1,1.7674368938298286
2026-08-12,2022,2022-08-01,2.1450710784976406,1,2.145071078497641
2026-08-12,2022,2022-08-02,2.900339447833265,1,2.9003394478332654
2026-08-12,2022,2022-08-03,1.9292801158303194,1,1.9292801158303197
2026-08-12,2022,2022-08-04,0.09505693315808869,1,0.09505693315808872
2026-08-12,2022,2022-08-05,-0.12073402950923261,1,-0.12073402950923261
2026-08-12,2022,2022-08-06,-0.06678628884240229,1,-0.06678628884240229
2026-08-12,2022,2022-08-07,0.14900467382491892,1,0.14900467382491894
2026-08-12,2022,2022-08-08,0.5805865991595615,1,0.5805865991595616
2026-08-12,2022,2022-08-09,0.8503253024937132,1,0.8503253024937133
2026-08-12,2022,2022-08-10,0.6345343398263918,1,0.634534339826392
2026-08-12,2022,2022-08-11,0.6345343398263918,1,0.634534339826392
2026-08-12,2022,2022-08-12,0.09505693315808869,1,0.09505693315808872
2026-08-12,2022,2022-08-13,-0.33652499217655385,1,-0.3365249921765539
2026-08-12,2022,2022-08-14,0.09505693315808869,1,0.09505693315808872
2026-08-12,2022,2022-08-15,0.3108478958254099,1,0.31084789582540995
2026-08-12,2022,2022-08-16,0.25690015515857956,1,0.2569001551585796
2026-08-12,2022,2022-08-17,-0.18261658877245251,1,-0.18261658877245254
2026-08-12,2022,2022-08-18,-0.336525984021457,1,-0.33652598402145706
2026-08-12,2022,2022-08-19,-0.29368520406874643,1,-0.2936852040687465
2026-08-12,2022,2022-08-20,-0.29051182214488736,1,-0.2905118221448874
2026-08-12,2022,2022-08-21,-0.3270058382498797,1,-0.3270058382498798
2026-08-12,2022,2022-08-22,-0.29368520406874643,1,-0.2936852040687465
2026-08-12,2022,2022-08-23,-0.1699230610770161,1,-0.16992306107701613
2026-08-12,2022,2022-08-24,-0.22863075064902216,1,-0.2286307506490222
2026-08-12,2022,2022-08-25,-0.503128906965898,1,-0.5031289069658981
2026-08-12,2022,2022-08-26,-0.4936087611943207,1,-0.49360876119432073
2026-08-12,2022,2022-08-27,-0.1730964430008752,1,-0.17309644300087523
2026-08-12,2022,2022-08-28,-0.5586632146140449,1,-0.558663214614045
2026-08-12,2022,2022-08-29,-0.5459696869186086,1,-0.5459696869186087
2026-08-12,2022,2022-08-30,-0.6110241403383329,1,-0.611024140338333
2026-08-12,2022,2022-08-31,-0.48726199734660247,1,-0.4872619973466025
2026-08-12,2022,2022-09-01,-0.506302288889757,1,-0.5063022888897571
2026-08-12,2022,2022-09-02,-0.617370904186051,1,-0.6173709041860511
2026-08-12,2022,2022-09-03,-0.6046773764906146,1,-0.6046773764906147
2026-08-12,2022,2022-09-04,-0.5491430688424676,1,-0.5491430688424677
2026-08-12,2022,2022-09-05,-0.4412478354700327,1,-0.44124783547003277
2026-08-12,2022,2022-09-06,-0.38888690974574486,1,-0.3888869097457449
2026-08-12,2022,2022-09-07,-0.13343053273937835,1,-0.13343053273937838
2026-08-12,2022,2022-09-08,-0.36191403125723287,1,-0.3619140312572329
2026-08-12,2022,2022-09-09,-0.5650104743842147,1,-0.5650104743842148
2026-08-12,2022,2022-09-10,-0.43172843358213286,1,-0.4317284335821329
2026-08-12,2022,2022-09-11,-0.5903975297750874,1,-0.5903975297750875
2026-08-12,2022,2022-09-12,-0.5205831274501874,1,-0.5205831274501875
2026-08-12,2022,2022-09-13,-0.5142363636024692,1,-0.5142363636024693
2026-08-12,2022,2022-09-14,-0.5078895997547511,1,-0.5078895997547512
2026-08-12,2022,2022-09-15,-0.6348248767091146,1,-0.6348248767091147
2026-08-12,2022,2022-09-16,-0.6030910574705237,1,-0.6030910574705238
2026-08-12,2022,2022-09-17,-0.577704002079651,1,-0.5777040020796511
2026-08-12,2022,2022-09-18,-0.7046392790340146,1,-0.7046392790340147
2026-08-12,2022,2022-09-19,-0.6919457513385783,1,-0.6919457513385784
2026-08-12,2022,2022-09-20,-0.7109860428817328,1,-0.710986042881733
2026-08-12,2022,2022-09-21,-0.6982925151862964,1,-0.6982925151862965
2026-08-12,2022,2022-09-22,-0.7681069175111964,1,-0.7681069175111965
2026-08-12,2022,2022-09-23,-0.7681069175111964,1,-0.7681069175111965
2026-08-12,2022,2022-09-24,-0.7681069175111964,1,-0.7681069175111965
2026-08-12,2022,2022-09-25,-0.6792522236431419,1,-0.679252223643142
2026-08-12,2022,2022-09-26,-0.6221313490136783,1,-0.6221313490136784
2026-08-12,2022,2022-09-27,-0.6855989874908601,1,-0.6855989874908602
2026-08-12,2022,2022-09-28,-0.7681069175111964,1,-0.7681069175111965
2026-08-12,2022,2022-09-29,-0.6855989874908601,1,-0.6855989874908602
2026-08-12,2022,2022-09-30,-0.6729054597954237,1,-0.6729054597954238
2026-08-12,2023,2023-05-01,-0.8835788145137775,1,-0.8835788145137774
2026-08-12,2023,2023-05-02,-0.9158811449749316,1,-0.9158811449749314
2026-08-12,2023,2023-05-03,-0.8835788145137775,1,-0.8835788145137774
2026-08-12,2023,2023-05-04,-0.722067162208007,1,-0.7220671622080069
2026-08-12,2023,2023-05-05,-0.689764831746853,1,-0.6897648317468529
2026-08-12,2023,2023-05-06,-0.722067162208007,1,-0.7220671622080069
2026-08-12,2023,2023-05-07,-0.8189741535914693,1,-0.8189741535914692
2026-08-12,2023,2023-05-08,-0.9158811449749316,1,-0.9158811449749314
2026-08-12,2023,2023-05-09,-0.8835788145137775,1,-0.8835788145137774
2026-08-12,2023,2023-05-10,-0.8835788145137775,1,-0.8835788145137774
2026-08-12,2023,2023-05-11,-0.8189741535914693,1,-0.8189741535914692
2026-08-12,2023,2023-05-12,-0.8835788145137775,1,-0.8835788145137774
2026-08-12,2023,2023-05-13,-0.9481834754360856,1,-0.9481834754360855
2026-08-12,2023,2023-05-14,-0.9481834754360856,1,-0.9481834754360855
2026-08-12,2023,2023-05-15,-0.85127648405262335,1,-0.8512764840526232
2026-08-12,2023,2023-05-16,-0.6251601708245449,1,-0.6251601708245448
2026-08-12,2023,2023-05-17,0.21470042116546117,1,0.21470042116546129
2026-08-12,2023,2023-05-18,0.020886438398536718,1,0.020886438398536825
2026-08-12,2023,2023-05-19,-0.6574625012856989,1,-0.6574625012856988
2026-08-12,2023,2023-05-20,-0.85127648405262335,1,-0.8512764840526232
2026-08-12,2023,2023-05-21,-0.5928578403633907,1,-0.5928578403633906
2026-08-12,2023,2023-05-22,-0.5928578403633907,1,-0.5928578403633906
2026-08-12,2023,2023-05-23,-0.85127648405262335,1,-0.8512764840526232
2026-08-12,2023,2023-05-24,-0.8189741535914693,1,-0.8189741535914692
2026-08-12,2023,2023-05-25,-0.7543694926691612,1,-0.7543694926691611
2026-08-12,2023,2023-05-26,-0.85127648405262335,1,-0.8512764840526232
2026-08-12,2023,2023-05-27,-0.722067162208007,1,-0.7220671622080069
2026-08-12,2023,2023-05-28,-0.7866718231303153,1,-0.7866718231303151
2026-08-12,2023,2023-05-29,-0.7866718231303153,1,-0.7866718231303151
2026-08-12,2023,2023-05-30,-0.7543694926691612,1,-0.7543694926691611
2026-08-12,2023,2023-05-31,-0.85127648405262335,1,-0.8512764840526232
2026-08-12,2023,2023-06-01,-0.722067162208007,1,-0.7220671622080069
2026-08-12,2023,2023-06-02,-0.85127648405262335,1,-0.8512764840526232
2026-08-12,2023,2023-06-03,-0.8835788145137775,1,-0.8835788145137774
2026-08-12,2023,2023-06-04,-0.6574625012856989,1,-0.6574625012856988
2026-08-12,2023,2023-06-05,-0.3990438575964663,1,-0.3990438575964662
2026-08-12,2023,2023-06-06,-0.689764831746853,1,-0.6897648317468529
2026-08-12,2023,2023-06-07,-0.43134618805762037,1,-0.43134618805762026
2026-08-12,2023,2023-06-08,-0.5928578403633907,1,-0.5928578403633906
2026-08-12,2023,2023-06-09,-0.7866718231303153,1,-0.7866718231303151
2026-08-12,2023,2023-06-10,-0.8189741535914693,1,-0.8189741535914692
2026-08-12,2023,2023-06-11,-0.8189741535914693,1,-0.8189741535914692
2026-08-12,2023,2023-06-12,-0.7866718231303153,1,-0.7866718231303151
2026-08-12,2023,2023-06-13,-0.5605555099022367,1,-0.5605555099022366
2026-08-12,2023,2023-06-14,-0.6574625012856989,1,-0.6574625012856988
2026-08-12,2023,2023-06-15,-0.722067162208007,1,-0.7220671622080069
2026-08-12,2023,2023-06-16,-0.43134618805762037,1,-0.43134618805762026
2026-08-12,2023,2023-06-17,-0.14062521390723368,1,-0.14062521390723356
2026-08-12,2023,2023-06-18,0.3439097430100775,1,0.3439097430100776
2026-08-12,2023,2023-06-19,-0.20522987482954183,1,-0.20522987482954172
2026-08-12,2023,2023-06-20,-0.4959508489799285,1,-0.4959508489799284
2026-08-12,2023,2023-06-21,-0.5928578403633907,1,-0.5928578403633906
2026-08-12,2023,2023-06-22,-0.689764831746853,1,-0.6897648317468529
2026-08-12,2023,2023-06-23,-0.8189741535914693,1,-0.8189741535914692
2026-08-12,2023,2023-06-24,-0.6288900927739796,1,-0.6288900927739794
2026-08-12,2023,2023-06-25,-0.26114321442014227,1,-0.26114321442014216
2026-08-12,2023,2023-06-26,-0.2098324778772392,1,-0.20983247787723908
2026-08-12,2023,2023-06-27,-0.3666219283571203,1,-0.3666219283571202
2026-08-12,2023,2023-06-28,-0.01788345608503202,1,-0.01788345608503191
2026-08-12,2023,2023-06-29,0.33085501618705626,1,0.33085501618705637
2026-08-12,2023,2023-06-30,-0.33146235704479426,1,-0.33146235704479415
2026-08-12,2023,2023-07-01,-0.5585709501493274,1,-0.5585709501493273
2026-08-12,2023,2023-07-02,0.0011249499967168764,1,0.0011249499967169838
2026-08-12,2023,2023-07-03,0.17406556570717505,1,0.17406556570717516
2026-08-12,2023,2023-07-04,-0.10435376394026115,1,-0.10435376394026104
2026-08-12,2023,2023-07-05,-0.38277309358769734,1,-0.38277309358769723
2026-08-12,2023,2023-07-06,-0.03403462131560906,1,-0.03403462131560896
2026-08-12,2023,2023-07-07,0.17406556570717505,1,0.17406556570717516
2026-08-12,2023,2023-07-08,-0.1395133352525872,1,-0.13951333525258708
2026-08-12,2023,2023-07-09,0.5418124440610124,1,0.5418124440610125
2026-08-12,2023,2023-07-10,1.9557747392311142,1,1.9557747392311142
2026-08-12,2023,2023-07-11,2.218042903647973,1,2.218042903647973
2026-08-12,2023,2023-07-12,1.7125149808960043,1,1.7125149808960043
2026-08-12,2023,2023-07-13,0.4363337301240342,1,0.4363337301240343
2026-08-12,2023,2023-07-14,0.138905994394849,1,0.1389059943948491
2026-08-12,2023,2023-07-15,0.6219347866720185,1,0.6219347866720186
2026-08-12,2023,2023-07-16,2.294674521865929,1,2.294674521865929
2026-08-12,2023,2023-07-17,2.7128594556644066,1,2.7128594556644066
2026-08-12,2023,2023-07-18,2.6748426435009085,1,2.6748426435009085
2026-08-12,2023,2023-07-19,1.2682205934514836,1,1.2682205934514836
2026-08-12,2023,2023-07-20,0.4318507258545286,1,0.4318507258545287
2026-08-12,2023,2023-07-21,0.12771622854654494,1,0.12771622854654505
2026-08-12,2023,2023-07-22,0.08969941638304715,1,0.08969941638304726
2026-08-12,2023,2023-07-23,0.6599515988355165,1,0.6599515988355166
2026-08-12,2023,2023-07-24,0.8500356596530064,1,0.8500356596530065
2026-08-12,2023,2023-07-25,1.040119720470496,1,1.040119720470496
2026-08-12,2023,2023-07-26,1.2682205934514836,1,1.2682205934514836
2026-08-12,2023,2023-07-27,1.3442542177784795,1,1.3442542177784795
2026-08-12,2023,2023-07-28,1.15417015696099,1,1.15417015696099
2026-08-12,2023,2023-07-29,1.6103719029229653,1,1.6103719029229653
2026-08-12,2023,2023-07-30,2.4467417705199206,1,2.4467417705199206
2026-08-12,2023,2023-07-31,1.876489588067451,1,1.876489588067451
2026-08-12,2023,2023-08-01,0.5839179745085207,1,0.5839179745085208
2026-08-12,2023,2023-08-02,2.370708146192925,1,2.370708146192925
2026-08-12,2023,2023-08-03,2.332691334029427,1,2.332691334029427
2026-08-12,2023,2023-08-04,2.5227753948469163,1,2.5227753948469163
2026-08-12,2023,2023-08-05,2.484758582683418,1,2.484758582683418
2026-08-12,2023,2023-08-06,2.7888930799914027,1,2.7888930799914027
2026-08-12,2023,2023-08-07,1.8384727759039534,1,1.8384727759039534
2026-08-12,2023,2023-08-08,0.7359852231625124,1,0.7359852231625125
2026-08-12,2023,2023-08-09,0.05168260421954913,1,0.05168260421954923
2026-08-12,2023,2023-08-10,0.05168260421954913,1,0.05168260421954923
2026-08-12,2023,2023-08-11,-0.062367832270944695,1,-0.06236783227094459
2026-08-12,2023,2023-08-12,0.3558171015275328,1,0.35581710152753293
2026-08-12,2023,2023-08-13,0.46986753801802666,1,0.4698675380180268
2026-08-12,2023,2023-08-14,-0.10038464443444271,1,-0.1003846444344426
2026-08-12,2023,2023-08-15,-0.21443508092493654,1,-0.21443508092493643
2026-08-12,2023,2023-08-16,-0.21443508092493654,1,-0.21443508092493643
2026-08-12,2023,2023-08-17,1.2715458765036154,1,1.2715458765036154
2026-08-12,2023,2023-08-18,1.570676937037802,1,1.570676937037802
2026-08-12,2023,2023-08-19,2.255977140896405,1,2.255977140896405
2026-08-12,2023,2023-08-20,2.0275437396102034,1,2.0275437396102034
2026-08-12,2023,2023-08-21,1.6767234259097805,1,1.6767234259097805
2026-08-12,2023,2023-08-22,0.8146790739312136,1,0.8146790739312137
2026-08-12,2023,2023-08-23,1.0784613048414071,1,1.0784613048414071
2026-08-12,2023,2023-08-24,0.7276409911409839,1,0.727640991140984
2026-08-12,2023,2023-08-25,0.09403004044861789,1,0.094030040448618
2026-08-12,2023,2023-08-26,-0.1344033608375829,1,-0.13440336083758278
2026-08-12,2023,2023-08-27,-0.18609261400381963,1,-0.18609261400381952
2026-08-12,2023,2023-08-28,-0.1697521904615758,1,-0.1697521904615757
2026-08-12,2023,2023-08-29,0.8500279035552065,1,0.8500279035552066
2026-08-12,2023,2023-08-30,0.39316110098280455,1,0.39316110098280466
2026-08-12,2023,2023-08-31,-0.1697521904615758,1,-0.1697521904615757
2026-08-12,2023,2023-09-01,-0.32748793249979097,1,-0.32748793249979086
2026-08-12,2023,2023-09-02,-0.20510102008556852,1,-0.2051010200855684
2026-08-12,2023,2023-09-03,-0.25679027325180537,1,-0.25679027325180526
2026-08-12,2023,2023-09-04,-0.32748793249979097,1,-0.32748793249979086
2026-08-12,2023,2023-09-05,-0.25679027325180537,1,-0.25679027325180526
2026-08-12,2023,2023-09-06,-0.6783082462002143,1,-0.6783082462002142
2026-08-12,2023,2023-09-07,-0.7513413596824919,1,-0.7513413596824918
2026-08-12,2023,2023-09-08,-0.8493839009359552,1,-0.8493839009359551
2026-08-12,2023,2023-09-09,-0.7513413596824919,1,-0.7513413596824918
2026-08-12,2023,2023-09-10,-0.5552562771755656,1,-0.5552562771755655
2026-08-12,2023,2023-09-11,-0.620617971344541,1,-0.6206179713445409
2026-08-12,2023,2023-09-12,-0.5879371242600533,1,-0.5879371242600532
2026-08-12,2023,2023-09-13,-0.5879371242600533,1,-0.5879371242600532
2026-08-12,2023,2023-09-14,-0.5879371242600533,1,-0.5879371242600532
2026-08-12,2023,2023-09-15,-0.7186605125980043,1,-0.7186605125980042
2026-08-12,2023,2023-09-16,-0.42453288883761475,1,-0.42453288883761464
2026-08-12,2023,2023-09-17,-0.3264903475841516,1,-0.32649034758415146
2026-08-12,2023,2023-09-18,-0.3591711946686393,1,-0.35917119466863917
2026-08-12,2023,2023-09-19,-0.48989458300659017,1,-0.48989458300659006
2026-08-12,2023,2023-09-20,-0.6859796655135165,1,-0.6859796655135164
2026-08-12,2023,2023-09-21,-0.7840222067669798,1,-0.7840222067669796
2026-08-12,2023,2023-09-22,-0.8493839009359552,1,-0.8493839009359551
2026-08-12,2023,2023-09-23,-0.8820647480204429,1,-0.8820647480204428
2026-08-12,2023,2023-09-24,-0.8820647480204429,1,-0.8820647480204428
2026-08-12,2023,2023-09-25,-0.8820647480204429,1,-0.8820647480204428
2026-08-12,2023,2023-09-26,-0.8493839009359552,1,-0.8493839009359551
2026-08-12,2023,2023-09-27,-0.8493839009359552,1,-0.8493839009359551
2026-08-12,2023,2023-09-28,-0.7840222067669798,1,-0.7840222067669796
2026-08-12,2023,2023-09-29,-0.8820647480204429,1,-0.8820647480204428
2026-08-12,2023,2023-09-30,-0.7840222067669798,1,-0.7840222067669796
2026-08-12,2024,2024-05-01,-0.7376761922627034,1,-0.737676192262703
2026-08-12,2024,2024-05-02,-0.7376761922627034,1,-0.737676192262703
2026-08-12,2024,2024-05-03,-0.7783415558383066,1,-0.7783415558383061
2026-08-12,2024,2024-05-04,-0.6156801015358941,1,-0.6156801015358937
2026-08-12,2024,2024-05-05,-0.6156801015358941,1,-0.6156801015358937
2026-08-12,2024,2024-05-06,-0.7783415558383066,1,-0.7783415558383061
2026-08-12,2024,2024-05-07,-0.7376761922627034,1,-0.737676192262703
2026-08-12,2024,2024-05-08,-0.7376761922627034,1,-0.737676192262703
2026-08-12,2024,2024-05-09,-0.7783415558383066,1,-0.7783415558383061
2026-08-12,2024,2024-05-10,-0.7376761922627034,1,-0.737676192262703
2026-08-12,2024,2024-05-11,-0.7376761922627034,1,-0.737676192262703
2026-08-12,2024,2024-05-12,-0.7783415558383066,1,-0.7783415558383061
2026-08-12,2024,2024-05-13,-0.6970108286871003,1,-0.6970108286870998
2026-08-12,2024,2024-05-14,-0.7376761922627034,1,-0.737676192262703
2026-08-12,2024,2024-05-15,-0.6970108286871003,1,-0.6970108286870998
2026-08-12,2024,2024-05-16,-0.7376761922627034,1,-0.737676192262703
2026-08-12,2024,2024-05-17,-0.6970108286871003,1,-0.6970108286870998
2026-08-12,2024,2024-05-18,-0.6156801015358941,1,-0.6156801015358937
2026-08-12,2024,2024-05-19,-0.7376761922627034,1,-0.737676192262703
2026-08-12,2024,2024-05-20,-0.6970108286871003,1,-0.6970108286870998
2026-08-12,2024,2024-05-21,-0.6563454651114972,1,-0.6563454651114967
2026-08-12,2024,2024-05-22,-0.6970108286871003,1,-0.6970108286870998
2026-08-12,2024,2024-05-23,-0.6563454651114972,1,-0.6563454651114967
2026-08-12,2024,2024-05-24,-0.6563454651114972,1,-0.6563454651114967
2026-08-12,2024,2024-05-25,-0.7376761922627034,1,-0.737676192262703
2026-08-12,2024,2024-05-26,-0.6970108286871003,1,-0.6970108286870998
2026-08-12,2024,2024-05-27,-0.7376761922627034,1,-0.737676192262703
2026-08-12,2024,2024-05-28,-0.6970108286871003,1,-0.6970108286870998
2026-08-12,2024,2024-05-29,-0.6970108286871003,1,-0.6970108286870998
2026-08-12,2024,2024-05-30,-0.6563454651114972,1,-0.6563454651114967
2026-08-12,2024,2024-05-31,-0.7783415558383066,1,-0.7783415558383061
2026-08-12,2024,2024-06-01,-0.7376761922627034,1,-0.737676192262703
2026-08-12,2024,2024-06-02,-0.7783415558383066,1,-0.7783415558383061
2026-08-12,2024,2024-06-03,-0.6970108286871003,1,-0.6970108286870998
2026-08-12,2024,2024-06-04,-0.6563454651114972,1,-0.6563454651114967
2026-08-12,2024,2024-06-05,-0.6563454651114972,1,-0.6563454651114967
2026-08-12,2024,2024-06-06,-0.6970108286871003,1,-0.6970108286870998
2026-08-12,2024,2024-06-07,-0.6970108286871003,1,-0.6970108286870998
2026-08-12,2024,2024-06-08,-0.6563454651114972,1,-0.6563454651114967
2026-08-12,2024,2024-06-09,-0.7376761922627034,1,-0.737676192262703
2026-08-12,2024,2024-06-10,-0.6563454651114972,1,-0.6563454651114967
2026-08-12,2024,2024-06-11,-0.5343493743846879,1,-0.5343493743846874
2026-08-12,2024,2024-06-12,-0.49368401080908475,1,-0.4936840108090843
2026-08-12,2024,2024-06-13,-0.575014737960291,1,-0.5750147379602906
2026-08-12,2024,2024-06-14,-0.3716879200822754,1,-0.37168792008227497
2026-08-12,2024,2024-06-15,-0.4530186472334817,1,-0.45301864723348123
2026-08-12,2024,2024-06-16,-0.41235328365787854,1,-0.4123532836578781
2026-08-12,2024,2024-06-17,-0.41235328365787854,1,-0.4123532836578781
2026-08-12,2024,2024-06-18,-0.575014737960291,1,-0.5750147379602906
2026-08-12,2024,2024-06-19,-0.4530186472334817,1,-0.45301864723348123
2026-08-12,2024,2024-06-20,-0.49368401080908475,1,-0.4936840108090843
2026-08-12,2024,2024-06-21,-0.6970108286871003,1,-0.6970108286870998
2026-08-12,2024,2024-06-22,-0.6563454651114972,1,-0.6563454651114967
2026-08-12,2024,2024-06-23,-0.6563454651114972,1,-0.6563454651114967
2026-08-12,2024,2024-06-24,-0.12769573862865674,1,-0.1276957386286563
2026-08-12,2024,2024-06-25,-0.20902646577986297,1,-0.20902646577986253
2026-08-12,2024,2024-06-26,-0.33102255650667234,1,-0.3310225565066719
2026-08-12,2024,2024-06-27,-0.49368401080908475,1,-0.4936840108090843
2026-08-12,2024,2024-06-28,2.1902299851807205,1,2.190229985180721
2026-08-12,2024,2024-06-29,0.15696180640056503,1,0.15696180640056548
2026-08-12,2024,2024-06-30,-0.575014737960291,1,-0.5750147379602906
2026-08-12,2024,2024-07-01,1.3362573500930552,1,1.3362573500930557
2026-08-12,2024,2024-07-02,1.4582534408198646,1,1.458253440819865
2026-08-12,2024,2024-07-03,1.295591986517452,1,1.2955919865174526
2026-08-12,2024,2024-07-04,2.1902299851807205,1,2.190229985180721
2026-08-12,2024,2024-07-05,1.986903167302705,1,1.9869031673027056
2026-08-12,2024,2024-07-06,2.8408758023903706,1,2.840875802390371
2026-08-12,2024,2024-07-07,3.206864074570799,1,3.2068640745707993
2026-08-12,2024,2024-07-08,3.0848679838439894,1,3.08486798384399
2026-08-12,2024,2024-07-09,1.580249531546674,1,1.5802495315466745
2026-08-12,2024,2024-07-10,0.4009539878541837,1,0.4009539878541841
2026-08-12,2024,2024-07-11,-0.08703037505305364,1,-0.0870303750530532
2026-08-12,2024,2024-07-12,-0.4530186472334817,1,-0.45301864723348123
2026-08-12,2024,2024-07-13,-0.33102255650667234,1,-0.3310225565066719
2026-08-12,2024,2024-07-14,1.6615802586978803,1,1.6615802586978807
2026-08-12,2024,2024-07-15,1.1329305322150398,1,1.1329305322150403
2026-08-12,2024,2024-07-16,-0.04636501147745053,1,-0.04636501147745009
2026-08-12,2024,2024-07-17,-0.2496918293554661,1,-0.24969182935546566
2026-08-12,2024,2024-07-18,-0.0056996479018474175,1,-0.005699647901846978
2026-08-12,2024,2024-07-19,1.0515998050638335,1,1.051599805063834
2026-08-12,2024,2024-07-20,1.2142612593662458,1,1.2142612593662463
2026-08-12,2024,2024-07-21,2.1902299851807205,1,2.190229985180721
2026-08-12,2024,2024-07-22,2.7188797116635612,1,2.7188797116635617
2026-08-12,2024,2024-07-23,1.254926622941849,1,1.2549266229418494
2026-08-12,2024,2024-07-24,0.3602886242785806,1,0.36028862427858105
2026-08-12,2024,2024-07-25,1.2142612593662458,1,1.2142612593662463
2026-08-12,2024,2024-07-26,1.295591986517452,1,1.2955919865174526
2026-08-12,2024,2024-07-27,1.8649070765758957,1,1.8649070765758962
2026-08-12,2024,2024-07-28,2.1495646216051174,1,2.149564621605118
2026-08-12,2024,2024-07-29,2.31222607590753,1,2.3122260759075304
2026-08-12,2024,2024-07-30,1.580249531546674,1,1.5802495315466745
2026-08-12,2024,2024-07-31,0.5229500785809931,1,0.5229500785809935
2026-08-12,2024,2024-08-01,1.0109344414882304,1,1.0109344414882309
2026-08-12,2024,2024-08-02,1.1329305322150398,1,1.1329305322150403
2026-08-12,2024,2024-08-03,0.8482729871858179,1,0.8482729871858183
2026-08-12,2024,2024-08-04,2.1495646216051174,1,2.149564621605118
2026-08-12,2024,2024-08-05,1.295591986517452,1,1.2955919865174526
2026-08-12,2024,2024-08-06,0.3196232607029775,1,0.3196232607029779
2026-08-12,2024,2024-08-07,-0.08703037505305364,1,-0.0870303750530532
2026-08-12,2024,2024-08-08,0.7669422600346117,1,0.7669422600346122
2026-08-12,2024,2024-08-09,0.9702690779126273,1,0.9702690779126277
2026-08-12,2024,2024-08-10,1.1329305322150398,1,1.1329305322150403
2026-08-12,2024,2024-08-11,1.6209148951222772,1,1.6209148951222776
2026-08-12,2024,2024-08-12,1.539584167971071,1,1.5395841679710713
2026-08-12,2024,2024-08-13,0.7262768964590086,1,0.7262768964590091
2026-08-12,2024,2024-08-14,0.0756310792493588,1,0.07563107924935925
2026-08-12,2024,2024-08-15,-0.33102255650667234,1,-0.3310225565066719
2026-08-12,2024,2024-08-16,-0.49368401080908475,1,-0.4936840108090843
2026-08-12,2024,2024-08-17,0.8414954265299088,1,0.8414954265299093
2026-08-12,2024,2024-08-18,1.056118178726484,1,1.0561181787264844
2026-08-12,2024,2024-08-19,1.4085513297030492,1,1.4085513297030496
2026-08-12,2024,2024-08-20,0.02818815504663468,1,0.028188155046635122
2026-08-12,2024,2024-08-21,-0.37846548069500235,1,-0.3784654806950019
2026-08-12,2024,2024-08-22,-0.4530186472478757,1,-0.4530186472478753
2026-08-12,2024,2024-08-23,-0.4530186472478757,1,-0.4530186472478753
2026-08-12,2024,2024-08-24,-0.2383958950513005,1,-0.23839589505130004
2026-08-12,2024,2024-08-25,-0.2067672789377422,1,-0.20676727893774174
2026-08-12,2024,2024-08-26,-0.441722712922119,1,-0.44172271292211857
2026-08-12,2024,2024-08-27,-0.6134209146793792,1,-0.6134209146793788
2026-08-12,2024,2024-08-28,-0.6563454651186943,1,-0.6563454651186938
2026-08-12,2024,2024-08-29,-0.6879740812322526,1,-0.6879740812322521
2026-08-12,2024,2024-08-30,-0.7421945659973244,1,-0.7421945659973239
2026-08-12,2024,2024-08-31,-0.6992700155580093,1,-0.6992700155580088
2026-08-12,2024,2024-09-01,-0.5817922985658209,1,-0.5817922985658205
2026-08-12,2024,2024-09-02,-0.6134209146793792,1,-0.6134209146793788
2026-08-12,2024,2024-09-03,-0.7308986316715677,1,-0.7308986316715672
2026-08-12,2024,2024-09-04,-0.7308986316715677,1,-0.7308986316715672
2026-08-12,2024,2024-09-05,-0.667641399444451,1,-0.6676413994444506
2026-08-12,2024,2024-09-06,-0.5817922985658209,1,-0.5817922985658205
2026-08-12,2024,2024-09-07,-0.5207942532168104,1,-0.5207942532168099
2026-08-12,2024,2024-09-08,-0.1367324861410809,1,-0.13673248614108047
2026-08-12,2024,2024-09-09,-0.5433861218683238,1,-0.5433861218683234
2026-08-12,2024,2024-09-10,-0.5433861218683238,1,-0.5433861218683234
2026-08-12,2024,2024-09-11,-0.47561051591378334,1,-0.4756105159137829
2026-08-12,2024,2024-09-12,-0.45301864726226987,1,-0.4530186472622694
2026-08-12,2024,2024-09-13,0.49583983610129684,1,0.4958398361012973
2026-08-12,2024,2024-09-14,-0.11414061748956747,1,-0.11414061748956703
2026-08-12,2024,2024-09-15,-0.47561051591378334,1,-0.4756105159137829
2026-08-12,2024,2024-09-16,-0.6789373337774048,1,-0.6789373337774044
2026-08-12,2024,2024-09-17,-0.5207942532168104,1,-0.5207942532168099
2026-08-12,2024,2024-09-18,-0.5433861218683238,1,-0.5433861218683234
2026-08-12,2024,2024-09-19,0.541023573404324,1,0.5410235734043245
2026-08-12,2024,2024-09-20,-0.29487556670167536,1,-0.2948755667016749
2026-08-12,2024,2024-09-21,-0.6789373337774048,1,-0.6789373337774044
2026-08-12,2024,2024-09-22,-0.7467129397319454,1,-0.746712939731945
2026-08-12,2024,2024-09-23,-0.7918966770349722,1,-0.7918966770349718
2026-08-12,2024,2024-09-24,-0.7918966770349722,1,-0.7918966770349718
2026-08-12,2024,2024-09-25,-0.7693048083834588,1,-0.7693048083834584
2026-08-12,2024,2024-09-26,-0.7918966770349722,1,-0.7918966770349718
2026-08-12,2024,2024-09-27,-0.8144885456864858,1,-0.8144885456864853
2026-08-12,2024,2024-09-28,-0.8144885456864858,1,-0.8144885456864853
2026-08-12,2024,2024-09-29,-0.8144885456864858,1,-0.8144885456864853
2026-08-12,2024,2024-09-30,-0.7918966770349722,1,-0.7918966770349718
2026-08-12,2025,2025-05-01,-0.856657093392651,1,-0.8566570933926505
2026-08-12,2025,2025-05-02,-0.9358759622235534,1,-0.9358759622235528
2026-08-12,2025,2025-05-03,-0.9754853966390046,1,-0.975485396639004
2026-08-12,2025,2025-05-04,-1.0150948310544559,1,-1.0150948310544552
2026-08-12,2025,2025-05-05,-0.9358759622235534,1,-0.9358759622235528
2026-08-12,2025,2025-05-06,-0.9754853966390046,1,-0.975485396639004
2026-08-12,2025,2025-05-07,-0.856657093392651,1,-0.8566570933926505
2026-08-12,2025,2025-05-08,-0.8170476589771998,1,-0.8170476589771993
2026-08-12,2025,2025-05-09,-0.856657093392651,1,-0.8566570933926505
2026-08-12,2025,2025-05-10,-0.9754853966390046,1,-0.975485396639004
2026-08-12,2025,2025-05-11,-0.9358759622235534,1,-0.9358759622235528
2026-08-12,2025,2025-05-12,-0.856657093392651,1,-0.8566570933926505
2026-08-12,2025,2025-05-13,-0.698219355730846,1,-0.6982193557308456
2026-08-12,2025,2025-05-14,-0.6586099213153949,1,-0.6586099213153944
2026-08-12,2025,2025-05-15,-0.698219355730846,1,-0.6982193557308456
2026-08-12,2025,2025-05-16,-0.7378287901462973,1,-0.7378287901462969
2026-08-12,2025,2025-05-17,-0.8962665278081022,1,-0.8962665278081017
2026-08-12,2025,2025-05-18,-0.856657093392651,1,-0.8566570933926505
2026-08-12,2025,2025-05-19,-0.6586099213153949,1,-0.6586099213153944
2026-08-12,2025,2025-05-20,-0.3021250115763338,1,-0.3021250115763336
2026-08-12,2025,2025-05-21,-0.2625155771608826,1,-0.26251557716088236
2026-08-12,2025,2025-05-22,-0.4605627492381387,1,-0.4605627492381384
2026-08-12,2025,2025-05-23,-0.6586099213153949,1,-0.6586099213153944
2026-08-12,2025,2025-05-24,-0.9754853966390046,1,-0.975485396639004
2026-08-12,2025,2025-05-25,-0.9358759622235534,1,-0.9358759622235528
2026-08-12,2025,2025-05-26,-0.6586099213153949,1,-0.6586099213153944
2026-08-12,2025,2025-05-27,-0.698219355730846,1,-0.6982193557308456
2026-08-12,2025,2025-05-28,-0.5793910524844924,1,-0.5793910524844921
2026-08-12,2025,2025-05-29,-0.6586099213153949,1,-0.6586099213153944
2026-08-12,2025,2025-05-30,-0.6586099213153949,1,-0.6586099213153944
2026-08-12,2025,2025-05-31,-0.9358759622235534,1,-0.9358759622235528
2026-08-12,2025,2025-06-01,-0.7774382245617485,1,-0.777438224561748
2026-08-12,2025,2025-06-02,-0.4605627492381387,1,-0.4605627492381384
2026-08-12,2025,2025-06-03,-0.5397816180690411,1,-0.5397816180690408
2026-08-12,2025,2025-06-04,-0.4605627492381387,1,-0.4605627492381384
2026-08-12,2025,2025-06-05,-0.4209533148226875,1,-0.4209533148226872
2026-08-12,2025,2025-06-06,-0.5397816180690411,1,-0.5397816180690408
2026-08-12,2025,2025-06-07,-0.7378287901462973,1,-0.7378287901462969
2026-08-12,2025,2025-06-08,-0.7774382245617485,1,-0.777438224561748
2026-08-12,2025,2025-06-09,-0.5793910524844924,1,-0.5793910524844921
2026-08-12,2025,2025-06-10,-0.6586099213153949,1,-0.6586099213153944
2026-08-12,2025,2025-06-11,-0.7378287901462973,1,-0.7378287901462969
2026-08-12,2025,2025-06-12,-0.6586099213153949,1,-0.6586099213153944
2026-08-12,2025,2025-06-13,-0.698219355730846,1,-0.6982193557308456
2026-08-12,2025,2025-06-14,-0.8962665278081022,1,-0.8962665278081017
2026-08-12,2025,2025-06-15,-0.50017218365359,1,-0.5001721836535896
2026-08-12,2025,2025-06-16,0.29201650465543455,1,0.29201650465543455
2026-08-12,2025,2025-06-17,0.9653768897181054,1,0.9653768897181051
2026-08-12,2025,2025-06-18,0.9257674553026541,1,0.9257674553026538
2026-08-12,2025,2025-06-19,0.5692825455635931,1,0.569282545563593
2026-08-12,2025,2025-06-20,0.05435989816272722,1,0.05435989816272732
2026-08-12,2025,2025-06-21,-0.18329670832998013,1,-0.1832967083299799
2026-08-12,2025,2025-06-22,0.014750463747275993,1,0.014750463747276114
2026-08-12,2025,2025-06-23,-0.1436872739145289,1,-0.1436872739145287
2026-08-12,2025,2025-06-24,-0.38134388040723627,1,-0.381343880407236
2026-08-12,2025,2025-06-25,-0.38134388040723627,1,-0.381343880407236
2026-08-12,2025,2025-06-26,-0.3021250115763338,1,-0.3021250115763336
2026-08-12,2025,2025-06-27,-0.22290614274543136,1,-0.2229061427454311
2026-08-12,2025,2025-06-28,-0.18329670832998013,1,-0.1832967083299799
2026-08-12,2025,2025-06-29,-0.02485897066817523,1,-0.024858970668175093
2026-08-12,2025,2025-06-30,0.1731882014090809,1,0.17318820140908095
2026-08-12,2025,2025-07-01,0.1731882014090809,1,0.17318820140908095
2026-08-12,2025,2025-07-02,0.13357876699362967,1,0.13357876699362975
2026-08-12,2025,2025-07-03,0.014750463747275993,1,0.014750463747276114
2026-08-12,2025,2025-07-04,0.05435989816272722,1,0.05435989816272732
2026-08-12,2025,2025-07-05,2.1140504877661908,1,2.11405048776619
2026-08-12,2025,2025-07-06,2.4309259630898006,1,2.4309259630897997
2026-08-12,2025,2025-07-07,2.9062391760752155,1,2.906239176075214
2026-08-12,2025,2025-07-08,2.7478014384134104,1,2.747801438413409
2026-08-12,2025,2025-07-09,2.312097659843447,1,2.312097659843446
2026-08-12,2025,2025-07-10,0.8465485864717517,1,0.8465485864717515
2026-08-12,2025,2025-07-11,-0.3021250115763338,1,-0.3021250115763336
2026-08-12,2025,2025-07-12,-0.6586099213153949,1,-0.6586099213153944
2026-08-12,2025,2025-07-13,-0.4209533148226875,1,-0.4209533148226872
2026-08-12,2025,2025-07-14,-0.38134388040723627,1,-0.381343880407236
2026-08-12,2025,2025-07-15,-0.50017218365359,1,-0.5001721836535896
2026-08-12,2025,2025-07-16,-0.5793910524844924,1,-0.5793910524844921
2026-08-12,2025,2025-07-17,-0.38134388040723627,1,-0.381343880407236
2026-08-12,2025,2025-07-18,-0.38134388040723627,1,-0.381343880407236
2026-08-12,2025,2025-07-19,-0.38134388040723627,1,-0.381343880407236
2026-08-12,2025,2025-07-20,0.9653768897181054,1,0.9653768897181051
2026-08-12,2025,2025-07-21,1.7179561436116786,1,1.7179561436116781
2026-08-12,2025,2025-07-22,2.1140504877661908,1,2.11405048776619
2026-08-12,2025,2025-07-23,1.8763938812734835,1,1.8763938812734828
2026-08-12,2025,2025-07-24,1.7971750124425812,1,1.7971750124425805
2026-08-12,2025,2025-07-25,1.8763938812734835,1,1.8763938812734828
2026-08-12,2025,2025-07-26,0.6881108488099468,1,0.6881108488099466
2026-08-12,2025,2025-07-27,0.9653768897181054,1,0.9653768897181051
2026-08-12,2025,2025-07-28,1.7179561436116786,1,1.7179561436116781
2026-08-12,2025,2025-07-29,0.6485014143944956,1,0.6485014143944954
2026-08-12,2025,2025-07-30,-0.10407783949907769,1,-0.10407783949907752
2026-08-12,2025,2025-07-31,-0.2625155771608826,1,-0.26251557716088236
2026-08-12,2025,2025-08-01,-0.4209533148226875,1,-0.4209533148226872
2026-08-12,2025,2025-08-02,0.41084480790178823,1,0.4108448079017882
2026-08-12,2025,2025-08-03,1.8763938812734835,1,1.8763938812734828
2026-08-12,2025,2025-08-04,1.955612750104386,1,1.9556127501043854
2026-08-12,2025,2025-08-05,2.5893637007516057,1,2.5893637007516044
2026-08-12,2025,2025-08-06,2.628973135167057,1,2.6289731351670556
2026-08-12,2025,2025-08-07,0.6881108488099468,1,0.6881108488099466
2026-08-12,2025,2025-08-08,-0.1436872739145289,1,-0.1436872739145287
2026-08-12,2025,2025-08-09,-0.50017218365359,1,-0.5001721836535896
2026-08-12,2025,2025-08-10,-0.7378287901462973,1,-0.7378287901462969
2026-08-12,2025,2025-08-11,-0.7378287901462973,1,-0.7378287901462969
2026-08-12,2025,2025-08-12,-0.698219355730846,1,-0.6982193557308456
2026-08-12,2025,2025-08-13,-0.5793910524844924,1,-0.5793910524844921
2026-08-12,2025,2025-08-14,-0.6190004868999436,1,-0.6190004868999432
2026-08-12,2025,2025-08-15,-0.5397816180690411,1,-0.5397816180690408
2026-08-12,2025,2025-08-16,0.5692825455635931,1,0.569282545563593
2026-08-12,2025,2025-08-17,1.3519697338524568,1,1.3519697338524563
2026-08-12,2025,2025-08-18,1.6387426278589194,1,1.638742627858919
2026-08-12,2025,2025-08-19,1.285425776972936,1,1.2854257769729356
2026-08-12,2025,2025-08-20,1.5119921700755687,1,1.5119921700755683
2026-08-12,2025,2025-08-21,1.0453921226382688,1,1.0453921226382685
2026-08-12,2025,2025-08-22,1.0786641010780291,1,1.078664101078029
2026-08-12,2025,2025-08-23,1.4319809519640128,1,1.4319809519640123
2026-08-12,2025,2025-08-24,1.6387426278589194,1,1.638742627858919
2026-08-12,2025,2025-08-25,1.2386865373011409,1,1.2386865373011406
2026-08-12,2025,2025-08-26,0.9653809045267129,1,0.9653809045267125
2026-08-12,2025,2025-08-27,0.05198552685983903,1,0.051985526859839135
2026-08-12,2025,2025-08-28,-0.5278977171287771,1,-0.5278977171287768
2026-08-12,2025,2025-08-29,0.35856313807402707,1,0.358563138074027
2026-08-12,2025,2025-08-30,1.365436995084492,1,1.3654369950844916
2026-08-12,2025,2025-08-31,1.365436995084492,1,1.3654369950844916
2026-08-12,2025,2025-09-01,1.1119360795177897,1,1.1119360795177895
2026-08-12,2025,2025-09-02,0.9321089260869525,1,0.9321089260869522
2026-08-12,2025,2025-09-03,0.0052462871880436706,1,0.0052462871880437955
2026-08-12,2025,2025-09-04,-0.734659393023684,1,-0.7346593930236835
2026-08-12,2025,2025-09-05,-0.8146706111352398,1,-0.8146706111352393
2026-08-12,2025,2025-09-06,-0.7481266542557188,1,-0.7481266542557183
2026-08-12,2025,2025-09-07,0.04961115555695071,1,0.049611155556950816
2026-08-12,2025,2025-09-08,1.126992054119739,1,1.1269920541197387
2026-08-12,2025,2025-09-09,-0.21973406908374638,1,-0.21973406908374613
2026-08-12,2025,2025-09-10,-0.7314899959010707,1,-0.7314899959010702
2026-08-12,2025,2025-09-11,-0.8122935632932797,1,-0.8122935632932793
2026-08-12,2025,2025-09-12,-0.8930971306854889,1,-0.8930971306854883
2026-08-12,2025,2025-09-13,-0.8661626082214192,1,-0.8661626082214188
2026-08-12,2025,2025-09-14,-0.7853590408292102,1,-0.7853590408292097
2026-08-12,2025,2025-09-15,-0.7584245183651404,1,-0.7584245183651399
2026-08-12,2025,2025-09-16,-0.11199597922746751,1,-0.11199597922746733
2026-08-12,2025,2025-09-17,0.8576468294790417,1,0.8576468294790415
2026-08-12,2025,2025-09-18,-0.08506145676339776,1,-0.08506145676339759
2026-08-12,2025,2025-09-19,-0.8661626082214192,1,-0.8661626082214188
2026-08-12,2025,2025-09-20,-0.16586502415560686,1,-0.16586502415560664
2026-08-12,2025,2025-09-21,-0.13893050169153726,1,-0.13893050169153706
2026-08-12,2025,2025-09-22,-0.9200316531495586,1,-0.920031653149558
2026-08-12,2025,2025-09-23,-0.9469661756136282,1,-0.9469661756136276
2026-08-12,2025,2025-09-24,-0.9200316531495586,1,-0.920031653149558
2026-08-12,2025,2025-09-25,-0.9200316531495586,1,-0.920031653149558
2026-08-12,2025,2025-09-26,-0.8930971306854889,1,-0.8930971306854883
2026-08-12,2025,2025-09-27,-0.9469661756136282,1,-0.9469661756136276
2026-08-12,2025,2025-09-28,-0.9469661756136282,1,-0.9469661756136276
2026-08-12,2025,2025-09-29,-0.9469661756136282,1,-0.9469661756136276
2026-08-12,2025,2025-09-30,-0.9469661756136282,1,-0.9469661756136276
